status,status_order,impact,impact_order,workspace,plugin,support,name,version,ecosystem,dep_type,tree,risk,last_publish,deprecated,declared_in,notes
unmaintained,0,high,0,backstage,backstage-plugin-catalog-backend-module-github,generally-available,@octokit/webhooks-types,^7.6.1,npm,dependencies,overlays,runtime-prod,2024-10-03,TRUE,workspaces/backstage/metadata/backstage-plugin-catalog-backend-module-github.yaml,npm deprecated: Package no longer supported. Contact Support at https://www.npmjs.com/support for more info.
unmaintained,0,high,0,backstage,backstage-plugin-kubernetes,tech-preview,@material-ui/core,^4.12.2,npm,dependencies,overlays,runtime-prod,2022-04-03,TRUE,workspaces/backstage/metadata/backstage-plugin-kubernetes.yaml,npm deprecated: Material UI v4 doesn't receive active development since September 2021. See the guide https://mui.com/material-ui/migration/migration-v4/ to upgrade to v5.
unmaintained,0,high,0,backstage,backstage-plugin-signals,generally-available,@material-ui/core,^4.12.4,npm,dependencies,overlays,runtime-prod,2022-04-03,TRUE,workspaces/backstage/metadata/backstage-plugin-signals.yaml,npm deprecated: Material UI v4 doesn't receive active development since September 2021. See the guide https://mui.com/material-ui/migration/migration-v4/ to upgrade to v5.
unmaintained,0,high,0,backstage,backstage-plugin-techdocs,generally-available,@material-ui/core,^4.12.2,npm,dependencies,overlays,runtime-prod,2022-04-03,TRUE,workspaces/backstage/metadata/backstage-plugin-techdocs.yaml,npm deprecated: Material UI v4 doesn't receive active development since September 2021. See the guide https://mui.com/material-ui/migration/migration-v4/ to upgrade to v5.
unmaintained,0,high,0,backstage,backstage-plugin-techdocs,generally-available,@material-ui/lab,4.0.0-alpha.61,npm,dependencies,overlays,runtime-prod,2022-04-03,TRUE,workspaces/backstage/metadata/backstage-plugin-techdocs.yaml,npm deprecated: Material UI v4 doesn't receive active development since September 2021. See the guide https://mui.com/material-ui/migration/migration-v4/ to upgrade to v5.
unmaintained,0,high,0,backstage,backstage-plugin-techdocs,generally-available,@material-ui/styles,^4.10.0,npm,dependencies,overlays,runtime-prod,2022-04-03,TRUE,workspaces/backstage/metadata/backstage-plugin-techdocs.yaml,npm deprecated: Material UI v4 doesn't receive active development since September 2021. See the guide https://mui.com/material-ui/migration/migration-v4/ to upgrade to v5.
unmaintained,0,high,0,backstage,backstage-plugin-techdocs-module-addons-contrib,generally-available,@material-ui/core,^4.12.2,npm,dependencies,overlays,runtime-prod,2022-04-03,TRUE,workspaces/backstage/metadata/backstage-plugin-techdocs-module-addons-contrib.yaml,npm deprecated: Material UI v4 doesn't receive active development since September 2021. See the guide https://mui.com/material-ui/migration/migration-v4/ to upgrade to v5.
unmaintained,0,high,0,cost-management,cost-management,tech-preview,@material-ui/core,^4.12.2,npm,dependencies,overlays,runtime-prod,2022-04-03,TRUE,workspaces/cost-management/metadata/cost-management.yaml,npm deprecated: Material UI v4 doesn't receive active development since September 2021. See the guide https://mui.com/material-ui/migration/migration-v4/ to upgrade to v5.
unmaintained,0,high,0,cost-management,cost-management,tech-preview,@material-ui/lab,4.0.0-alpha.61,npm,dependencies,overlays,runtime-prod,2022-04-03,TRUE,workspaces/cost-management/metadata/cost-management.yaml,npm deprecated: Material UI v4 doesn't receive active development since September 2021. See the guide https://mui.com/material-ui/migration/migration-v4/ to upgrade to v5.
unmaintained,0,high,0,dynatrace-dql,dynatrace-backstage-plugin-dql,generally-available,@material-ui/core,^4.12.2,npm,dependencies,overlays,runtime-prod,2022-04-03,TRUE,workspaces/dynatrace-dql/metadata/dynatrace-backstage-plugin-dql.yaml,npm deprecated: Material UI v4 doesn't receive active development since September 2021. See the guide https://mui.com/material-ui/migration/migration-v4/ to upgrade to v5.
unmaintained,0,high,0,dynatrace-dql,dynatrace-backstage-plugin-dql,generally-available,@material-ui/lab,4.0.0-alpha.61,npm,dependencies,overlays,runtime-prod,2022-04-03,TRUE,workspaces/dynatrace-dql/metadata/dynatrace-backstage-plugin-dql.yaml,npm deprecated: Material UI v4 doesn't receive active development since September 2021. See the guide https://mui.com/material-ui/migration/migration-v4/ to upgrade to v5.
unmaintained,0,high,0,intelligent-assistant,rhdh-bsp-intelligent-assistant,generally-available,@material-ui/core,^4.9.13,npm,dependencies,overlays,runtime-prod,2022-04-03,TRUE,workspaces/intelligent-assistant/metadata/rhdh-bsp-intelligent-assistant.yaml,npm deprecated: Material UI v4 doesn't receive active development since September 2021. See the guide https://mui.com/material-ui/migration/migration-v4/ to upgrade to v5.
unmaintained,0,high,0,intelligent-assistant,rhdh-bsp-intelligent-assistant,generally-available,@mui/styles,5.18.0,npm,dependencies,overlays,runtime-prod,2025-03-17,TRUE,workspaces/intelligent-assistant/metadata/rhdh-bsp-intelligent-assistant.yaml,"npm deprecated: Deprecated, check the migration instruction in https://mui.com/material-ui/migration/migrating-from-jss/"
unmaintained,0,high,0,orchestrator,rhdh-bsp-orchestrator-form-widgets,generally-available,@mui/styles,5.18.0,npm,dependencies,overlays,runtime-prod,2025-03-17,TRUE,workspaces/orchestrator/metadata/rhdh-bsp-orchestrator-form-widgets.yaml,"npm deprecated: Deprecated, check the migration instruction in https://mui.com/material-ui/migration/migrating-from-jss/"
unmaintained,0,high,0,orchestrator,rhdh-bsp-orchestrator-form-widgets,generally-available,@rjsf/material-ui,^5.21.2,npm,dependencies,overlays,runtime-prod,2025-08-22,TRUE,workspaces/orchestrator/metadata/rhdh-bsp-orchestrator-form-widgets.yaml,npm deprecated: Package no longer supported. Contact Support at https://www.npmjs.com/support for more info.
unmaintained,0,high,0,rhdh-core,app-next,,@material-ui/core,4.12.4,npm,dependencies,root-workspace,runtime-prod,2022-04-03,TRUE,packages/app-next/package.json,npm deprecated: Material UI v4 doesn't receive active development since September 2021. See the guide https://mui.com/material-ui/migration/migration-v4/ to upgrade to v5.
unmaintained,0,high,0,rhdh-core,app-next,,@material-ui/lab,4.0.0-alpha.61,npm,dependencies,root-workspace,runtime-prod,2022-04-03,TRUE,packages/app-next/package.json,npm deprecated: Material UI v4 doesn't receive active development since September 2021. See the guide https://mui.com/material-ui/migration/migration-v4/ to upgrade to v5.
unmaintained,0,high,0,tech-radar,backstage-community-plugin-tech-radar,generally-available,@material-ui/core,^4.12.2,npm,dependencies,overlays,runtime-prod,2022-04-03,TRUE,workspaces/tech-radar/metadata/backstage-community-plugin-tech-radar.yaml,npm deprecated: Material UI v4 doesn't receive active development since September 2021. See the guide https://mui.com/material-ui/migration/migration-v4/ to upgrade to v5.
unmaintained,0,high,0,adoption-insights,rhdh-bsp-adoption-insights-backend,generally-available,express-promise-router,^4.1.0,npm,dependencies,overlays,runtime-prod,2021-11-30,FALSE,workspaces/adoption-insights/metadata/rhdh-bsp-adoption-insights-backend.yaml,
unmaintained,0,high,0,backstage,backstage-plugin-kubernetes-backend,generally-available,express-promise-router,^4.1.0,npm,dependencies,overlays,runtime-prod,2021-11-30,FALSE,workspaces/backstage/metadata/backstage-plugin-kubernetes-backend.yaml,
unmaintained,0,high,0,backstage,backstage-plugin-kubernetes-backend,generally-available,node-fetch,^2.7.0,npm,dependencies,overlays,runtime-prod,2023-07-25,FALSE,workspaces/backstage/metadata/backstage-plugin-kubernetes-backend.yaml,
unmaintained,0,high,0,backstage,backstage-plugin-notifications-backend,tech-preview,express-promise-router,^4.1.0,npm,dependencies,overlays,runtime-prod,2021-11-30,FALSE,workspaces/backstage/metadata/backstage-plugin-notifications-backend.yaml,
unmaintained,0,high,0,backstage,backstage-plugin-signals-backend,generally-available,express-promise-router,^4.1.0,npm,dependencies,overlays,runtime-prod,2021-11-30,FALSE,workspaces/backstage/metadata/backstage-plugin-signals-backend.yaml,
unmaintained,0,high,0,backstage,backstage-plugin-techdocs,generally-available,@material-ui/icons,^4.9.1,npm,dependencies,overlays,runtime-prod,2022-04-03,FALSE,workspaces/backstage/metadata/backstage-plugin-techdocs.yaml,
unmaintained,0,high,0,backstage,backstage-plugin-techdocs,generally-available,@microsoft/fetch-event-source,^2.0.1,npm,dependencies,overlays,runtime-prod,2021-04-25,FALSE,workspaces/backstage/metadata/backstage-plugin-techdocs.yaml,
unmaintained,0,high,0,backstage,backstage-plugin-techdocs,generally-available,react-helmet,6.1.0,npm,dependencies,overlays,runtime-prod,2020-06-08,FALSE,workspaces/backstage/metadata/backstage-plugin-techdocs.yaml,
unmaintained,0,high,0,backstage,backstage-plugin-techdocs-backend,generally-available,express-promise-router,^4.1.0,npm,dependencies,overlays,runtime-prod,2021-11-30,FALSE,workspaces/backstage/metadata/backstage-plugin-techdocs-backend.yaml,
unmaintained,0,high,0,backstage,backstage-plugin-techdocs-module-addons-contrib,generally-available,@material-ui/icons,^4.9.1,npm,dependencies,overlays,runtime-prod,2022-04-03,FALSE,workspaces/backstage/metadata/backstage-plugin-techdocs-module-addons-contrib.yaml,
unmaintained,0,high,0,bulk-import,red-hat-developer-hub-backstage-plugin-bulk-import-backend,tech-preview,just-kebab-case,4.2.0,npm,dependencies,overlays,runtime-prod,2022-12-17,FALSE,workspaces/bulk-import/metadata/red-hat-developer-hub-backstage-plugin-bulk-import-backend.yaml,
unmaintained,0,high,0,cost-management,cost-management,tech-preview,@material-ui/icons,^4.9.1,npm,dependencies,overlays,runtime-prod,2022-04-03,FALSE,workspaces/cost-management/metadata/cost-management.yaml,
unmaintained,0,high,0,cost-management,cost-management-backend,tech-preview,express-promise-router,^4.1.0,npm,dependencies,overlays,runtime-prod,2021-11-30,FALSE,workspaces/cost-management/metadata/cost-management-backend.yaml,
unmaintained,0,high,0,cost-management,cost-management-backend,tech-preview,node-fetch,^2.6.7,npm,dependencies,overlays,runtime-prod,2023-07-25,FALSE,workspaces/cost-management/metadata/cost-management-backend.yaml,
unmaintained,0,high,0,dynatrace-dql,dynatrace-backstage-plugin-dql,generally-available,@material-ui/icons,^4.9.1,npm,dependencies,overlays,runtime-prod,2022-04-03,FALSE,workspaces/dynatrace-dql/metadata/dynatrace-backstage-plugin-dql.yaml,
unmaintained,0,high,0,dynatrace-dql,dynatrace-backstage-plugin-dql-backend,generally-available,express-promise-router,^4.1.0,npm,dependencies,overlays,runtime-prod,2021-11-30,FALSE,workspaces/dynatrace-dql/metadata/dynatrace-backstage-plugin-dql-backend.yaml,
unmaintained,0,high,0,dynatrace-dql,dynatrace-backstage-plugin-dql-backend,generally-available,node-fetch,^2.6.7,npm,dependencies,overlays,runtime-prod,2023-07-25,FALSE,workspaces/dynatrace-dql/metadata/dynatrace-backstage-plugin-dql-backend.yaml,
unmaintained,0,high,0,extensions,rhdh-bsp-ctlg-backend-mod-extensions,tech-preview,find-root,^1.1.0,npm,dependencies,overlays,runtime-prod,2017-06-29,FALSE,workspaces/extensions/metadata/rhdh-bsp-ctlg-backend-mod-extensions.yaml,
unmaintained,0,high,0,extensions,rhdh-bsp-extensions-backend,tech-preview,express-promise-router,^4.1.0,npm,dependencies,overlays,runtime-prod,2021-11-30,FALSE,workspaces/extensions/metadata/rhdh-bsp-extensions-backend.yaml,
unmaintained,0,high,0,homepage,red-hat-developer-hub-backstage-plugin-homepage-backend,tech-preview,express-promise-router,^4.1.0,npm,dependencies,overlays,runtime-prod,2021-11-30,FALSE,workspaces/homepage/metadata/red-hat-developer-hub-backstage-plugin-homepage-backend.yaml,
unmaintained,0,high,0,orchestrator,rhdh-bsp-orchestrator,generally-available,json-schema,^0.4.0,npm,dependencies,overlays,runtime-prod,2021-11-09,FALSE,workspaces/orchestrator/metadata/rhdh-bsp-orchestrator.yaml,
unmaintained,0,high,0,orchestrator,rhdh-bsp-orchestrator-backend,generally-available,express-promise-router,^4.1.1,npm,dependencies,overlays,runtime-prod,2021-11-30,FALSE,workspaces/orchestrator/metadata/rhdh-bsp-orchestrator-backend.yaml,
unmaintained,0,high,0,orchestrator,rhdh-bsp-orchestrator-backend,generally-available,kafkajs,^2.2.4,npm,dependencies,overlays,runtime-prod,2023-02-27,FALSE,workspaces/orchestrator/metadata/rhdh-bsp-orchestrator-backend.yaml,
unmaintained,0,high,0,orchestrator,rhdh-bsp-orchestrator-form-widgets,generally-available,json-schema,^0.4.0,npm,dependencies,overlays,runtime-prod,2021-11-09,FALSE,workspaces/orchestrator/metadata/rhdh-bsp-orchestrator-form-widgets.yaml,
unmaintained,0,high,0,pingidentity,backstage-community-plugin-catalog-backend-module-pingidentity,tech-preview,node-fetch,^2.6.7,npm,dependencies,overlays,runtime-prod,2023-07-25,FALSE,workspaces/pingidentity/metadata/backstage-community-plugin-catalog-backend-module-pingidentity.yaml,
unmaintained,0,high,0,rbac,backstage-community-plugin-rbac,generally-available,autosuggest-highlight,^3.3.4,npm,dependencies,overlays,runtime-prod,2022-07-24,FALSE,workspaces/rbac/metadata/backstage-community-plugin-rbac.yaml,
unmaintained,0,high,0,rhdh-core,app-next,,@material-ui/icons,4.11.3,npm,dependencies,root-workspace,runtime-prod,2022-04-03,FALSE,packages/app-next/package.json,
unmaintained,0,high,0,rhdh-core,app-next,,history,5.3.0,npm,dependencies,root-workspace,runtime-prod,2022-02-22,FALSE,packages/app-next/package.json,
unmaintained,0,high,0,rhdh-core,app-next,,zen-observable,0.10.0,npm,dependencies,root-workspace,runtime-prod,2022-11-28,FALSE,packages/app-next/package.json,
unmaintained,0,high,0,rhdh-core,dynamic-plugins-info-backend,,node-fetch,2.7.0,npm,dependencies,root-workspace,runtime-prod,2023-07-25,FALSE,plugins/dynamic-plugins-info-backend/package.json,
unmaintained,0,high,0,rhdh-core,licensed-users-info-backend,,express-promise-router,4.1.1,npm,dependencies,root-workspace,runtime-prod,2021-11-30,FALSE,plugins/licensed-users-info-backend/package.json,
unmaintained,0,high,0,rhdh-core,licensed-users-info-backend,,node-fetch,2.7.0,npm,dependencies,root-workspace,runtime-prod,2023-07-25,FALSE,plugins/licensed-users-info-backend/package.json,
unmaintained,0,high,0,rhdh-core,scalprum-backend,,node-fetch,2.7.0,npm,dependencies,root-workspace,runtime-prod,2023-07-25,FALSE,plugins/scalprum-backend/package.json,
unmaintained,0,high,0,tech-radar,backstage-community-plugin-tech-radar,generally-available,@material-ui/icons,^4.9.1,npm,dependencies,overlays,runtime-prod,2022-04-03,FALSE,workspaces/tech-radar/metadata/backstage-community-plugin-tech-radar.yaml,
unmaintained,0,high,0,tech-radar,backstage-community-plugin-tech-radar,generally-available,d3-force,^3.0.0,npm,dependencies,overlays,runtime-prod,2021-06-05,FALSE,workspaces/tech-radar/metadata/backstage-community-plugin-tech-radar.yaml,
unmaintained,0,high,0,tech-radar,backstage-community-plugin-tech-radar-backend,generally-available,express-promise-router,^4.1.0,npm,dependencies,overlays,runtime-prod,2021-11-30,FALSE,workspaces/tech-radar/metadata/backstage-community-plugin-tech-radar-backend.yaml,
unmaintained,0,high,0,tech-radar,backstage-community-plugin-tech-radar-backend,generally-available,node-fetch,^2.6.7,npm,dependencies,overlays,runtime-prod,2023-07-25,FALSE,workspaces/tech-radar/metadata/backstage-community-plugin-tech-radar-backend.yaml,
unmaintained,0,medium,1,adoption-insights,rhdh-bsp-adoption-insights,generally-available,date-fns-tz,^2.0.1,npm,dependencies,overlays,runtime-prod,2024-09-30,FALSE,workspaces/adoption-insights/metadata/rhdh-bsp-adoption-insights.yaml,
unmaintained,0,medium,1,backstage,backstage-plugin-kubernetes-backend,generally-available,@aws-crypto/sha256-js,^5.0.0,npm,dependencies,overlays,runtime-prod,2023-10-16,FALSE,workspaces/backstage/metadata/backstage-plugin-kubernetes-backend.yaml,
unmaintained,0,medium,1,backstage,backstage-plugin-notifications,tech-preview,notistack,^3.0.1,npm,dependencies,overlays,runtime-prod,2025-01-18,FALSE,workspaces/backstage/metadata/backstage-plugin-notifications.yaml,
unmaintained,0,medium,1,backstage,backstage-plugin-notifications,tech-preview,react-relative-time,^0.0.9,npm,dependencies,overlays,runtime-prod,2023-09-02,FALSE,workspaces/backstage/metadata/backstage-plugin-notifications.yaml,
unmaintained,0,medium,1,backstage,backstage-plugin-techdocs-module-addons-contrib,generally-available,photoswipe,^5.3.7,npm,dependencies,overlays,runtime-prod,2024-05-24,FALSE,workspaces/backstage/metadata/backstage-plugin-techdocs-module-addons-contrib.yaml,
unmaintained,0,medium,1,bulk-import,red-hat-developer-hub-backstage-plugin-bulk-import-backend,tech-preview,ajv-formats,^3.0.1,npm,dependencies,overlays,runtime-prod,2024-03-30,FALSE,workspaces/bulk-import/metadata/red-hat-developer-hub-backstage-plugin-bulk-import-backend.yaml,
unmaintained,0,medium,1,cost-management,cost-management,tech-preview,victory-area,^37.3.4,npm,dependencies,overlays,runtime-prod,2025-01-14,FALSE,workspaces/cost-management/metadata/cost-management.yaml,
unmaintained,0,medium,1,cost-management,cost-management,tech-preview,victory-bar,^37.3.4,npm,dependencies,overlays,runtime-prod,2025-01-14,FALSE,workspaces/cost-management/metadata/cost-management.yaml,
unmaintained,0,medium,1,cost-management,cost-management,tech-preview,victory-box-plot,^37.3.4,npm,dependencies,overlays,runtime-prod,2025-01-14,FALSE,workspaces/cost-management/metadata/cost-management.yaml,
unmaintained,0,medium,1,cost-management,cost-management,tech-preview,victory-chart,^37.3.4,npm,dependencies,overlays,runtime-prod,2025-01-14,FALSE,workspaces/cost-management/metadata/cost-management.yaml,
unmaintained,0,medium,1,cost-management,cost-management,tech-preview,victory-core,^37.3.4,npm,dependencies,overlays,runtime-prod,2025-01-14,FALSE,workspaces/cost-management/metadata/cost-management.yaml,
unmaintained,0,medium,1,cost-management,cost-management,tech-preview,victory-create-container,^37.3.4,npm,dependencies,overlays,runtime-prod,2025-01-14,FALSE,workspaces/cost-management/metadata/cost-management.yaml,
unmaintained,0,medium,1,cost-management,cost-management,tech-preview,victory-cursor-container,^37.3.4,npm,dependencies,overlays,runtime-prod,2025-01-14,FALSE,workspaces/cost-management/metadata/cost-management.yaml,
unmaintained,0,medium,1,cost-management,cost-management,tech-preview,victory-group,^37.3.4,npm,dependencies,overlays,runtime-prod,2025-01-14,FALSE,workspaces/cost-management/metadata/cost-management.yaml,
unmaintained,0,medium,1,cost-management,cost-management,tech-preview,victory-legend,^37.3.4,npm,dependencies,overlays,runtime-prod,2025-01-14,FALSE,workspaces/cost-management/metadata/cost-management.yaml,
unmaintained,0,medium,1,cost-management,cost-management,tech-preview,victory-line,^37.3.4,npm,dependencies,overlays,runtime-prod,2025-01-14,FALSE,workspaces/cost-management/metadata/cost-management.yaml,
unmaintained,0,medium,1,cost-management,cost-management,tech-preview,victory-pie,^37.3.4,npm,dependencies,overlays,runtime-prod,2025-01-14,FALSE,workspaces/cost-management/metadata/cost-management.yaml,
unmaintained,0,medium,1,cost-management,cost-management,tech-preview,victory-scatter,^37.3.4,npm,dependencies,overlays,runtime-prod,2025-01-14,FALSE,workspaces/cost-management/metadata/cost-management.yaml,
unmaintained,0,medium,1,cost-management,cost-management,tech-preview,victory-stack,^37.3.4,npm,dependencies,overlays,runtime-prod,2025-01-14,FALSE,workspaces/cost-management/metadata/cost-management.yaml,
unmaintained,0,medium,1,cost-management,cost-management,tech-preview,victory-tooltip,^37.3.4,npm,dependencies,overlays,runtime-prod,2025-01-14,FALSE,workspaces/cost-management/metadata/cost-management.yaml,
unmaintained,0,medium,1,cost-management,cost-management,tech-preview,victory-voronoi-container,^37.3.4,npm,dependencies,overlays,runtime-prod,2025-01-14,FALSE,workspaces/cost-management/metadata/cost-management.yaml,
unmaintained,0,medium,1,extensions,rhdh-bsp-extensions,tech-preview,@monaco-editor/react,^4.7.0,npm,dependencies,overlays,runtime-prod,2025-02-13,FALSE,workspaces/extensions/metadata/rhdh-bsp-extensions.yaml,
unmaintained,0,medium,1,intelligent-assistant,rhdh-bsp-intelligent-assistant,generally-available,@monaco-editor/react,^4.7.0,npm,dependencies,overlays,runtime-prod,2025-02-13,FALSE,workspaces/intelligent-assistant/metadata/rhdh-bsp-intelligent-assistant.yaml,
unmaintained,0,medium,1,orchestrator,rhdh-bsp-orchestrator,generally-available,reactflow,^11.11.4,npm,dependencies,overlays,runtime-prod,2024-06-20,FALSE,workspaces/orchestrator/metadata/rhdh-bsp-orchestrator.yaml,
unmaintained,0,medium,1,orchestrator,rhdh-bsp-orchestrator-backend,generally-available,ajv-formats,^2.1.1,npm,dependencies,overlays,runtime-prod,2024-03-30,FALSE,workspaces/orchestrator/metadata/rhdh-bsp-orchestrator-backend.yaml,
unmaintained,0,medium,1,orchestrator,rhdh-bsp-orchestrator-form-widgets,generally-available,clsx,^2.1.1,npm,dependencies,overlays,runtime-prod,2024-04-23,FALSE,workspaces/orchestrator/metadata/rhdh-bsp-orchestrator-form-widgets.yaml,
unmaintained,0,medium,1,rhdh-core,app,,@emotion/react,11.14.0,npm,dependencies,root-workspace,runtime-prod,2024-12-09,FALSE,packages/app/package.json,
unmaintained,0,medium,1,roadie-backstage-plugins,roadiehq-scaffolder-backend-module-http-request,generally-available,cross-fetch,^4.0.0,npm,dependencies,overlays,runtime-prod,2024-12-21,FALSE,workspaces/roadie-backstage-plugins/metadata/roadiehq-scaffolder-backend-module-http-request.yaml,
unmaintained,0,medium,1,topology,backstage-community-plugin-topology,generally-available,classnames,2.x,npm,dependencies,overlays,runtime-prod,2023-12-29,FALSE,workspaces/topology/metadata/backstage-community-plugin-topology.yaml,
unmaintained,0,medium,1,topology,backstage-community-plugin-topology,generally-available,victory,^37.3.6,npm,dependencies,overlays,runtime-prod,2025-01-14,FALSE,workspaces/topology/metadata/backstage-community-plugin-topology.yaml,
unmaintained,0,low,2,backstage,backstage-plugin-kubernetes-backend,generally-available,@types/http-proxy-middleware,^1.0.0,npm,dependencies,overlays,test-only,2021-03-08,TRUE,workspaces/backstage/metadata/backstage-plugin-kubernetes-backend.yaml,"npm deprecated: This is a stub types definition. http-proxy-middleware provides its own type definitions, so you do not need this installed."
unmaintained,0,low,2,backstage,backstage-plugin-scaffolder-backend-module-github,generally-available,@types/libsodium-wrappers,^0.8.0,npm,devDependencies,overlays,test-only,2026-01-24,TRUE,workspaces/backstage/metadata/backstage-plugin-scaffolder-backend-module-github.yaml,"npm deprecated: This is a stub types definition. libsodium-wrappers provides its own type definitions, so you do not need this installed."
unmaintained,0,low,2,backstage,backstage-plugin-techdocs,generally-available,@types/dompurify,^3.0.0,npm,devDependencies,overlays,test-only,2024-11-19,TRUE,workspaces/backstage/metadata/backstage-plugin-techdocs.yaml,"npm deprecated: This is a stub types definition. dompurify provides its own type definitions, so you do not need this installed."
unmaintained,0,low,2,bulk-import,red-hat-developer-hub-backstage-plugin-bulk-import-backend,tech-preview,@types/git-url-parse,^9.0.0,npm,devDependencies,overlays,test-only,2025-04-14,TRUE,workspaces/bulk-import/metadata/red-hat-developer-hub-backstage-plugin-bulk-import-backend.yaml,"npm deprecated: This is a stub types definition. git-url-parse provides its own type definitions, so you do not need this installed."
unmaintained,0,low,2,bulk-import,red-hat-developer-hub-backstage-plugin-bulk-import-backend,tech-preview,@types/knex,^0.16.1,npm,devDependencies,overlays,test-only,2019-03-19,TRUE,workspaces/bulk-import/metadata/red-hat-developer-hub-backstage-plugin-bulk-import-backend.yaml,"npm deprecated: This is a stub types definition. knex provides its own type definitions, so you do not need this installed."
unmaintained,0,low,2,extensions,rhdh-bsp-ctlg-backend-mod-extensions,tech-preview,@types/glob,^8.1.0,npm,devDependencies,overlays,test-only,2025-07-01,TRUE,workspaces/extensions/metadata/rhdh-bsp-ctlg-backend-mod-extensions.yaml,"npm deprecated: This is a stub types definition. glob provides its own type definitions, so you do not need this installed."
unmaintained,0,low,2,homepage,red-hat-developer-hub-backstage-plugin-homepage,generally-available,@types/react-grid-layout,1.3.6,npm,devDependencies,overlays,test-only,2026-01-09,TRUE,workspaces/homepage/metadata/red-hat-developer-hub-backstage-plugin-homepage.yaml,"npm deprecated: This is a stub types definition. react-grid-layout provides its own type definitions, so you do not need this installed."
unmaintained,0,low,2,orchestrator,rhdh-bsp-orchestrator,generally-available,@types/uuid,^9.0.0,npm,devDependencies,overlays,test-only,2025-09-16,TRUE,workspaces/orchestrator/metadata/rhdh-bsp-orchestrator.yaml,"npm deprecated: This is a stub types definition. uuid provides its own type definitions, so you do not need this installed."
unmaintained,0,low,2,rhdh-core,app,,@janus-idp/cli,patch:@janus-idp/cli@npm%3A3.7.0#~/.yarn/patches/@janus-idp-cli-npm-3.7.0-f225cddfdb.patch,npm,devDependencies,root-workspace,build,2026-01-20,TRUE,packages/app/package.json,npm deprecated: This package is deprecated and will no longer receive updates. Please migrate to @red-hat-developer-hub/cli. See https://github.com/redhat-developer/rhdh-cli for more information.
unmaintained,0,low,2,topology,backstage-community-plugin-topology,generally-available,@types/git-url-parse,9.0.3,npm,devDependencies,overlays,test-only,2025-04-14,TRUE,workspaces/topology/metadata/backstage-community-plugin-topology.yaml,"npm deprecated: This is a stub types definition. git-url-parse provides its own type definitions, so you do not need this installed."
unmaintained,0,low,2,bulk-import,red-hat-developer-hub-backstage-plugin-bulk-import,tech-preview,@spotify/prettier-config,^15.0.0,npm,devDependencies,overlays,build,2023-05-18,FALSE,workspaces/bulk-import/metadata/red-hat-developer-hub-backstage-plugin-bulk-import.yaml,
unmaintained,0,low,2,bulk-import,red-hat-developer-hub-backstage-plugin-bulk-import-backend,tech-preview,@spotify/prettier-config,^15.0.0,npm,devDependencies,overlays,build,2023-05-18,FALSE,workspaces/bulk-import/metadata/red-hat-developer-hub-backstage-plugin-bulk-import-backend.yaml,
unmaintained,0,low,2,bulk-import,red-hat-developer-hub-backstage-plugin-bulk-import-backend,tech-preview,js-yaml-cli,0.6.0,npm,devDependencies,overlays,build,2014-01-07,FALSE,workspaces/bulk-import/metadata/red-hat-developer-hub-backstage-plugin-bulk-import-backend.yaml,
unmaintained,0,low,2,intelligent-assistant,rhdh-bsp-intelligent-assistant,generally-available,@spotify/prettier-config,^15.0.0,npm,devDependencies,overlays,build,2023-05-18,FALSE,workspaces/intelligent-assistant/metadata/rhdh-bsp-intelligent-assistant.yaml,
unmaintained,0,low,2,intelligent-assistant,rhdh-bsp-intelligent-assistant-backend,generally-available,@spotify/prettier-config,^15.0.0,npm,devDependencies,overlays,build,2023-05-18,FALSE,workspaces/intelligent-assistant/metadata/rhdh-bsp-intelligent-assistant-backend.yaml,
unmaintained,0,low,2,keycloak,backstage-community-plugin-catalog-backend-module-keycloak,generally-available,deepmerge,4.3.1,npm,devDependencies,overlays,build,2023-03-16,FALSE,workspaces/keycloak/metadata/backstage-community-plugin-catalog-backend-module-keycloak.yaml,
unmaintained,0,low,2,orchestrator,rhdh-bsp-scaffolder-backend-mod-orchestrator,generally-available,@spotify/prettier-config,^15.0.0,npm,devDependencies,overlays,build,2023-05-18,FALSE,workspaces/orchestrator/metadata/rhdh-bsp-scaffolder-backend-mod-orchestrator.yaml,
unmaintained,0,low,2,rbac,backstage-community-plugin-rbac,generally-available,@testing-library/react-hooks,8.0.1,npm,devDependencies,overlays,test-only,2022-06-18,FALSE,workspaces/rbac/metadata/backstage-community-plugin-rbac.yaml,
unmaintained,0,low,2,rhdh-core,app,,@testing-library/react-hooks,8.0.1,npm,devDependencies,root-workspace,test-only,2022-06-18,FALSE,packages/app/package.json,
unmaintained,0,low,2,rhdh-core,plugin-utils,,@testing-library/react-hooks,8.0.1,npm,devDependencies,root-workspace,test-only,2022-06-18,FALSE,packages/plugin-utils/package.json,
unmaintained,0,low,2,analytics,backstage-community-plugin-analytics-provider-segment,generally-available,cross-fetch,4.1.0,npm,devDependencies,overlays,build,2024-12-21,FALSE,workspaces/analytics/metadata/backstage-community-plugin-analytics-provider-segment.yaml,
unmaintained,0,low,2,app-defaults,red-hat-developer-hub-backstage-plugin-app-auth,tech-preview,cross-fetch,^4.0.0,npm,devDependencies,overlays,build,2024-12-21,FALSE,workspaces/app-defaults/metadata/red-hat-developer-hub-backstage-plugin-app-auth.yaml,
unmaintained,0,low,2,app-defaults,red-hat-developer-hub-backstage-plugin-app-defaults,tech-preview,cross-fetch,^4.0.0,npm,devDependencies,overlays,build,2024-12-21,FALSE,workspaces/app-defaults/metadata/red-hat-developer-hub-backstage-plugin-app-defaults.yaml,
unmaintained,0,low,2,app-defaults,red-hat-developer-hub-backstage-plugin-app-integrations,tech-preview,cross-fetch,^4.0.0,npm,devDependencies,overlays,build,2024-12-21,FALSE,workspaces/app-defaults/metadata/red-hat-developer-hub-backstage-plugin-app-integrations.yaml,
unmaintained,0,low,2,backstage,backstage-plugin-kubernetes-backend,generally-available,@jest-mock/express,^2.0.1,npm,dependencies,overlays,test-only,2025-02-03,FALSE,workspaces/backstage/metadata/backstage-plugin-kubernetes-backend.yaml,
unmaintained,0,low,2,backstage,backstage-plugin-scaffolder-backend-module-github,generally-available,jsonschema,^1.2.6,npm,devDependencies,overlays,build,2025-01-07,FALSE,workspaces/backstage/metadata/backstage-plugin-scaffolder-backend-module-github.yaml,
unmaintained,0,low,2,backstage,backstage-plugin-signals,generally-available,jest-websocket-mock,^2.5.0,npm,devDependencies,overlays,test-only,2023-09-10,FALSE,workspaces/backstage/metadata/backstage-plugin-signals.yaml,
unmaintained,0,low,2,bulk-import,red-hat-developer-hub-backstage-plugin-bulk-import,tech-preview,@types/js-yaml,^4.0.9,npm,devDependencies,overlays,test-only,2023-11-07,FALSE,workspaces/bulk-import/metadata/red-hat-developer-hub-backstage-plugin-bulk-import.yaml,
unmaintained,0,low,2,extensions,rhdh-bsp-ctlg-backend-mod-extensions,tech-preview,@types/js-yaml,^4.0.9,npm,devDependencies,overlays,test-only,2023-11-07,FALSE,workspaces/extensions/metadata/rhdh-bsp-ctlg-backend-mod-extensions.yaml,
unmaintained,0,low,2,intelligent-assistant,rhdh-bsp-intelligent-assistant-backend,generally-available,@types/js-yaml,^4,npm,devDependencies,overlays,test-only,2023-11-07,FALSE,workspaces/intelligent-assistant/metadata/rhdh-bsp-intelligent-assistant-backend.yaml,
unmaintained,0,low,2,orchestrator,rhdh-bsp-orchestrator,generally-available,@types/json-schema,7.0.15,npm,devDependencies,overlays,test-only,2023-11-07,FALSE,workspaces/orchestrator/metadata/rhdh-bsp-orchestrator.yaml,
unmaintained,0,low,2,orchestrator,rhdh-bsp-orchestrator-backend,generally-available,@types/fs-extra,11.0.4,npm,devDependencies,overlays,test-only,2023-11-07,FALSE,workspaces/orchestrator/metadata/rhdh-bsp-orchestrator-backend.yaml,
unmaintained,0,low,2,orchestrator,rhdh-bsp-orchestrator-backend,generally-available,@types/json-schema,7.0.15,npm,devDependencies,overlays,test-only,2023-11-07,FALSE,workspaces/orchestrator/metadata/rhdh-bsp-orchestrator-backend.yaml,
unmaintained,0,low,2,orchestrator,rhdh-bsp-scaffolder-backend-mod-orchestrator,generally-available,@types/js-yaml,^4.0.0,npm,devDependencies,overlays,test-only,2023-11-07,FALSE,workspaces/orchestrator/metadata/rhdh-bsp-scaffolder-backend-mod-orchestrator.yaml,
unmaintained,0,low,2,rbac,backstage-community-plugin-rbac,generally-available,@types/autosuggest-highlight,3.2.3,npm,devDependencies,overlays,test-only,2023-11-06,FALSE,workspaces/rbac/metadata/backstage-community-plugin-rbac.yaml,
unmaintained,0,low,2,rhdh-core,app-next,,@types/zen-observable,0.8.7,npm,devDependencies,root-workspace,test-only,2023-11-22,FALSE,packages/app-next/package.json,
unmaintained,0,low,2,rhdh-core,backend,,@types/global-agent,2.1.3,npm,devDependencies,root-workspace,test-only,2025-02-21,FALSE,packages/backend/package.json,
unmaintained,0,low,2,rhdh-core,root,,husky,8.0.3,npm,devDependencies,root-workspace,build,2024-11-18,FALSE,package.json,
unmaintained,0,low,2,rhdh-core,scalprum-backend,,@types/mock-fs,4.13.4,npm,devDependencies,root-workspace,test-only,2023-11-07,FALSE,plugins/scalprum-backend/package.json,
unmaintained,0,low,2,rhdh-core,scalprum-backend,,mock-fs,5.5.0,npm,devDependencies,root-workspace,build,2025-02-06,FALSE,plugins/scalprum-backend/package.json,
unmaintained,0,low,2,tech-radar,backstage-community-plugin-tech-radar,generally-available,@types/d3-force,^3.0.0,npm,devDependencies,overlays,test-only,2024-06-17,FALSE,workspaces/tech-radar/metadata/backstage-community-plugin-tech-radar.yaml,
unmaintained,0,low,2,topology,backstage-community-plugin-topology,generally-available,cross-fetch,4.1.0,npm,devDependencies,overlays,build,2024-12-21,FALSE,workspaces/topology/metadata/backstage-community-plugin-topology.yaml,
OK,2,low,2,adoption-insights,rhdh-bsp-adoption-insights,generally-available,@backstage/catalog-model,^1.9.0,npm,dependencies,overlays,runtime-prod,2026-08-18,FALSE,workspaces/adoption-insights/metadata/rhdh-bsp-adoption-insights.yaml,
OK,2,low,2,adoption-insights,rhdh-bsp-adoption-insights,generally-available,@backstage/cli,^0.36.3,npm,devDependencies,overlays,build,2026-08-18,FALSE,workspaces/adoption-insights/metadata/rhdh-bsp-adoption-insights.yaml,
OK,2,low,2,adoption-insights,rhdh-bsp-adoption-insights,generally-available,@backstage/config,^1.3.8,npm,devDependencies,overlays,build,2026-05-19,FALSE,workspaces/adoption-insights/metadata/rhdh-bsp-adoption-insights.yaml,
OK,2,low,2,adoption-insights,rhdh-bsp-adoption-insights,generally-available,@backstage/core-app-api,^1.20.2,npm,devDependencies,overlays,build,2026-08-18,FALSE,workspaces/adoption-insights/metadata/rhdh-bsp-adoption-insights.yaml,
OK,2,low,2,adoption-insights,rhdh-bsp-adoption-insights,generally-available,@backstage/core-components,^0.18.11,npm,dependencies,overlays,runtime-prod,2026-08-18,FALSE,workspaces/adoption-insights/metadata/rhdh-bsp-adoption-insights.yaml,
OK,2,low,2,adoption-insights,rhdh-bsp-adoption-insights,generally-available,@backstage/core-plugin-api,^1.12.7,npm,dependencies,overlays,runtime-prod,2026-08-18,FALSE,workspaces/adoption-insights/metadata/rhdh-bsp-adoption-insights.yaml,
OK,2,low,2,adoption-insights,rhdh-bsp-adoption-insights,generally-available,@backstage/dev-utils,^1.1.24,npm,devDependencies,overlays,build,2026-08-18,FALSE,workspaces/adoption-insights/metadata/rhdh-bsp-adoption-insights.yaml,
OK,2,low,2,adoption-insights,rhdh-bsp-adoption-insights,generally-available,@backstage/frontend-plugin-api,^0.17.2,npm,dependencies,overlays,runtime-prod,2026-08-18,FALSE,workspaces/adoption-insights/metadata/rhdh-bsp-adoption-insights.yaml,
OK,2,low,2,adoption-insights,rhdh-bsp-adoption-insights,generally-available,@backstage/plugin-app-react,^0.2.4,npm,dependencies,overlays,runtime-prod,2026-08-18,FALSE,workspaces/adoption-insights/metadata/rhdh-bsp-adoption-insights.yaml,
OK,2,low,2,adoption-insights,rhdh-bsp-adoption-insights,generally-available,@backstage/plugin-catalog,^2.0.6,npm,devDependencies,overlays,build,2026-08-18,FALSE,workspaces/adoption-insights/metadata/rhdh-bsp-adoption-insights.yaml,
OK,2,low,2,adoption-insights,rhdh-bsp-adoption-insights,generally-available,@backstage/plugin-catalog-react,^3.1.0,npm,dependencies,overlays,runtime-prod,2026-08-25,FALSE,workspaces/adoption-insights/metadata/rhdh-bsp-adoption-insights.yaml,
OK,2,low,2,adoption-insights,rhdh-bsp-adoption-insights,generally-available,@backstage/plugin-permission-react,^0.5.2,npm,dependencies,overlays,runtime-prod,2026-08-18,FALSE,workspaces/adoption-insights/metadata/rhdh-bsp-adoption-insights.yaml,
OK,2,low,2,adoption-insights,rhdh-bsp-adoption-insights,generally-available,@backstage/test-utils,^1.7.19,npm,devDependencies,overlays,test-only,2026-08-18,FALSE,workspaces/adoption-insights/metadata/rhdh-bsp-adoption-insights.yaml,
OK,2,low,2,adoption-insights,rhdh-bsp-adoption-insights,generally-available,@backstage/theme,^0.7.3,npm,dependencies,overlays,runtime-prod,2026-04-14,FALSE,workspaces/adoption-insights/metadata/rhdh-bsp-adoption-insights.yaml,
OK,2,low,2,adoption-insights,rhdh-bsp-adoption-insights,generally-available,@mui/icons-material,5.18.0,npm,dependencies,overlays,runtime-prod,2026-08-06,FALSE,workspaces/adoption-insights/metadata/rhdh-bsp-adoption-insights.yaml,
OK,2,low,2,adoption-insights,rhdh-bsp-adoption-insights,generally-available,@mui/lab,5.0.0-alpha.177,npm,dependencies,overlays,runtime-prod,2026-08-06,FALSE,workspaces/adoption-insights/metadata/rhdh-bsp-adoption-insights.yaml,
OK,2,low,2,adoption-insights,rhdh-bsp-adoption-insights,generally-available,@mui/material,5.18.0,npm,dependencies,overlays,runtime-prod,2026-08-06,FALSE,workspaces/adoption-insights/metadata/rhdh-bsp-adoption-insights.yaml,
OK,2,low,2,adoption-insights,rhdh-bsp-adoption-insights,generally-available,@mui/x-date-pickers,5.0.20,npm,dependencies,overlays,runtime-prod,2026-08-21,FALSE,workspaces/adoption-insights/metadata/rhdh-bsp-adoption-insights.yaml,
OK,2,low,2,adoption-insights,rhdh-bsp-adoption-insights,generally-available,@red-hat-developer-hub/backstage-plugin-adoption-insights,0.9.1,npm,dependencies,overlays,runtime-prod,2026-08-01,FALSE,workspaces/adoption-insights/metadata/rhdh-bsp-adoption-insights.yaml,
OK,2,low,2,adoption-insights,rhdh-bsp-adoption-insights,generally-available,@red-hat-developer-hub/backstage-plugin-adoption-insights-common,^0.9.1,npm,dependencies,overlays,runtime-prod,2026-08-01,FALSE,workspaces/adoption-insights/metadata/rhdh-bsp-adoption-insights.yaml,
OK,2,low,2,adoption-insights,rhdh-bsp-adoption-insights,generally-available,@red-hat-developer-hub/backstage-plugin-theme,^0.14.11,npm,devDependencies,overlays,build,2026-08-04,FALSE,workspaces/adoption-insights/metadata/rhdh-bsp-adoption-insights.yaml,
OK,2,low,2,adoption-insights,rhdh-bsp-adoption-insights,generally-available,@testing-library/jest-dom,^6.0.0,npm,devDependencies,overlays,test-only,2026-08-09,FALSE,workspaces/adoption-insights/metadata/rhdh-bsp-adoption-insights.yaml,
OK,2,low,2,adoption-insights,rhdh-bsp-adoption-insights,generally-available,@testing-library/react,^14.0.0,npm,devDependencies,overlays,test-only,2026-01-19,FALSE,workspaces/adoption-insights/metadata/rhdh-bsp-adoption-insights.yaml,
OK,2,low,2,adoption-insights,rhdh-bsp-adoption-insights,generally-available,@testing-library/user-event,^14.0.0,npm,devDependencies,overlays,test-only,2026-08-22,FALSE,workspaces/adoption-insights/metadata/rhdh-bsp-adoption-insights.yaml,
OK,2,low,2,adoption-insights,rhdh-bsp-adoption-insights,generally-available,date-fns,2.30.0,npm,dependencies,overlays,runtime-prod,2026-05-29,FALSE,workspaces/adoption-insights/metadata/rhdh-bsp-adoption-insights.yaml,
OK,2,low,2,adoption-insights,rhdh-bsp-adoption-insights,generally-available,msw,^1.0.0,npm,devDependencies,overlays,build,2026-07-08,FALSE,workspaces/adoption-insights/metadata/rhdh-bsp-adoption-insights.yaml,
OK,2,low,2,adoption-insights,rhdh-bsp-adoption-insights,generally-available,react,^16.13.1 || ^17.0.0 || ^18.0.0,npm,devDependencies,overlays,build,2026-07-21,FALSE,workspaces/adoption-insights/metadata/rhdh-bsp-adoption-insights.yaml,
OK,2,low,2,adoption-insights,rhdh-bsp-adoption-insights,generally-available,react,^16.13.1 || ^17.0.0 || ^18.0.0,npm,peerDependencies,overlays,runtime-prod,2026-07-21,FALSE,workspaces/adoption-insights/metadata/rhdh-bsp-adoption-insights.yaml,
OK,2,low,2,adoption-insights,rhdh-bsp-adoption-insights,generally-available,react-use,^17.2.4,npm,dependencies,overlays,runtime-prod,2026-06-10,FALSE,workspaces/adoption-insights/metadata/rhdh-bsp-adoption-insights.yaml,
OK,2,low,2,adoption-insights,rhdh-bsp-adoption-insights,generally-available,recharts,^2.15.1,npm,dependencies,overlays,runtime-prod,2026-07-25,FALSE,workspaces/adoption-insights/metadata/rhdh-bsp-adoption-insights.yaml,
OK,2,low,2,adoption-insights,rhdh-bsp-adoption-insights-backend,generally-available,@backstage/backend-defaults,^0.17.3,npm,dependencies,overlays,runtime-prod,2026-08-18,FALSE,workspaces/adoption-insights/metadata/rhdh-bsp-adoption-insights-backend.yaml,
OK,2,low,2,adoption-insights,rhdh-bsp-adoption-insights-backend,generally-available,@backstage/backend-plugin-api,^1.9.2,npm,dependencies,overlays,runtime-prod,2026-08-18,FALSE,workspaces/adoption-insights/metadata/rhdh-bsp-adoption-insights-backend.yaml,
OK,2,low,2,adoption-insights,rhdh-bsp-adoption-insights-backend,generally-available,@backstage/backend-test-utils,^1.11.4,npm,devDependencies,overlays,test-only,2026-08-18,FALSE,workspaces/adoption-insights/metadata/rhdh-bsp-adoption-insights-backend.yaml,
OK,2,low,2,adoption-insights,rhdh-bsp-adoption-insights-backend,generally-available,@backstage/cli,^0.36.3,npm,devDependencies,overlays,build,2026-08-18,FALSE,workspaces/adoption-insights/metadata/rhdh-bsp-adoption-insights-backend.yaml,
OK,2,low,2,adoption-insights,rhdh-bsp-adoption-insights-backend,generally-available,@backstage/core-plugin-api,^1.12.7,npm,dependencies,overlays,runtime-prod,2026-08-18,FALSE,workspaces/adoption-insights/metadata/rhdh-bsp-adoption-insights-backend.yaml,
OK,2,low,2,adoption-insights,rhdh-bsp-adoption-insights-backend,generally-available,@backstage/errors,^1.3.1,npm,dependencies,overlays,runtime-prod,2026-05-19,FALSE,workspaces/adoption-insights/metadata/rhdh-bsp-adoption-insights-backend.yaml,
OK,2,low,2,adoption-insights,rhdh-bsp-adoption-insights-backend,generally-available,@backstage/plugin-catalog-node,^2.2.2,npm,dependencies,overlays,runtime-prod,2026-08-18,FALSE,workspaces/adoption-insights/metadata/rhdh-bsp-adoption-insights-backend.yaml,
OK,2,low,2,adoption-insights,rhdh-bsp-adoption-insights-backend,generally-available,@backstage/plugin-permission-common,^0.9.9,npm,dependencies,overlays,runtime-prod,2026-08-18,FALSE,workspaces/adoption-insights/metadata/rhdh-bsp-adoption-insights-backend.yaml,
OK,2,low,2,adoption-insights,rhdh-bsp-adoption-insights-backend,generally-available,@red-hat-developer-hub/backstage-plugin-adoption-insights-backend,0.9.1,npm,dependencies,overlays,runtime-prod,2026-08-01,FALSE,workspaces/adoption-insights/metadata/rhdh-bsp-adoption-insights-backend.yaml,
OK,2,low,2,adoption-insights,rhdh-bsp-adoption-insights-backend,generally-available,@red-hat-developer-hub/backstage-plugin-adoption-insights-common,^0.9.1,npm,dependencies,overlays,runtime-prod,2026-08-01,FALSE,workspaces/adoption-insights/metadata/rhdh-bsp-adoption-insights-backend.yaml,
OK,2,low,2,adoption-insights,rhdh-bsp-adoption-insights-backend,generally-available,@types/express,^4.17.6,npm,devDependencies,overlays,test-only,2025-12-01,FALSE,workspaces/adoption-insights/metadata/rhdh-bsp-adoption-insights-backend.yaml,
OK,2,low,2,adoption-insights,rhdh-bsp-adoption-insights-backend,generally-available,@types/luxon,^3.5.0,npm,devDependencies,overlays,test-only,2026-08-21,FALSE,workspaces/adoption-insights/metadata/rhdh-bsp-adoption-insights-backend.yaml,
OK,2,low,2,adoption-insights,rhdh-bsp-adoption-insights-backend,generally-available,@types/supertest,^2.0.12,npm,devDependencies,overlays,test-only,2026-07-14,FALSE,workspaces/adoption-insights/metadata/rhdh-bsp-adoption-insights-backend.yaml,
OK,2,low,2,adoption-insights,rhdh-bsp-adoption-insights-backend,generally-available,express,^4.17.1,npm,dependencies,overlays,runtime-prod,2025-12-01,FALSE,workspaces/adoption-insights/metadata/rhdh-bsp-adoption-insights-backend.yaml,
OK,2,low,2,adoption-insights,rhdh-bsp-adoption-insights-backend,generally-available,json-2-csv,^5.5.11,npm,dependencies,overlays,runtime-prod,2026-08-26,FALSE,workspaces/adoption-insights/metadata/rhdh-bsp-adoption-insights-backend.yaml,
OK,2,low,2,adoption-insights,rhdh-bsp-adoption-insights-backend,generally-available,knex,^3.1.0,npm,dependencies,overlays,runtime-prod,2026-06-26,FALSE,workspaces/adoption-insights/metadata/rhdh-bsp-adoption-insights-backend.yaml,
OK,2,low,2,adoption-insights,rhdh-bsp-adoption-insights-backend,generally-available,luxon,^3.5.0,npm,dependencies,overlays,runtime-prod,2025-09-05,FALSE,workspaces/adoption-insights/metadata/rhdh-bsp-adoption-insights-backend.yaml,
OK,2,low,2,adoption-insights,rhdh-bsp-adoption-insights-backend,generally-available,supertest,^6.2.4,npm,devDependencies,overlays,build,2026-01-06,FALSE,workspaces/adoption-insights/metadata/rhdh-bsp-adoption-insights-backend.yaml,
OK,2,low,2,adoption-insights,rhdh-bsp-adoption-insights-backend,generally-available,uuid,^11.1.0,npm,dependencies,overlays,runtime-prod,2026-08-18,FALSE,workspaces/adoption-insights/metadata/rhdh-bsp-adoption-insights-backend.yaml,
OK,2,low,2,adoption-insights,rhdh-bsp-adoption-insights-backend,generally-available,zod,^3.22.4,npm,dependencies,overlays,runtime-prod,2026-05-04,FALSE,workspaces/adoption-insights/metadata/rhdh-bsp-adoption-insights-backend.yaml,
OK,2,low,2,adoption-insights,rhdh-bsp-analytics-mod-adoption-insights,generally-available,@backstage/cli,^0.36.3,npm,devDependencies,overlays,build,2026-08-18,FALSE,workspaces/adoption-insights/metadata/rhdh-bsp-analytics-mod-adoption-insights.yaml,
OK,2,low,2,adoption-insights,rhdh-bsp-analytics-mod-adoption-insights,generally-available,@backstage/core-app-api,^1.20.2,npm,devDependencies,overlays,build,2026-08-18,FALSE,workspaces/adoption-insights/metadata/rhdh-bsp-analytics-mod-adoption-insights.yaml,
OK,2,low,2,adoption-insights,rhdh-bsp-analytics-mod-adoption-insights,generally-available,@backstage/core-components,^0.18.11,npm,dependencies,overlays,runtime-prod,2026-08-18,FALSE,workspaces/adoption-insights/metadata/rhdh-bsp-analytics-mod-adoption-insights.yaml,
OK,2,low,2,adoption-insights,rhdh-bsp-analytics-mod-adoption-insights,generally-available,@backstage/core-plugin-api,^1.12.7,npm,dependencies,overlays,runtime-prod,2026-08-18,FALSE,workspaces/adoption-insights/metadata/rhdh-bsp-analytics-mod-adoption-insights.yaml,
OK,2,low,2,adoption-insights,rhdh-bsp-analytics-mod-adoption-insights,generally-available,@backstage/dev-utils,^1.1.24,npm,devDependencies,overlays,build,2026-08-18,FALSE,workspaces/adoption-insights/metadata/rhdh-bsp-analytics-mod-adoption-insights.yaml,
OK,2,low,2,adoption-insights,rhdh-bsp-analytics-mod-adoption-insights,generally-available,@backstage/frontend-plugin-api,^0.17.2,npm,dependencies,overlays,runtime-prod,2026-08-18,FALSE,workspaces/adoption-insights/metadata/rhdh-bsp-analytics-mod-adoption-insights.yaml,
OK,2,low,2,adoption-insights,rhdh-bsp-analytics-mod-adoption-insights,generally-available,@backstage/test-utils,^1.7.19,npm,devDependencies,overlays,test-only,2026-08-18,FALSE,workspaces/adoption-insights/metadata/rhdh-bsp-analytics-mod-adoption-insights.yaml,
OK,2,low,2,adoption-insights,rhdh-bsp-analytics-mod-adoption-insights,generally-available,@backstage/theme,^0.7.3,npm,dependencies,overlays,runtime-prod,2026-04-14,FALSE,workspaces/adoption-insights/metadata/rhdh-bsp-analytics-mod-adoption-insights.yaml,
OK,2,low,2,adoption-insights,rhdh-bsp-analytics-mod-adoption-insights,generally-available,@red-hat-developer-hub/backstage-plugin-analytics-module-adoption-insights,0.9.1,npm,dependencies,overlays,runtime-prod,2026-08-01,FALSE,workspaces/adoption-insights/metadata/rhdh-bsp-analytics-mod-adoption-insights.yaml,
OK,2,low,2,adoption-insights,rhdh-bsp-analytics-mod-adoption-insights,generally-available,@testing-library/jest-dom,^6.0.0,npm,devDependencies,overlays,test-only,2026-08-09,FALSE,workspaces/adoption-insights/metadata/rhdh-bsp-analytics-mod-adoption-insights.yaml,
OK,2,low,2,adoption-insights,rhdh-bsp-analytics-mod-adoption-insights,generally-available,@testing-library/react,^14.0.0,npm,devDependencies,overlays,test-only,2026-01-19,FALSE,workspaces/adoption-insights/metadata/rhdh-bsp-analytics-mod-adoption-insights.yaml,
OK,2,low,2,adoption-insights,rhdh-bsp-analytics-mod-adoption-insights,generally-available,@testing-library/user-event,^14.0.0,npm,devDependencies,overlays,test-only,2026-08-22,FALSE,workspaces/adoption-insights/metadata/rhdh-bsp-analytics-mod-adoption-insights.yaml,
OK,2,low,2,adoption-insights,rhdh-bsp-analytics-mod-adoption-insights,generally-available,msw,^1.0.0,npm,devDependencies,overlays,build,2026-07-08,FALSE,workspaces/adoption-insights/metadata/rhdh-bsp-analytics-mod-adoption-insights.yaml,
OK,2,low,2,adoption-insights,rhdh-bsp-analytics-mod-adoption-insights,generally-available,react,^16.13.1 || ^17.0.0 || ^18.0.0,npm,devDependencies,overlays,build,2026-07-21,FALSE,workspaces/adoption-insights/metadata/rhdh-bsp-analytics-mod-adoption-insights.yaml,
OK,2,low,2,adoption-insights,rhdh-bsp-analytics-mod-adoption-insights,generally-available,react,^16.13.1 || ^17.0.0 || ^18.0.0,npm,peerDependencies,overlays,runtime-prod,2026-07-21,FALSE,workspaces/adoption-insights/metadata/rhdh-bsp-analytics-mod-adoption-insights.yaml,
OK,2,low,2,adoption-insights,rhdh-bsp-analytics-mod-adoption-insights,generally-available,react-use,^17.2.4,npm,dependencies,overlays,runtime-prod,2026-06-10,FALSE,workspaces/adoption-insights/metadata/rhdh-bsp-analytics-mod-adoption-insights.yaml,
OK,2,low,2,analytics,backstage-community-plugin-analytics-provider-segment,generally-available,@backstage-community/plugin-analytics-provider-segment,1.30.0,npm,dependencies,overlays,runtime-prod,2026-07-21,FALSE,workspaces/analytics/metadata/backstage-community-plugin-analytics-provider-segment.yaml,
OK,2,low,2,analytics,backstage-community-plugin-analytics-provider-segment,generally-available,@backstage/cli,^0.36.3,npm,devDependencies,overlays,build,2026-08-18,FALSE,workspaces/analytics/metadata/backstage-community-plugin-analytics-provider-segment.yaml,
OK,2,low,2,analytics,backstage-community-plugin-analytics-provider-segment,generally-available,@backstage/config,^1.3.8,npm,dependencies,overlays,runtime-prod,2026-05-19,FALSE,workspaces/analytics/metadata/backstage-community-plugin-analytics-provider-segment.yaml,
OK,2,low,2,analytics,backstage-community-plugin-analytics-provider-segment,generally-available,@backstage/core-app-api,^1.20.2,npm,devDependencies,overlays,build,2026-08-18,FALSE,workspaces/analytics/metadata/backstage-community-plugin-analytics-provider-segment.yaml,
OK,2,low,2,analytics,backstage-community-plugin-analytics-provider-segment,generally-available,@backstage/core-components,^0.18.11,npm,dependencies,overlays,runtime-prod,2026-08-18,FALSE,workspaces/analytics/metadata/backstage-community-plugin-analytics-provider-segment.yaml,
OK,2,low,2,analytics,backstage-community-plugin-analytics-provider-segment,generally-available,@backstage/core-plugin-api,^1.12.7,npm,dependencies,overlays,runtime-prod,2026-08-18,FALSE,workspaces/analytics/metadata/backstage-community-plugin-analytics-provider-segment.yaml,
OK,2,low,2,analytics,backstage-community-plugin-analytics-provider-segment,generally-available,@backstage/dev-utils,^1.1.24,npm,devDependencies,overlays,build,2026-08-18,FALSE,workspaces/analytics/metadata/backstage-community-plugin-analytics-provider-segment.yaml,
OK,2,low,2,analytics,backstage-community-plugin-analytics-provider-segment,generally-available,@backstage/frontend-plugin-api,^0.17.2,npm,dependencies,overlays,runtime-prod,2026-08-18,FALSE,workspaces/analytics/metadata/backstage-community-plugin-analytics-provider-segment.yaml,
OK,2,low,2,analytics,backstage-community-plugin-analytics-provider-segment,generally-available,@backstage/plugin-app-react,^0.2.4,npm,dependencies,overlays,runtime-prod,2026-08-18,FALSE,workspaces/analytics/metadata/backstage-community-plugin-analytics-provider-segment.yaml,
OK,2,low,2,analytics,backstage-community-plugin-analytics-provider-segment,generally-available,@backstage/test-utils,^1.7.19,npm,devDependencies,overlays,test-only,2026-08-18,FALSE,workspaces/analytics/metadata/backstage-community-plugin-analytics-provider-segment.yaml,
OK,2,low,2,analytics,backstage-community-plugin-analytics-provider-segment,generally-available,@backstage/theme,^0.7.3,npm,dependencies,overlays,runtime-prod,2026-04-14,FALSE,workspaces/analytics/metadata/backstage-community-plugin-analytics-provider-segment.yaml,
OK,2,low,2,analytics,backstage-community-plugin-analytics-provider-segment,generally-available,@segment/analytics-next,^1.58.0,npm,dependencies,overlays,runtime-prod,2026-07-20,FALSE,workspaces/analytics/metadata/backstage-community-plugin-analytics-provider-segment.yaml,
OK,2,low,2,analytics,backstage-community-plugin-analytics-provider-segment,generally-available,@testing-library/dom,10.4.1,npm,devDependencies,overlays,test-only,2025-07-27,FALSE,workspaces/analytics/metadata/backstage-community-plugin-analytics-provider-segment.yaml,
OK,2,low,2,analytics,backstage-community-plugin-analytics-provider-segment,generally-available,@testing-library/jest-dom,6.9.1,npm,devDependencies,overlays,test-only,2026-08-09,FALSE,workspaces/analytics/metadata/backstage-community-plugin-analytics-provider-segment.yaml,
OK,2,low,2,analytics,backstage-community-plugin-analytics-provider-segment,generally-available,@testing-library/react,16.3.2,npm,devDependencies,overlays,test-only,2026-01-19,FALSE,workspaces/analytics/metadata/backstage-community-plugin-analytics-provider-segment.yaml,
OK,2,low,2,analytics,backstage-community-plugin-analytics-provider-segment,generally-available,@testing-library/user-event,14.6.1,npm,devDependencies,overlays,test-only,2026-08-22,FALSE,workspaces/analytics/metadata/backstage-community-plugin-analytics-provider-segment.yaml,
OK,2,low,2,analytics,backstage-community-plugin-analytics-provider-segment,generally-available,@types/react,18.3.31,npm,devDependencies,overlays,test-only,2026-07-30,FALSE,workspaces/analytics/metadata/backstage-community-plugin-analytics-provider-segment.yaml,
OK,2,low,2,analytics,backstage-community-plugin-analytics-provider-segment,generally-available,react,^16.13.1 || ^17.0.0 || ^18.0.0,npm,devDependencies,overlays,build,2026-07-21,FALSE,workspaces/analytics/metadata/backstage-community-plugin-analytics-provider-segment.yaml,
OK,2,low,2,analytics,backstage-community-plugin-analytics-provider-segment,generally-available,react,^16.13.1 || ^17.0.0 || ^18.0.0,npm,peerDependencies,overlays,runtime-prod,2026-07-21,FALSE,workspaces/analytics/metadata/backstage-community-plugin-analytics-provider-segment.yaml,
OK,2,low,2,analytics,backstage-community-plugin-analytics-provider-segment,generally-available,react-dom,^16.13.1 || ^17.0.0 || ^18.0.0,npm,devDependencies,overlays,build,2026-07-21,FALSE,workspaces/analytics/metadata/backstage-community-plugin-analytics-provider-segment.yaml,
OK,2,low,2,analytics,backstage-community-plugin-analytics-provider-segment,generally-available,react-dom,^16.13.1 || ^17.0.0 || ^18.0.0,npm,peerDependencies,overlays,runtime-prod,2026-07-21,FALSE,workspaces/analytics/metadata/backstage-community-plugin-analytics-provider-segment.yaml,
OK,2,low,2,analytics,backstage-community-plugin-analytics-provider-segment,generally-available,react-router-dom,^6.0.0,npm,devDependencies,overlays,build,2026-07-28,FALSE,workspaces/analytics/metadata/backstage-community-plugin-analytics-provider-segment.yaml,
OK,2,low,2,analytics,backstage-community-plugin-analytics-provider-segment,generally-available,react-router-dom,^6.0.0,npm,peerDependencies,overlays,runtime-prod,2026-07-28,FALSE,workspaces/analytics/metadata/backstage-community-plugin-analytics-provider-segment.yaml,
OK,2,low,2,apiconnect,apic-backstage-plugin,generally-available,@backstage/backend-defaults,^0.17.0,npm,dependencies,overlays,runtime-prod,2026-08-18,FALSE,workspaces/apiconnect/metadata/apic-backstage-plugin.yaml,
OK,2,low,2,apiconnect,apic-backstage-plugin,generally-available,@backstage/cli-common,^0.1.18,npm,dependencies,overlays,runtime-prod,2026-07-14,FALSE,workspaces/apiconnect/metadata/apic-backstage-plugin.yaml,
OK,2,low,2,apiconnect,apic-backstage-plugin,generally-available,@backstage/integration,^1.20.1,npm,dependencies,overlays,runtime-prod,2026-08-18,FALSE,workspaces/apiconnect/metadata/apic-backstage-plugin.yaml,
OK,2,low,2,apiconnect,apic-backstage-plugin,generally-available,@types/jest,^29.5.14,npm,devDependencies,overlays,test-only,2025-06-16,FALSE,workspaces/apiconnect/metadata/apic-backstage-plugin.yaml,
OK,2,low,2,apiconnect,apic-backstage-plugin,generally-available,apic-backstage,1.0.3,npm,dependencies,overlays,runtime-prod,2026-04-27,FALSE,workspaces/apiconnect/metadata/apic-backstage-plugin.yaml,
OK,2,low,2,apiconnect,apic-backstage-plugin,generally-available,axios,^1.15.2,npm,dependencies,overlays,runtime-prod,2026-08-26,FALSE,workspaces/apiconnect/metadata/apic-backstage-plugin.yaml,
OK,2,low,2,apiconnect,apic-backstage-plugin,generally-available,bn.js,^5.2.3,npm,dependencies,overlays,runtime-prod,2026-07-09,FALSE,workspaces/apiconnect/metadata/apic-backstage-plugin.yaml,
OK,2,low,2,apiconnect,apic-backstage-plugin,generally-available,eslint,^9.26.0,npm,dependencies,overlays,runtime-prod,2026-08-24,FALSE,workspaces/apiconnect/metadata/apic-backstage-plugin.yaml,
OK,2,low,2,apiconnect,apic-backstage-plugin,generally-available,express,^4.22.1,npm,dependencies,overlays,runtime-prod,2025-12-01,FALSE,workspaces/apiconnect/metadata/apic-backstage-plugin.yaml,
OK,2,low,2,apiconnect,apic-backstage-plugin,generally-available,follow-redirects,^1.16.0,npm,dependencies,overlays,runtime-prod,2026-04-13,FALSE,workspaces/apiconnect/metadata/apic-backstage-plugin.yaml,
OK,2,low,2,apiconnect,apic-backstage-plugin,generally-available,form-data,^4.0.4,npm,dependencies,overlays,runtime-prod,2026-06-12,FALSE,workspaces/apiconnect/metadata/apic-backstage-plugin.yaml,
OK,2,low,2,apiconnect,apic-backstage-plugin,generally-available,glob,^10.5.0,npm,dependencies,overlays,runtime-prod,2026-02-19,FALSE,workspaces/apiconnect/metadata/apic-backstage-plugin.yaml,
OK,2,low,2,apiconnect,apic-backstage-plugin,generally-available,handlebars,^4.7.9,npm,dependencies,overlays,runtime-prod,2026-03-26,FALSE,workspaces/apiconnect/metadata/apic-backstage-plugin.yaml,
OK,2,low,2,apiconnect,apic-backstage-plugin,generally-available,js-yaml,^4.1.1,npm,dependencies,overlays,runtime-prod,2026-08-25,FALSE,workspaces/apiconnect/metadata/apic-backstage-plugin.yaml,
OK,2,low,2,apiconnect,apic-backstage-plugin,generally-available,jsonpath,^1.3.0,npm,dependencies,overlays,runtime-prod,2026-03-05,FALSE,workspaces/apiconnect/metadata/apic-backstage-plugin.yaml,
OK,2,low,2,apiconnect,apic-backstage-plugin,generally-available,jsonpath-plus,^10.3.0,npm,dependencies,overlays,runtime-prod,2026-02-16,FALSE,workspaces/apiconnect/metadata/apic-backstage-plugin.yaml,
OK,2,low,2,apiconnect,apic-backstage-plugin,generally-available,koa,^3.2.0,npm,dependencies,overlays,runtime-prod,2026-05-21,FALSE,workspaces/apiconnect/metadata/apic-backstage-plugin.yaml,
OK,2,low,2,apiconnect,apic-backstage-plugin,generally-available,lodash,^4.18.1,npm,dependencies,overlays,runtime-prod,2026-04-01,FALSE,workspaces/apiconnect/metadata/apic-backstage-plugin.yaml,
OK,2,low,2,apiconnect,apic-backstage-plugin,generally-available,minimatch,^9.0.9,npm,dependencies,overlays,runtime-prod,2026-07-27,FALSE,workspaces/apiconnect/metadata/apic-backstage-plugin.yaml,
OK,2,low,2,apiconnect,apic-backstage-plugin,generally-available,node-forge,^1.4.0,npm,dependencies,overlays,runtime-prod,2026-03-24,FALSE,workspaces/apiconnect/metadata/apic-backstage-plugin.yaml,
OK,2,low,2,apiconnect,apic-backstage-plugin,generally-available,pbkdf2,^3.1.3,npm,dependencies,overlays,runtime-prod,2026-05-26,FALSE,workspaces/apiconnect/metadata/apic-backstage-plugin.yaml,
OK,2,low,2,apiconnect,apic-backstage-plugin,generally-available,picomatch,^4.0.4,npm,dependencies,overlays,runtime-prod,2026-08-24,FALSE,workspaces/apiconnect/metadata/apic-backstage-plugin.yaml,
OK,2,low,2,apiconnect,apic-backstage-plugin,generally-available,protobufjs,^8.0.1,npm,dependencies,overlays,runtime-prod,2026-08-08,FALSE,workspaces/apiconnect/metadata/apic-backstage-plugin.yaml,
OK,2,low,2,apiconnect,apic-backstage-plugin,generally-available,qs,^6.14.2,npm,dependencies,overlays,runtime-prod,2026-06-24,FALSE,workspaces/apiconnect/metadata/apic-backstage-plugin.yaml,
OK,2,low,2,apiconnect,apic-backstage-plugin,generally-available,rollup,^4.59.0,npm,dependencies,overlays,runtime-prod,2026-08-25,FALSE,workspaces/apiconnect/metadata/apic-backstage-plugin.yaml,
OK,2,low,2,apiconnect,apic-backstage-plugin,generally-available,sha.js,^2.4.12,npm,dependencies,overlays,runtime-prod,2025-07-01,FALSE,workspaces/apiconnect/metadata/apic-backstage-plugin.yaml,
OK,2,low,2,apiconnect,apic-backstage-plugin,generally-available,svgo,^2.8.1,npm,dependencies,overlays,runtime-prod,2026-08-24,FALSE,workspaces/apiconnect/metadata/apic-backstage-plugin.yaml,
OK,2,low,2,apiconnect,apic-backstage-plugin,generally-available,tar,^7.5.13,npm,dependencies,overlays,runtime-prod,2026-07-24,FALSE,workspaces/apiconnect/metadata/apic-backstage-plugin.yaml,
OK,2,low,2,apiconnect,apic-backstage-plugin,generally-available,tar-fs,^3.1.1,npm,dependencies,overlays,runtime-prod,2026-06-27,FALSE,workspaces/apiconnect/metadata/apic-backstage-plugin.yaml,
OK,2,low,2,apiconnect,apic-backstage-plugin,generally-available,tough-cookie,^4.1.3,npm,dependencies,overlays,runtime-prod,2026-07-07,FALSE,workspaces/apiconnect/metadata/apic-backstage-plugin.yaml,
OK,2,low,2,apiconnect,apic-backstage-plugin,generally-available,undici,^7.25.0,npm,dependencies,overlays,runtime-prod,2026-08-03,FALSE,workspaces/apiconnect/metadata/apic-backstage-plugin.yaml,
OK,2,low,2,apiconnect,apic-backstage-plugin,generally-available,uuid,^14.0.0,npm,dependencies,overlays,runtime-prod,2026-08-18,FALSE,workspaces/apiconnect/metadata/apic-backstage-plugin.yaml,
OK,2,low,2,apiconnect,apic-backstage-plugin,generally-available,webpack,^5.106.2,npm,dependencies,overlays,runtime-prod,2026-07-28,FALSE,workspaces/apiconnect/metadata/apic-backstage-plugin.yaml,
OK,2,low,2,apiconnect,apic-backstage-plugin,generally-available,yauzl,^3.2.1,npm,dependencies,overlays,runtime-prod,2026-06-07,FALSE,workspaces/apiconnect/metadata/apic-backstage-plugin.yaml,
OK,2,low,2,app-defaults,red-hat-developer-hub-backstage-plugin-app-auth,tech-preview,@backstage/cli,^0.36.3,npm,devDependencies,overlays,build,2026-08-18,FALSE,workspaces/app-defaults/metadata/red-hat-developer-hub-backstage-plugin-app-auth.yaml,
OK,2,low,2,app-defaults,red-hat-developer-hub-backstage-plugin-app-auth,tech-preview,@backstage/core-app-api,^1.20.2,npm,dependencies,overlays,runtime-prod,2026-08-18,FALSE,workspaces/app-defaults/metadata/red-hat-developer-hub-backstage-plugin-app-auth.yaml,
OK,2,low,2,app-defaults,red-hat-developer-hub-backstage-plugin-app-auth,tech-preview,@backstage/core-components,^0.18.11,npm,dependencies,overlays,runtime-prod,2026-08-18,FALSE,workspaces/app-defaults/metadata/red-hat-developer-hub-backstage-plugin-app-auth.yaml,
OK,2,low,2,app-defaults,red-hat-developer-hub-backstage-plugin-app-auth,tech-preview,@backstage/core-plugin-api,^1.12.7,npm,dependencies,overlays,runtime-prod,2026-08-18,FALSE,workspaces/app-defaults/metadata/red-hat-developer-hub-backstage-plugin-app-auth.yaml,
OK,2,low,2,app-defaults,red-hat-developer-hub-backstage-plugin-app-auth,tech-preview,@backstage/frontend-plugin-api,^0.17.2,npm,dependencies,overlays,runtime-prod,2026-08-18,FALSE,workspaces/app-defaults/metadata/red-hat-developer-hub-backstage-plugin-app-auth.yaml,
OK,2,low,2,app-defaults,red-hat-developer-hub-backstage-plugin-app-auth,tech-preview,@backstage/plugin-app,^0.5.0,npm,dependencies,overlays,runtime-prod,2026-08-18,FALSE,workspaces/app-defaults/metadata/red-hat-developer-hub-backstage-plugin-app-auth.yaml,
OK,2,low,2,app-defaults,red-hat-developer-hub-backstage-plugin-app-auth,tech-preview,@backstage/test-utils,^1.7.19,npm,devDependencies,overlays,test-only,2026-08-18,FALSE,workspaces/app-defaults/metadata/red-hat-developer-hub-backstage-plugin-app-auth.yaml,
OK,2,low,2,app-defaults,red-hat-developer-hub-backstage-plugin-app-auth,tech-preview,@mui/material,5.18.0,npm,dependencies,overlays,runtime-prod,2026-08-06,FALSE,workspaces/app-defaults/metadata/red-hat-developer-hub-backstage-plugin-app-auth.yaml,
OK,2,low,2,app-defaults,red-hat-developer-hub-backstage-plugin-app-auth,tech-preview,@red-hat-developer-hub/backstage-plugin-app-auth,0.1.1,npm,dependencies,overlays,runtime-prod,2026-08-11,FALSE,workspaces/app-defaults/metadata/red-hat-developer-hub-backstage-plugin-app-auth.yaml,
OK,2,low,2,app-defaults,red-hat-developer-hub-backstage-plugin-app-auth,tech-preview,@testing-library/jest-dom,^6.0.0,npm,devDependencies,overlays,test-only,2026-08-09,FALSE,workspaces/app-defaults/metadata/red-hat-developer-hub-backstage-plugin-app-auth.yaml,
OK,2,low,2,app-defaults,red-hat-developer-hub-backstage-plugin-app-auth,tech-preview,@testing-library/react,^16.0.0,npm,devDependencies,overlays,test-only,2026-01-19,FALSE,workspaces/app-defaults/metadata/red-hat-developer-hub-backstage-plugin-app-auth.yaml,
OK,2,low,2,app-defaults,red-hat-developer-hub-backstage-plugin-app-auth,tech-preview,@types/react,^18,npm,devDependencies,overlays,test-only,2026-07-30,FALSE,workspaces/app-defaults/metadata/red-hat-developer-hub-backstage-plugin-app-auth.yaml,
OK,2,low,2,app-defaults,red-hat-developer-hub-backstage-plugin-app-auth,tech-preview,@types/react-dom,^18,npm,devDependencies,overlays,test-only,2026-08-23,FALSE,workspaces/app-defaults/metadata/red-hat-developer-hub-backstage-plugin-app-auth.yaml,
OK,2,low,2,app-defaults,red-hat-developer-hub-backstage-plugin-app-auth,tech-preview,react,^16.13.1 || ^17.0.0 || ^18.0.0,npm,devDependencies,overlays,build,2026-07-21,FALSE,workspaces/app-defaults/metadata/red-hat-developer-hub-backstage-plugin-app-auth.yaml,
OK,2,low,2,app-defaults,red-hat-developer-hub-backstage-plugin-app-auth,tech-preview,react,^16.13.1 || ^17.0.0 || ^18.0.0,npm,peerDependencies,overlays,runtime-prod,2026-07-21,FALSE,workspaces/app-defaults/metadata/red-hat-developer-hub-backstage-plugin-app-auth.yaml,
OK,2,low,2,app-defaults,red-hat-developer-hub-backstage-plugin-app-auth,tech-preview,react-dom,^18.0.2,npm,devDependencies,overlays,build,2026-07-21,FALSE,workspaces/app-defaults/metadata/red-hat-developer-hub-backstage-plugin-app-auth.yaml,
OK,2,low,2,app-defaults,red-hat-developer-hub-backstage-plugin-app-auth,tech-preview,react-router-dom,^6.30.2,npm,devDependencies,overlays,build,2026-07-28,FALSE,workspaces/app-defaults/metadata/red-hat-developer-hub-backstage-plugin-app-auth.yaml,
OK,2,low,2,app-defaults,red-hat-developer-hub-backstage-plugin-app-defaults,tech-preview,@backstage/cli,^0.36.3,npm,devDependencies,overlays,build,2026-08-18,FALSE,workspaces/app-defaults/metadata/red-hat-developer-hub-backstage-plugin-app-defaults.yaml,
OK,2,low,2,app-defaults,red-hat-developer-hub-backstage-plugin-app-defaults,tech-preview,@backstage/frontend-plugin-api,^0.17.2,npm,dependencies,overlays,runtime-prod,2026-08-18,FALSE,workspaces/app-defaults/metadata/red-hat-developer-hub-backstage-plugin-app-defaults.yaml,
OK,2,low,2,app-defaults,red-hat-developer-hub-backstage-plugin-app-defaults,tech-preview,@backstage/test-utils,^1.7.19,npm,devDependencies,overlays,test-only,2026-08-18,FALSE,workspaces/app-defaults/metadata/red-hat-developer-hub-backstage-plugin-app-defaults.yaml,
OK,2,low,2,app-defaults,red-hat-developer-hub-backstage-plugin-app-defaults,tech-preview,@red-hat-developer-hub/backstage-plugin-app-defaults,0.0.3,npm,dependencies,overlays,runtime-prod,2026-08-19,FALSE,workspaces/app-defaults/metadata/red-hat-developer-hub-backstage-plugin-app-defaults.yaml,
OK,2,low,2,app-defaults,red-hat-developer-hub-backstage-plugin-app-defaults,tech-preview,@red-hat-developer-hub/backstage-plugin-app-react,^0.1.2,npm,dependencies,overlays,runtime-prod,2026-08-19,FALSE,workspaces/app-defaults/metadata/red-hat-developer-hub-backstage-plugin-app-defaults.yaml,
OK,2,low,2,app-defaults,red-hat-developer-hub-backstage-plugin-app-defaults,tech-preview,@testing-library/jest-dom,^6.0.0,npm,devDependencies,overlays,test-only,2026-08-09,FALSE,workspaces/app-defaults/metadata/red-hat-developer-hub-backstage-plugin-app-defaults.yaml,
OK,2,low,2,app-defaults,red-hat-developer-hub-backstage-plugin-app-defaults,tech-preview,@testing-library/react,^16.0.0,npm,devDependencies,overlays,test-only,2026-01-19,FALSE,workspaces/app-defaults/metadata/red-hat-developer-hub-backstage-plugin-app-defaults.yaml,
OK,2,low,2,app-defaults,red-hat-developer-hub-backstage-plugin-app-defaults,tech-preview,@types/react,^18,npm,devDependencies,overlays,test-only,2026-07-30,FALSE,workspaces/app-defaults/metadata/red-hat-developer-hub-backstage-plugin-app-defaults.yaml,
OK,2,low,2,app-defaults,red-hat-developer-hub-backstage-plugin-app-defaults,tech-preview,@types/react-dom,^18,npm,devDependencies,overlays,test-only,2026-08-23,FALSE,workspaces/app-defaults/metadata/red-hat-developer-hub-backstage-plugin-app-defaults.yaml,
OK,2,low,2,app-defaults,red-hat-developer-hub-backstage-plugin-app-defaults,tech-preview,react,^16.13.1 || ^17.0.0 || ^18.0.0,npm,devDependencies,overlays,build,2026-07-21,FALSE,workspaces/app-defaults/metadata/red-hat-developer-hub-backstage-plugin-app-defaults.yaml,
OK,2,low,2,app-defaults,red-hat-developer-hub-backstage-plugin-app-defaults,tech-preview,react,^16.13.1 || ^17.0.0 || ^18.0.0,npm,peerDependencies,overlays,runtime-prod,2026-07-21,FALSE,workspaces/app-defaults/metadata/red-hat-developer-hub-backstage-plugin-app-defaults.yaml,
OK,2,low,2,app-defaults,red-hat-developer-hub-backstage-plugin-app-defaults,tech-preview,react-dom,^18.0.2,npm,devDependencies,overlays,build,2026-07-21,FALSE,workspaces/app-defaults/metadata/red-hat-developer-hub-backstage-plugin-app-defaults.yaml,
OK,2,low,2,app-defaults,red-hat-developer-hub-backstage-plugin-app-defaults,tech-preview,react-router-dom,^6.30.2,npm,devDependencies,overlays,build,2026-07-28,FALSE,workspaces/app-defaults/metadata/red-hat-developer-hub-backstage-plugin-app-defaults.yaml,
OK,2,low,2,app-defaults,red-hat-developer-hub-backstage-plugin-app-integrations,tech-preview,@backstage/cli,^0.36.3,npm,devDependencies,overlays,build,2026-08-18,FALSE,workspaces/app-defaults/metadata/red-hat-developer-hub-backstage-plugin-app-integrations.yaml,
OK,2,low,2,app-defaults,red-hat-developer-hub-backstage-plugin-app-integrations,tech-preview,@backstage/core-plugin-api,^1.12.7,npm,dependencies,overlays,runtime-prod,2026-08-18,FALSE,workspaces/app-defaults/metadata/red-hat-developer-hub-backstage-plugin-app-integrations.yaml,
OK,2,low,2,app-defaults,red-hat-developer-hub-backstage-plugin-app-integrations,tech-preview,@backstage/frontend-plugin-api,^0.17.2,npm,dependencies,overlays,runtime-prod,2026-08-18,FALSE,workspaces/app-defaults/metadata/red-hat-developer-hub-backstage-plugin-app-integrations.yaml,
OK,2,low,2,app-defaults,red-hat-developer-hub-backstage-plugin-app-integrations,tech-preview,@backstage/integration-react,^1.2.19,npm,dependencies,overlays,runtime-prod,2026-08-18,FALSE,workspaces/app-defaults/metadata/red-hat-developer-hub-backstage-plugin-app-integrations.yaml,
OK,2,low,2,app-defaults,red-hat-developer-hub-backstage-plugin-app-integrations,tech-preview,@backstage/test-utils,^1.7.19,npm,devDependencies,overlays,test-only,2026-08-18,FALSE,workspaces/app-defaults/metadata/red-hat-developer-hub-backstage-plugin-app-integrations.yaml,
OK,2,low,2,app-defaults,red-hat-developer-hub-backstage-plugin-app-integrations,tech-preview,@red-hat-developer-hub/backstage-plugin-app-integrations,0.1.1,npm,dependencies,overlays,runtime-prod,2026-08-07,FALSE,workspaces/app-defaults/metadata/red-hat-developer-hub-backstage-plugin-app-integrations.yaml,
OK,2,low,2,app-defaults,red-hat-developer-hub-backstage-plugin-app-integrations,tech-preview,@testing-library/jest-dom,^6.0.0,npm,devDependencies,overlays,test-only,2026-08-09,FALSE,workspaces/app-defaults/metadata/red-hat-developer-hub-backstage-plugin-app-integrations.yaml,
OK,2,low,2,app-defaults,red-hat-developer-hub-backstage-plugin-app-integrations,tech-preview,@testing-library/react,^16.0.0,npm,devDependencies,overlays,test-only,2026-01-19,FALSE,workspaces/app-defaults/metadata/red-hat-developer-hub-backstage-plugin-app-integrations.yaml,
OK,2,low,2,app-defaults,red-hat-developer-hub-backstage-plugin-app-integrations,tech-preview,@types/react,^18,npm,devDependencies,overlays,test-only,2026-07-30,FALSE,workspaces/app-defaults/metadata/red-hat-developer-hub-backstage-plugin-app-integrations.yaml,
OK,2,low,2,app-defaults,red-hat-developer-hub-backstage-plugin-app-integrations,tech-preview,@types/react-dom,^18,npm,devDependencies,overlays,test-only,2026-08-23,FALSE,workspaces/app-defaults/metadata/red-hat-developer-hub-backstage-plugin-app-integrations.yaml,
OK,2,low,2,app-defaults,red-hat-developer-hub-backstage-plugin-app-integrations,tech-preview,react,^16.13.1 || ^17.0.0 || ^18.0.0,npm,devDependencies,overlays,build,2026-07-21,FALSE,workspaces/app-defaults/metadata/red-hat-developer-hub-backstage-plugin-app-integrations.yaml,
OK,2,low,2,app-defaults,red-hat-developer-hub-backstage-plugin-app-integrations,tech-preview,react,^16.13.1 || ^17.0.0 || ^18.0.0,npm,peerDependencies,overlays,runtime-prod,2026-07-21,FALSE,workspaces/app-defaults/metadata/red-hat-developer-hub-backstage-plugin-app-integrations.yaml,
OK,2,low,2,app-defaults,red-hat-developer-hub-backstage-plugin-app-integrations,tech-preview,react-dom,^18.0.2,npm,devDependencies,overlays,build,2026-07-21,FALSE,workspaces/app-defaults/metadata/red-hat-developer-hub-backstage-plugin-app-integrations.yaml,
OK,2,low,2,app-defaults,red-hat-developer-hub-backstage-plugin-app-integrations,tech-preview,react-router-dom,^6.30.2,npm,devDependencies,overlays,build,2026-07-28,FALSE,workspaces/app-defaults/metadata/red-hat-developer-hub-backstage-plugin-app-integrations.yaml,
OK,2,low,2,backstage,backstage-plugin-catalog-backend-module-github,generally-available,@backstage/backend-defaults,^0.17.3,npm,devDependencies,overlays,build,2026-08-18,FALSE,workspaces/backstage/metadata/backstage-plugin-catalog-backend-module-github.yaml,
OK,2,low,2,backstage,backstage-plugin-catalog-backend-module-github,generally-available,@backstage/backend-plugin-api,^1.9.2,npm,dependencies,overlays,runtime-prod,2026-08-18,FALSE,workspaces/backstage/metadata/backstage-plugin-catalog-backend-module-github.yaml,
OK,2,low,2,backstage,backstage-plugin-catalog-backend-module-github,generally-available,@backstage/backend-test-utils,^1.11.4,npm,devDependencies,overlays,test-only,2026-08-18,FALSE,workspaces/backstage/metadata/backstage-plugin-catalog-backend-module-github.yaml,
OK,2,low,2,backstage,backstage-plugin-catalog-backend-module-github,generally-available,@backstage/catalog-model,^1.9.0,npm,dependencies,overlays,runtime-prod,2026-08-18,FALSE,workspaces/backstage/metadata/backstage-plugin-catalog-backend-module-github.yaml,
OK,2,low,2,backstage,backstage-plugin-catalog-backend-module-github,generally-available,@backstage/cli,^0.36.3,npm,devDependencies,overlays,build,2026-08-18,FALSE,workspaces/backstage/metadata/backstage-plugin-catalog-backend-module-github.yaml,
OK,2,low,2,backstage,backstage-plugin-catalog-backend-module-github,generally-available,@backstage/config,^1.3.8,npm,dependencies,overlays,runtime-prod,2026-05-19,FALSE,workspaces/backstage/metadata/backstage-plugin-catalog-backend-module-github.yaml,
OK,2,low,2,backstage,backstage-plugin-catalog-backend-module-github,generally-available,@backstage/errors,^1.3.1,npm,dependencies,overlays,runtime-prod,2026-05-19,FALSE,workspaces/backstage/metadata/backstage-plugin-catalog-backend-module-github.yaml,
OK,2,low,2,backstage,backstage-plugin-catalog-backend-module-github,generally-available,@backstage/integration,^2.0.3,npm,dependencies,overlays,runtime-prod,2026-08-18,FALSE,workspaces/backstage/metadata/backstage-plugin-catalog-backend-module-github.yaml,
OK,2,low,2,backstage,backstage-plugin-catalog-backend-module-github,generally-available,@backstage/plugin-catalog-backend,^3.8.0,npm,devDependencies,overlays,build,2026-08-18,FALSE,workspaces/backstage/metadata/backstage-plugin-catalog-backend-module-github.yaml,
OK,2,low,2,backstage,backstage-plugin-catalog-backend-module-github,generally-available,@backstage/plugin-catalog-backend-module-github,0.13.3,npm,dependencies,overlays,runtime-prod,2026-08-18,FALSE,workspaces/backstage/metadata/backstage-plugin-catalog-backend-module-github.yaml,
OK,2,low,2,backstage,backstage-plugin-catalog-backend-module-github,generally-available,@backstage/plugin-catalog-common,^1.1.10,npm,dependencies,overlays,runtime-prod,2026-05-19,FALSE,workspaces/backstage/metadata/backstage-plugin-catalog-backend-module-github.yaml,
OK,2,low,2,backstage,backstage-plugin-catalog-backend-module-github,generally-available,@backstage/plugin-catalog-node,^2.2.2,npm,dependencies,overlays,runtime-prod,2026-08-18,FALSE,workspaces/backstage/metadata/backstage-plugin-catalog-backend-module-github.yaml,
OK,2,low,2,backstage,backstage-plugin-catalog-backend-module-github,generally-available,@backstage/plugin-events-backend,^0.6.3,npm,devDependencies,overlays,build,2026-08-18,FALSE,workspaces/backstage/metadata/backstage-plugin-catalog-backend-module-github.yaml,
OK,2,low,2,backstage,backstage-plugin-catalog-backend-module-github,generally-available,@backstage/plugin-events-backend-module-github,^0.4.13,npm,devDependencies,overlays,build,2026-08-18,FALSE,workspaces/backstage/metadata/backstage-plugin-catalog-backend-module-github.yaml,
OK,2,low,2,backstage,backstage-plugin-catalog-backend-module-github,generally-available,@backstage/plugin-events-backend-module-google-pubsub,^0.2.4,npm,devDependencies,overlays,build,2026-08-18,FALSE,workspaces/backstage/metadata/backstage-plugin-catalog-backend-module-github.yaml,
OK,2,low,2,backstage,backstage-plugin-catalog-backend-module-github,generally-available,@backstage/plugin-events-node,^0.4.23,npm,dependencies,overlays,runtime-prod,2026-08-18,FALSE,workspaces/backstage/metadata/backstage-plugin-catalog-backend-module-github.yaml,
OK,2,low,2,backstage,backstage-plugin-catalog-backend-module-github,generally-available,@backstage/types,^1.2.2,npm,dependencies,overlays,runtime-prod,2025-09-16,FALSE,workspaces/backstage/metadata/backstage-plugin-catalog-backend-module-github.yaml,
OK,2,low,2,backstage,backstage-plugin-catalog-backend-module-github,generally-available,@octokit/auth-callback,^5.0.0,npm,dependencies,overlays,runtime-prod,2025-05-20,FALSE,workspaces/backstage/metadata/backstage-plugin-catalog-backend-module-github.yaml,
OK,2,low,2,backstage,backstage-plugin-catalog-backend-module-github,generally-available,@octokit/core,^5.2.0,npm,dependencies,overlays,runtime-prod,2026-08-01,FALSE,workspaces/backstage/metadata/backstage-plugin-catalog-backend-module-github.yaml,
OK,2,low,2,backstage,backstage-plugin-catalog-backend-module-github,generally-available,@octokit/graphql,^7.0.2,npm,dependencies,overlays,runtime-prod,2026-08-01,FALSE,workspaces/backstage/metadata/backstage-plugin-catalog-backend-module-github.yaml,
OK,2,low,2,backstage,backstage-plugin-catalog-backend-module-github,generally-available,@octokit/plugin-retry,^6.0.0,npm,dependencies,overlays,runtime-prod,2026-08-01,FALSE,workspaces/backstage/metadata/backstage-plugin-catalog-backend-module-github.yaml,
OK,2,low,2,backstage,backstage-plugin-catalog-backend-module-github,generally-available,@octokit/plugin-throttling,^8.1.3,npm,dependencies,overlays,runtime-prod,2026-08-01,FALSE,workspaces/backstage/metadata/backstage-plugin-catalog-backend-module-github.yaml,
OK,2,low,2,backstage,backstage-plugin-catalog-backend-module-github,generally-available,@octokit/rest,^19.0.3,npm,dependencies,overlays,runtime-prod,2025-10-31,FALSE,workspaces/backstage/metadata/backstage-plugin-catalog-backend-module-github.yaml,
OK,2,low,2,backstage,backstage-plugin-catalog-backend-module-github,generally-available,@types/lodash,^4.14.151,npm,devDependencies,overlays,test-only,2026-08-01,FALSE,workspaces/backstage/metadata/backstage-plugin-catalog-backend-module-github.yaml,
OK,2,low,2,backstage,backstage-plugin-catalog-backend-module-github,generally-available,git-url-parse,^15.0.0,npm,dependencies,overlays,runtime-prod,2025-04-15,FALSE,workspaces/backstage/metadata/backstage-plugin-catalog-backend-module-github.yaml,
OK,2,low,2,backstage,backstage-plugin-catalog-backend-module-github,generally-available,lodash,^4.17.21,npm,dependencies,overlays,runtime-prod,2026-04-01,FALSE,workspaces/backstage/metadata/backstage-plugin-catalog-backend-module-github.yaml,
OK,2,low,2,backstage,backstage-plugin-catalog-backend-module-github,generally-available,minimatch,^10.2.1,npm,dependencies,overlays,runtime-prod,2026-07-27,FALSE,workspaces/backstage/metadata/backstage-plugin-catalog-backend-module-github.yaml,
OK,2,low,2,backstage,backstage-plugin-catalog-backend-module-github,generally-available,msw,^2.0.0,npm,devDependencies,overlays,build,2026-07-08,FALSE,workspaces/backstage/metadata/backstage-plugin-catalog-backend-module-github.yaml,
OK,2,low,2,backstage,backstage-plugin-catalog-backend-module-github,generally-available,octokit,^3.0.0,npm,dependencies,overlays,runtime-prod,2025-10-31,FALSE,workspaces/backstage/metadata/backstage-plugin-catalog-backend-module-github.yaml,
OK,2,low,2,backstage,backstage-plugin-catalog-backend-module-github-org,generally-available,@backstage/backend-plugin-api,^1.9.2,npm,dependencies,overlays,runtime-prod,2026-08-18,FALSE,workspaces/backstage/metadata/backstage-plugin-catalog-backend-module-github-org.yaml,
OK,2,low,2,backstage,backstage-plugin-catalog-backend-module-github-org,generally-available,@backstage/backend-test-utils,^1.11.4,npm,devDependencies,overlays,test-only,2026-08-18,FALSE,workspaces/backstage/metadata/backstage-plugin-catalog-backend-module-github-org.yaml,
OK,2,low,2,backstage,backstage-plugin-catalog-backend-module-github-org,generally-available,@backstage/cli,^0.36.3,npm,devDependencies,overlays,build,2026-08-18,FALSE,workspaces/backstage/metadata/backstage-plugin-catalog-backend-module-github-org.yaml,
OK,2,low,2,backstage,backstage-plugin-catalog-backend-module-github-org,generally-available,@backstage/config,^1.3.8,npm,dependencies,overlays,runtime-prod,2026-05-19,FALSE,workspaces/backstage/metadata/backstage-plugin-catalog-backend-module-github-org.yaml,
OK,2,low,2,backstage,backstage-plugin-catalog-backend-module-github-org,generally-available,@backstage/plugin-catalog-backend-module-github,^0.13.3,npm,dependencies,overlays,runtime-prod,2026-08-18,FALSE,workspaces/backstage/metadata/backstage-plugin-catalog-backend-module-github-org.yaml,
OK,2,low,2,backstage,backstage-plugin-catalog-backend-module-github-org,generally-available,@backstage/plugin-catalog-backend-module-github-org,0.3.23,npm,dependencies,overlays,runtime-prod,2026-08-18,FALSE,workspaces/backstage/metadata/backstage-plugin-catalog-backend-module-github-org.yaml,
OK,2,low,2,backstage,backstage-plugin-catalog-backend-module-github-org,generally-available,@backstage/plugin-catalog-node,^2.2.2,npm,dependencies,overlays,runtime-prod,2026-08-18,FALSE,workspaces/backstage/metadata/backstage-plugin-catalog-backend-module-github-org.yaml,
OK,2,low,2,backstage,backstage-plugin-catalog-backend-module-github-org,generally-available,@backstage/plugin-events-node,^0.4.23,npm,dependencies,overlays,runtime-prod,2026-08-18,FALSE,workspaces/backstage/metadata/backstage-plugin-catalog-backend-module-github-org.yaml,
OK,2,low,2,backstage,backstage-plugin-catalog-backend-module-gitlab,generally-available,@backstage/backend-defaults,^0.17.3,npm,dependencies,overlays,runtime-prod,2026-08-18,FALSE,workspaces/backstage/metadata/backstage-plugin-catalog-backend-module-gitlab.yaml,
OK,2,low,2,backstage,backstage-plugin-catalog-backend-module-gitlab,generally-available,@backstage/backend-plugin-api,^1.9.2,npm,dependencies,overlays,runtime-prod,2026-08-18,FALSE,workspaces/backstage/metadata/backstage-plugin-catalog-backend-module-gitlab.yaml,
OK,2,low,2,backstage,backstage-plugin-catalog-backend-module-gitlab,generally-available,@backstage/backend-test-utils,^1.11.4,npm,devDependencies,overlays,test-only,2026-08-18,FALSE,workspaces/backstage/metadata/backstage-plugin-catalog-backend-module-gitlab.yaml,
OK,2,low,2,backstage,backstage-plugin-catalog-backend-module-gitlab,generally-available,@backstage/catalog-model,^1.9.0,npm,dependencies,overlays,runtime-prod,2026-08-18,FALSE,workspaces/backstage/metadata/backstage-plugin-catalog-backend-module-gitlab.yaml,
OK,2,low,2,backstage,backstage-plugin-catalog-backend-module-gitlab,generally-available,@backstage/cli,^0.36.3,npm,devDependencies,overlays,build,2026-08-18,FALSE,workspaces/backstage/metadata/backstage-plugin-catalog-backend-module-gitlab.yaml,
OK,2,low,2,backstage,backstage-plugin-catalog-backend-module-gitlab,generally-available,@backstage/config,^1.3.8,npm,dependencies,overlays,runtime-prod,2026-05-19,FALSE,workspaces/backstage/metadata/backstage-plugin-catalog-backend-module-gitlab.yaml,
OK,2,low,2,backstage,backstage-plugin-catalog-backend-module-gitlab,generally-available,@backstage/errors,^1.3.1,npm,dependencies,overlays,runtime-prod,2026-05-19,FALSE,workspaces/backstage/metadata/backstage-plugin-catalog-backend-module-gitlab.yaml,
OK,2,low,2,backstage,backstage-plugin-catalog-backend-module-gitlab,generally-available,@backstage/integration,^2.0.3,npm,dependencies,overlays,runtime-prod,2026-08-18,FALSE,workspaces/backstage/metadata/backstage-plugin-catalog-backend-module-gitlab.yaml,
OK,2,low,2,backstage,backstage-plugin-catalog-backend-module-gitlab,generally-available,@backstage/plugin-catalog-backend-module-gitlab,0.8.4,npm,dependencies,overlays,runtime-prod,2026-08-18,FALSE,workspaces/backstage/metadata/backstage-plugin-catalog-backend-module-gitlab.yaml,
OK,2,low,2,backstage,backstage-plugin-catalog-backend-module-gitlab,generally-available,@backstage/plugin-catalog-common,^1.1.10,npm,dependencies,overlays,runtime-prod,2026-05-19,FALSE,workspaces/backstage/metadata/backstage-plugin-catalog-backend-module-gitlab.yaml,
OK,2,low,2,backstage,backstage-plugin-catalog-backend-module-gitlab,generally-available,@backstage/plugin-catalog-node,^2.2.2,npm,dependencies,overlays,runtime-prod,2026-08-18,FALSE,workspaces/backstage/metadata/backstage-plugin-catalog-backend-module-gitlab.yaml,
OK,2,low,2,backstage,backstage-plugin-catalog-backend-module-gitlab,generally-available,@backstage/plugin-events-backend-test-utils,^0.1.56,npm,devDependencies,overlays,test-only,2026-08-18,FALSE,workspaces/backstage/metadata/backstage-plugin-catalog-backend-module-gitlab.yaml,
OK,2,low,2,backstage,backstage-plugin-catalog-backend-module-gitlab,generally-available,@backstage/plugin-events-node,^0.4.23,npm,dependencies,overlays,runtime-prod,2026-08-18,FALSE,workspaces/backstage/metadata/backstage-plugin-catalog-backend-module-gitlab.yaml,
OK,2,low,2,backstage,backstage-plugin-catalog-backend-module-gitlab,generally-available,@gitbeaker/rest,^40.0.3,npm,dependencies,overlays,runtime-prod,2025-11-01,FALSE,workspaces/backstage/metadata/backstage-plugin-catalog-backend-module-gitlab.yaml,
OK,2,low,2,backstage,backstage-plugin-catalog-backend-module-gitlab,generally-available,@types/lodash,^4.14.151,npm,devDependencies,overlays,test-only,2026-08-01,FALSE,workspaces/backstage/metadata/backstage-plugin-catalog-backend-module-gitlab.yaml,
OK,2,low,2,backstage,backstage-plugin-catalog-backend-module-gitlab,generally-available,lodash,^4.17.21,npm,dependencies,overlays,runtime-prod,2026-04-01,FALSE,workspaces/backstage/metadata/backstage-plugin-catalog-backend-module-gitlab.yaml,
OK,2,low,2,backstage,backstage-plugin-catalog-backend-module-gitlab,generally-available,msw,^1.0.0,npm,devDependencies,overlays,build,2026-07-08,FALSE,workspaces/backstage/metadata/backstage-plugin-catalog-backend-module-gitlab.yaml,
OK,2,low,2,backstage,backstage-plugin-catalog-backend-module-gitlab-org,generally-available,@backstage/backend-plugin-api,^1.9.2,npm,dependencies,overlays,runtime-prod,2026-08-18,FALSE,workspaces/backstage/metadata/backstage-plugin-catalog-backend-module-gitlab-org.yaml,
OK,2,low,2,backstage,backstage-plugin-catalog-backend-module-gitlab-org,generally-available,@backstage/backend-test-utils,^1.11.4,npm,devDependencies,overlays,test-only,2026-08-18,FALSE,workspaces/backstage/metadata/backstage-plugin-catalog-backend-module-gitlab-org.yaml,
OK,2,low,2,backstage,backstage-plugin-catalog-backend-module-gitlab-org,generally-available,@backstage/cli,^0.36.3,npm,devDependencies,overlays,build,2026-08-18,FALSE,workspaces/backstage/metadata/backstage-plugin-catalog-backend-module-gitlab-org.yaml,
OK,2,low,2,backstage,backstage-plugin-catalog-backend-module-gitlab-org,generally-available,@backstage/plugin-catalog-backend-module-gitlab,^0.8.4,npm,dependencies,overlays,runtime-prod,2026-08-18,FALSE,workspaces/backstage/metadata/backstage-plugin-catalog-backend-module-gitlab-org.yaml,
OK,2,low,2,backstage,backstage-plugin-catalog-backend-module-gitlab-org,generally-available,@backstage/plugin-catalog-backend-module-gitlab-org,0.2.22,npm,dependencies,overlays,runtime-prod,2026-08-18,FALSE,workspaces/backstage/metadata/backstage-plugin-catalog-backend-module-gitlab-org.yaml,
OK,2,low,2,backstage,backstage-plugin-catalog-backend-module-gitlab-org,generally-available,@backstage/plugin-catalog-node,^2.2.2,npm,dependencies,overlays,runtime-prod,2026-08-18,FALSE,workspaces/backstage/metadata/backstage-plugin-catalog-backend-module-gitlab-org.yaml,
OK,2,low,2,backstage,backstage-plugin-catalog-backend-module-gitlab-org,generally-available,@backstage/plugin-events-backend-test-utils,^0.1.56,npm,devDependencies,overlays,test-only,2026-08-18,FALSE,workspaces/backstage/metadata/backstage-plugin-catalog-backend-module-gitlab-org.yaml,
OK,2,low,2,backstage,backstage-plugin-catalog-backend-module-gitlab-org,generally-available,@backstage/plugin-events-node,^0.4.23,npm,dependencies,overlays,runtime-prod,2026-08-18,FALSE,workspaces/backstage/metadata/backstage-plugin-catalog-backend-module-gitlab-org.yaml,
OK,2,low,2,backstage,backstage-plugin-catalog-backend-module-ldap,generally-available,@backstage/backend-plugin-api,^1.9.2,npm,dependencies,overlays,runtime-prod,2026-08-18,FALSE,workspaces/backstage/metadata/backstage-plugin-catalog-backend-module-ldap.yaml,
OK,2,low,2,backstage,backstage-plugin-catalog-backend-module-ldap,generally-available,@backstage/catalog-model,^1.9.0,npm,dependencies,overlays,runtime-prod,2026-08-18,FALSE,workspaces/backstage/metadata/backstage-plugin-catalog-backend-module-ldap.yaml,
OK,2,low,2,backstage,backstage-plugin-catalog-backend-module-ldap,generally-available,@backstage/cli,^0.36.3,npm,devDependencies,overlays,build,2026-08-18,FALSE,workspaces/backstage/metadata/backstage-plugin-catalog-backend-module-ldap.yaml,
OK,2,low,2,backstage,backstage-plugin-catalog-backend-module-ldap,generally-available,@backstage/config,^1.3.8,npm,dependencies,overlays,runtime-prod,2026-05-19,FALSE,workspaces/backstage/metadata/backstage-plugin-catalog-backend-module-ldap.yaml,
OK,2,low,2,backstage,backstage-plugin-catalog-backend-module-ldap,generally-available,@backstage/errors,^1.3.1,npm,dependencies,overlays,runtime-prod,2026-05-19,FALSE,workspaces/backstage/metadata/backstage-plugin-catalog-backend-module-ldap.yaml,
OK,2,low,2,backstage,backstage-plugin-catalog-backend-module-ldap,generally-available,@backstage/plugin-catalog-backend-module-ldap,0.12.6,npm,dependencies,overlays,runtime-prod,2026-08-18,FALSE,workspaces/backstage/metadata/backstage-plugin-catalog-backend-module-ldap.yaml,
OK,2,low,2,backstage,backstage-plugin-catalog-backend-module-ldap,generally-available,@backstage/plugin-catalog-common,^1.1.10,npm,dependencies,overlays,runtime-prod,2026-05-19,FALSE,workspaces/backstage/metadata/backstage-plugin-catalog-backend-module-ldap.yaml,
OK,2,low,2,backstage,backstage-plugin-catalog-backend-module-ldap,generally-available,@backstage/plugin-catalog-node,^2.2.2,npm,dependencies,overlays,runtime-prod,2026-08-18,FALSE,workspaces/backstage/metadata/backstage-plugin-catalog-backend-module-ldap.yaml,
OK,2,low,2,backstage,backstage-plugin-catalog-backend-module-ldap,generally-available,@backstage/types,^1.2.2,npm,dependencies,overlays,runtime-prod,2025-09-16,FALSE,workspaces/backstage/metadata/backstage-plugin-catalog-backend-module-ldap.yaml,
OK,2,low,2,backstage,backstage-plugin-catalog-backend-module-ldap,generally-available,@types/lodash,^4.14.151,npm,devDependencies,overlays,test-only,2026-08-01,FALSE,workspaces/backstage/metadata/backstage-plugin-catalog-backend-module-ldap.yaml,
OK,2,low,2,backstage,backstage-plugin-catalog-backend-module-ldap,generally-available,ldapts,^8.0.6,npm,dependencies,overlays,runtime-prod,2026-07-11,FALSE,workspaces/backstage/metadata/backstage-plugin-catalog-backend-module-ldap.yaml,
OK,2,low,2,backstage,backstage-plugin-catalog-backend-module-ldap,generally-available,lodash,^4.17.21,npm,dependencies,overlays,runtime-prod,2026-04-01,FALSE,workspaces/backstage/metadata/backstage-plugin-catalog-backend-module-ldap.yaml,
OK,2,low,2,backstage,backstage-plugin-catalog-backend-module-msgraph,generally-available,@azure/identity,^4.0.0,npm,dependencies,overlays,runtime-prod,2026-08-18,FALSE,workspaces/backstage/metadata/backstage-plugin-catalog-backend-module-msgraph.yaml,
OK,2,low,2,backstage,backstage-plugin-catalog-backend-module-msgraph,generally-available,@backstage/backend-plugin-api,^1.9.2,npm,dependencies,overlays,runtime-prod,2026-08-18,FALSE,workspaces/backstage/metadata/backstage-plugin-catalog-backend-module-msgraph.yaml,
OK,2,low,2,backstage,backstage-plugin-catalog-backend-module-msgraph,generally-available,@backstage/backend-test-utils,^1.11.4,npm,devDependencies,overlays,test-only,2026-08-18,FALSE,workspaces/backstage/metadata/backstage-plugin-catalog-backend-module-msgraph.yaml,
OK,2,low,2,backstage,backstage-plugin-catalog-backend-module-msgraph,generally-available,@backstage/catalog-model,^1.9.0,npm,dependencies,overlays,runtime-prod,2026-08-18,FALSE,workspaces/backstage/metadata/backstage-plugin-catalog-backend-module-msgraph.yaml,
OK,2,low,2,backstage,backstage-plugin-catalog-backend-module-msgraph,generally-available,@backstage/cli,^0.36.3,npm,devDependencies,overlays,build,2026-08-18,FALSE,workspaces/backstage/metadata/backstage-plugin-catalog-backend-module-msgraph.yaml,
OK,2,low,2,backstage,backstage-plugin-catalog-backend-module-msgraph,generally-available,@backstage/config,^1.3.8,npm,dependencies,overlays,runtime-prod,2026-05-19,FALSE,workspaces/backstage/metadata/backstage-plugin-catalog-backend-module-msgraph.yaml,
OK,2,low,2,backstage,backstage-plugin-catalog-backend-module-msgraph,generally-available,@backstage/plugin-catalog-backend-module-msgraph,0.10.3,npm,dependencies,overlays,runtime-prod,2026-08-18,FALSE,workspaces/backstage/metadata/backstage-plugin-catalog-backend-module-msgraph.yaml,
OK,2,low,2,backstage,backstage-plugin-catalog-backend-module-msgraph,generally-available,@backstage/plugin-catalog-common,^1.1.10,npm,dependencies,overlays,runtime-prod,2026-05-19,FALSE,workspaces/backstage/metadata/backstage-plugin-catalog-backend-module-msgraph.yaml,
OK,2,low,2,backstage,backstage-plugin-catalog-backend-module-msgraph,generally-available,@backstage/plugin-catalog-node,^2.2.2,npm,dependencies,overlays,runtime-prod,2026-08-18,FALSE,workspaces/backstage/metadata/backstage-plugin-catalog-backend-module-msgraph.yaml,
OK,2,low,2,backstage,backstage-plugin-catalog-backend-module-msgraph,generally-available,@microsoft/microsoft-graph-types,^2.6.0,npm,dependencies,overlays,runtime-prod,2025-10-03,FALSE,workspaces/backstage/metadata/backstage-plugin-catalog-backend-module-msgraph.yaml,
OK,2,low,2,backstage,backstage-plugin-catalog-backend-module-msgraph,generally-available,@types/lodash,^4.14.151,npm,devDependencies,overlays,test-only,2026-08-01,FALSE,workspaces/backstage/metadata/backstage-plugin-catalog-backend-module-msgraph.yaml,
OK,2,low,2,backstage,backstage-plugin-catalog-backend-module-msgraph,generally-available,lodash,^4.17.21,npm,dependencies,overlays,runtime-prod,2026-04-01,FALSE,workspaces/backstage/metadata/backstage-plugin-catalog-backend-module-msgraph.yaml,
OK,2,low,2,backstage,backstage-plugin-catalog-backend-module-msgraph,generally-available,msw,^1.0.0,npm,devDependencies,overlays,build,2026-07-08,FALSE,workspaces/backstage/metadata/backstage-plugin-catalog-backend-module-msgraph.yaml,
OK,2,low,2,backstage,backstage-plugin-catalog-backend-module-msgraph,generally-available,p-limit,^3.0.2,npm,dependencies,overlays,runtime-prod,2026-07-20,FALSE,workspaces/backstage/metadata/backstage-plugin-catalog-backend-module-msgraph.yaml,
OK,2,low,2,backstage,backstage-plugin-catalog-backend-module-msgraph,generally-available,qs,^6.15.2,npm,dependencies,overlays,runtime-prod,2026-06-24,FALSE,workspaces/backstage/metadata/backstage-plugin-catalog-backend-module-msgraph.yaml,
OK,2,low,2,backstage,backstage-plugin-events-backend-module-github,tech-preview,@backstage/backend-plugin-api,^1.9.2,npm,dependencies,overlays,runtime-prod,2026-08-18,FALSE,workspaces/backstage/metadata/backstage-plugin-events-backend-module-github.yaml,
OK,2,low,2,backstage,backstage-plugin-events-backend-module-github,tech-preview,@backstage/backend-test-utils,^1.11.4,npm,devDependencies,overlays,test-only,2026-08-18,FALSE,workspaces/backstage/metadata/backstage-plugin-events-backend-module-github.yaml,
OK,2,low,2,backstage,backstage-plugin-events-backend-module-github,tech-preview,@backstage/cli,^0.36.3,npm,devDependencies,overlays,build,2026-08-18,FALSE,workspaces/backstage/metadata/backstage-plugin-events-backend-module-github.yaml,
OK,2,low,2,backstage,backstage-plugin-events-backend-module-github,tech-preview,@backstage/config,^1.3.8,npm,dependencies,overlays,runtime-prod,2026-05-19,FALSE,workspaces/backstage/metadata/backstage-plugin-events-backend-module-github.yaml,
OK,2,low,2,backstage,backstage-plugin-events-backend-module-github,tech-preview,@backstage/integration,^2.0.3,npm,dependencies,overlays,runtime-prod,2026-08-18,FALSE,workspaces/backstage/metadata/backstage-plugin-events-backend-module-github.yaml,
OK,2,low,2,backstage,backstage-plugin-events-backend-module-github,tech-preview,@backstage/plugin-events-backend-module-github,0.4.13,npm,dependencies,overlays,runtime-prod,2026-08-18,FALSE,workspaces/backstage/metadata/backstage-plugin-events-backend-module-github.yaml,
OK,2,low,2,backstage,backstage-plugin-events-backend-module-github,tech-preview,@backstage/plugin-events-backend-test-utils,^0.1.56,npm,devDependencies,overlays,test-only,2026-08-18,FALSE,workspaces/backstage/metadata/backstage-plugin-events-backend-module-github.yaml,
OK,2,low,2,backstage,backstage-plugin-events-backend-module-github,tech-preview,@backstage/plugin-events-node,^0.4.23,npm,dependencies,overlays,runtime-prod,2026-08-18,FALSE,workspaces/backstage/metadata/backstage-plugin-events-backend-module-github.yaml,
OK,2,low,2,backstage,backstage-plugin-events-backend-module-github,tech-preview,@backstage/types,^1.2.2,npm,dependencies,overlays,runtime-prod,2025-09-16,FALSE,workspaces/backstage/metadata/backstage-plugin-events-backend-module-github.yaml,
OK,2,low,2,backstage,backstage-plugin-events-backend-module-github,tech-preview,@octokit/auth-callback,^5.0.0,npm,dependencies,overlays,runtime-prod,2025-05-20,FALSE,workspaces/backstage/metadata/backstage-plugin-events-backend-module-github.yaml,
OK,2,low,2,backstage,backstage-plugin-events-backend-module-github,tech-preview,@octokit/webhooks-methods,^3.0.0,npm,dependencies,overlays,runtime-prod,2025-05-20,FALSE,workspaces/backstage/metadata/backstage-plugin-events-backend-module-github.yaml,
OK,2,low,2,backstage,backstage-plugin-events-backend-module-github,tech-preview,lodash,^4.17.21,npm,dependencies,overlays,runtime-prod,2026-04-01,FALSE,workspaces/backstage/metadata/backstage-plugin-events-backend-module-github.yaml,
OK,2,low,2,backstage,backstage-plugin-events-backend-module-github,tech-preview,octokit,^3.0.0,npm,dependencies,overlays,runtime-prod,2025-10-31,FALSE,workspaces/backstage/metadata/backstage-plugin-events-backend-module-github.yaml,
OK,2,low,2,backstage,backstage-plugin-events-backend-module-gitlab,tech-preview,@backstage/backend-plugin-api,^1.9.2,npm,dependencies,overlays,runtime-prod,2026-08-18,FALSE,workspaces/backstage/metadata/backstage-plugin-events-backend-module-gitlab.yaml,
OK,2,low,2,backstage,backstage-plugin-events-backend-module-gitlab,tech-preview,@backstage/backend-test-utils,^1.11.4,npm,devDependencies,overlays,test-only,2026-08-18,FALSE,workspaces/backstage/metadata/backstage-plugin-events-backend-module-gitlab.yaml,
OK,2,low,2,backstage,backstage-plugin-events-backend-module-gitlab,tech-preview,@backstage/cli,^0.36.3,npm,devDependencies,overlays,build,2026-08-18,FALSE,workspaces/backstage/metadata/backstage-plugin-events-backend-module-gitlab.yaml,
OK,2,low,2,backstage,backstage-plugin-events-backend-module-gitlab,tech-preview,@backstage/config,^1.3.8,npm,dependencies,overlays,runtime-prod,2026-05-19,FALSE,workspaces/backstage/metadata/backstage-plugin-events-backend-module-gitlab.yaml,
OK,2,low,2,backstage,backstage-plugin-events-backend-module-gitlab,tech-preview,@backstage/plugin-events-backend-module-gitlab,0.3.13,npm,dependencies,overlays,runtime-prod,2026-08-18,FALSE,workspaces/backstage/metadata/backstage-plugin-events-backend-module-gitlab.yaml,
OK,2,low,2,backstage,backstage-plugin-events-backend-module-gitlab,tech-preview,@backstage/plugin-events-backend-test-utils,^0.1.56,npm,devDependencies,overlays,test-only,2026-08-18,FALSE,workspaces/backstage/metadata/backstage-plugin-events-backend-module-gitlab.yaml,
OK,2,low,2,backstage,backstage-plugin-events-backend-module-gitlab,tech-preview,@backstage/plugin-events-node,^0.4.23,npm,dependencies,overlays,runtime-prod,2026-08-18,FALSE,workspaces/backstage/metadata/backstage-plugin-events-backend-module-gitlab.yaml,
OK,2,low,2,backstage,backstage-plugin-kubernetes,tech-preview,@backstage/catalog-model,^1.9.0,npm,dependencies,overlays,runtime-prod,2026-08-18,FALSE,workspaces/backstage/metadata/backstage-plugin-kubernetes.yaml,
OK,2,low,2,backstage,backstage-plugin-kubernetes,tech-preview,@backstage/cli,^0.36.3,npm,devDependencies,overlays,build,2026-08-18,FALSE,workspaces/backstage/metadata/backstage-plugin-kubernetes.yaml,
OK,2,low,2,backstage,backstage-plugin-kubernetes,tech-preview,@backstage/core-components,^0.18.11,npm,dependencies,overlays,runtime-prod,2026-08-18,FALSE,workspaces/backstage/metadata/backstage-plugin-kubernetes.yaml,
OK,2,low,2,backstage,backstage-plugin-kubernetes,tech-preview,@backstage/core-plugin-api,^1.12.7,npm,dependencies,overlays,runtime-prod,2026-08-18,FALSE,workspaces/backstage/metadata/backstage-plugin-kubernetes.yaml,
OK,2,low,2,backstage,backstage-plugin-kubernetes,tech-preview,@backstage/dev-utils,^1.1.24,npm,devDependencies,overlays,build,2026-08-18,FALSE,workspaces/backstage/metadata/backstage-plugin-kubernetes.yaml,
OK,2,low,2,backstage,backstage-plugin-kubernetes,tech-preview,@backstage/frontend-plugin-api,^0.17.2,npm,dependencies,overlays,runtime-prod,2026-08-18,FALSE,workspaces/backstage/metadata/backstage-plugin-kubernetes.yaml,
OK,2,low,2,backstage,backstage-plugin-kubernetes,tech-preview,@backstage/plugin-catalog-react,^3.1.0,npm,dependencies,overlays,runtime-prod,2026-08-25,FALSE,workspaces/backstage/metadata/backstage-plugin-kubernetes.yaml,
OK,2,low,2,backstage,backstage-plugin-kubernetes,tech-preview,@backstage/plugin-kubernetes,0.12.20,npm,dependencies,overlays,runtime-prod,2026-08-18,FALSE,workspaces/backstage/metadata/backstage-plugin-kubernetes.yaml,
OK,2,low,2,backstage,backstage-plugin-kubernetes,tech-preview,@backstage/plugin-kubernetes-common,^0.9.12,npm,dependencies,overlays,runtime-prod,2026-05-19,FALSE,workspaces/backstage/metadata/backstage-plugin-kubernetes.yaml,
OK,2,low,2,backstage,backstage-plugin-kubernetes,tech-preview,@backstage/plugin-kubernetes-react,^0.5.20,npm,dependencies,overlays,runtime-prod,2026-08-18,FALSE,workspaces/backstage/metadata/backstage-plugin-kubernetes.yaml,
OK,2,low,2,backstage,backstage-plugin-kubernetes,tech-preview,@backstage/plugin-permission-react,^0.5.2,npm,dependencies,overlays,runtime-prod,2026-08-18,FALSE,workspaces/backstage/metadata/backstage-plugin-kubernetes.yaml,
OK,2,low,2,backstage,backstage-plugin-kubernetes,tech-preview,@backstage/test-utils,^1.7.19,npm,devDependencies,overlays,test-only,2026-08-18,FALSE,workspaces/backstage/metadata/backstage-plugin-kubernetes.yaml,
OK,2,low,2,backstage,backstage-plugin-kubernetes,tech-preview,@testing-library/dom,^10.0.0,npm,devDependencies,overlays,test-only,2025-07-27,FALSE,workspaces/backstage/metadata/backstage-plugin-kubernetes.yaml,
OK,2,low,2,backstage,backstage-plugin-kubernetes,tech-preview,@testing-library/jest-dom,^6.0.0,npm,devDependencies,overlays,test-only,2026-08-09,FALSE,workspaces/backstage/metadata/backstage-plugin-kubernetes.yaml,
OK,2,low,2,backstage,backstage-plugin-kubernetes,tech-preview,@testing-library/react,^16.0.0,npm,devDependencies,overlays,test-only,2026-01-19,FALSE,workspaces/backstage/metadata/backstage-plugin-kubernetes.yaml,
OK,2,low,2,backstage,backstage-plugin-kubernetes,tech-preview,@types/react,^17.0.0 || ^18.0.0,npm,peerDependencies,overlays,test-only,2026-07-30,FALSE,workspaces/backstage/metadata/backstage-plugin-kubernetes.yaml,
OK,2,low,2,backstage,backstage-plugin-kubernetes,tech-preview,@types/react,^18.0.0,npm,devDependencies,overlays,test-only,2026-07-30,FALSE,workspaces/backstage/metadata/backstage-plugin-kubernetes.yaml,
OK,2,low,2,backstage,backstage-plugin-kubernetes,tech-preview,react,^17.0.0 || ^18.0.0,npm,peerDependencies,overlays,runtime-prod,2026-07-21,FALSE,workspaces/backstage/metadata/backstage-plugin-kubernetes.yaml,
OK,2,low,2,backstage,backstage-plugin-kubernetes,tech-preview,react,^18.0.2,npm,devDependencies,overlays,build,2026-07-21,FALSE,workspaces/backstage/metadata/backstage-plugin-kubernetes.yaml,
OK,2,low,2,backstage,backstage-plugin-kubernetes,tech-preview,react-dom,^17.0.0 || ^18.0.0,npm,peerDependencies,overlays,runtime-prod,2026-07-21,FALSE,workspaces/backstage/metadata/backstage-plugin-kubernetes.yaml,
OK,2,low,2,backstage,backstage-plugin-kubernetes,tech-preview,react-dom,^18.0.2,npm,devDependencies,overlays,build,2026-07-21,FALSE,workspaces/backstage/metadata/backstage-plugin-kubernetes.yaml,
OK,2,low,2,backstage,backstage-plugin-kubernetes,tech-preview,react-router-dom,^6.30.2,npm,devDependencies,overlays,build,2026-07-28,FALSE,workspaces/backstage/metadata/backstage-plugin-kubernetes.yaml,
OK,2,low,2,backstage,backstage-plugin-kubernetes,tech-preview,react-router-dom,^6.30.2,npm,peerDependencies,overlays,runtime-prod,2026-07-28,FALSE,workspaces/backstage/metadata/backstage-plugin-kubernetes.yaml,
OK,2,low,2,backstage,backstage-plugin-kubernetes-backend,generally-available,@aws-sdk/credential-providers,^3.350.0,npm,dependencies,overlays,runtime-prod,2026-08-25,FALSE,workspaces/backstage/metadata/backstage-plugin-kubernetes-backend.yaml,
OK,2,low,2,backstage,backstage-plugin-kubernetes-backend,generally-available,@azure/identity,^4.0.0,npm,dependencies,overlays,runtime-prod,2026-08-18,FALSE,workspaces/backstage/metadata/backstage-plugin-kubernetes-backend.yaml,
OK,2,low,2,backstage,backstage-plugin-kubernetes-backend,generally-available,@backstage/backend-defaults,^0.17.3,npm,devDependencies,overlays,build,2026-08-18,FALSE,workspaces/backstage/metadata/backstage-plugin-kubernetes-backend.yaml,
OK,2,low,2,backstage,backstage-plugin-kubernetes-backend,generally-available,@backstage/backend-plugin-api,^1.9.2,npm,dependencies,overlays,runtime-prod,2026-08-18,FALSE,workspaces/backstage/metadata/backstage-plugin-kubernetes-backend.yaml,
OK,2,low,2,backstage,backstage-plugin-kubernetes-backend,generally-available,@backstage/backend-test-utils,^1.11.4,npm,devDependencies,overlays,test-only,2026-08-18,FALSE,workspaces/backstage/metadata/backstage-plugin-kubernetes-backend.yaml,
OK,2,low,2,backstage,backstage-plugin-kubernetes-backend,generally-available,@backstage/catalog-client,^1.16.0,npm,dependencies,overlays,runtime-prod,2026-07-14,FALSE,workspaces/backstage/metadata/backstage-plugin-kubernetes-backend.yaml,
OK,2,low,2,backstage,backstage-plugin-kubernetes-backend,generally-available,@backstage/catalog-model,^1.9.0,npm,dependencies,overlays,runtime-prod,2026-08-18,FALSE,workspaces/backstage/metadata/backstage-plugin-kubernetes-backend.yaml,
OK,2,low,2,backstage,backstage-plugin-kubernetes-backend,generally-available,@backstage/cli,^0.36.3,npm,devDependencies,overlays,build,2026-08-18,FALSE,workspaces/backstage/metadata/backstage-plugin-kubernetes-backend.yaml,
OK,2,low,2,backstage,backstage-plugin-kubernetes-backend,generally-available,@backstage/config,^1.3.8,npm,dependencies,overlays,runtime-prod,2026-05-19,FALSE,workspaces/backstage/metadata/backstage-plugin-kubernetes-backend.yaml,
OK,2,low,2,backstage,backstage-plugin-kubernetes-backend,generally-available,@backstage/errors,^1.3.1,npm,dependencies,overlays,runtime-prod,2026-05-19,FALSE,workspaces/backstage/metadata/backstage-plugin-kubernetes-backend.yaml,
OK,2,low,2,backstage,backstage-plugin-kubernetes-backend,generally-available,@backstage/integration-aws-node,^0.2.0,npm,dependencies,overlays,runtime-prod,2026-08-18,FALSE,workspaces/backstage/metadata/backstage-plugin-kubernetes-backend.yaml,
OK,2,low,2,backstage,backstage-plugin-kubernetes-backend,generally-available,@backstage/plugin-catalog-node,^2.2.2,npm,dependencies,overlays,runtime-prod,2026-08-18,FALSE,workspaces/backstage/metadata/backstage-plugin-kubernetes-backend.yaml,
OK,2,low,2,backstage,backstage-plugin-kubernetes-backend,generally-available,@backstage/plugin-kubernetes-backend,0.21.5,npm,dependencies,overlays,runtime-prod,2026-08-22,FALSE,workspaces/backstage/metadata/backstage-plugin-kubernetes-backend.yaml,
OK,2,low,2,backstage,backstage-plugin-kubernetes-backend,generally-available,@backstage/plugin-kubernetes-common,^0.9.12,npm,dependencies,overlays,runtime-prod,2026-05-19,FALSE,workspaces/backstage/metadata/backstage-plugin-kubernetes-backend.yaml,
OK,2,low,2,backstage,backstage-plugin-kubernetes-backend,generally-available,@backstage/plugin-kubernetes-node,^0.4.5,npm,dependencies,overlays,runtime-prod,2026-08-18,FALSE,workspaces/backstage/metadata/backstage-plugin-kubernetes-backend.yaml,
OK,2,low,2,backstage,backstage-plugin-kubernetes-backend,generally-available,@backstage/plugin-permission-backend,^0.7.13,npm,devDependencies,overlays,build,2026-08-18,FALSE,workspaces/backstage/metadata/backstage-plugin-kubernetes-backend.yaml,
OK,2,low,2,backstage,backstage-plugin-kubernetes-backend,generally-available,@backstage/plugin-permission-backend-module-allow-all-policy,^0.2.20,npm,devDependencies,overlays,build,2026-08-18,FALSE,workspaces/backstage/metadata/backstage-plugin-kubernetes-backend.yaml,
OK,2,low,2,backstage,backstage-plugin-kubernetes-backend,generally-available,@backstage/plugin-permission-common,^0.9.9,npm,dependencies,overlays,runtime-prod,2026-08-18,FALSE,workspaces/backstage/metadata/backstage-plugin-kubernetes-backend.yaml,
OK,2,low,2,backstage,backstage-plugin-kubernetes-backend,generally-available,@backstage/plugin-permission-node,^0.11.1,npm,dependencies,overlays,runtime-prod,2026-08-18,FALSE,workspaces/backstage/metadata/backstage-plugin-kubernetes-backend.yaml,
OK,2,low,2,backstage,backstage-plugin-kubernetes-backend,generally-available,@backstage/types,^1.2.2,npm,dependencies,overlays,runtime-prod,2025-09-16,FALSE,workspaces/backstage/metadata/backstage-plugin-kubernetes-backend.yaml,
OK,2,low,2,backstage,backstage-plugin-kubernetes-backend,generally-available,@google-cloud/container,^5.0.0,npm,dependencies,overlays,runtime-prod,2026-08-10,FALSE,workspaces/backstage/metadata/backstage-plugin-kubernetes-backend.yaml,
OK,2,low,2,backstage,backstage-plugin-kubernetes-backend,generally-available,@kubernetes/client-node,1.4.0,npm,dependencies,overlays,runtime-prod,2026-08-12,FALSE,workspaces/backstage/metadata/backstage-plugin-kubernetes-backend.yaml,
OK,2,low,2,backstage,backstage-plugin-kubernetes-backend,generally-available,@smithy/signature-v4,^4.1.0,npm,dependencies,overlays,runtime-prod,2026-08-20,FALSE,workspaces/backstage/metadata/backstage-plugin-kubernetes-backend.yaml,
OK,2,low,2,backstage,backstage-plugin-kubernetes-backend,generally-available,@types/express,^4.17.6,npm,devDependencies,overlays,test-only,2025-12-01,FALSE,workspaces/backstage/metadata/backstage-plugin-kubernetes-backend.yaml,
OK,2,low,2,backstage,backstage-plugin-kubernetes-backend,generally-available,express,^4.22.0,npm,dependencies,overlays,runtime-prod,2025-12-01,FALSE,workspaces/backstage/metadata/backstage-plugin-kubernetes-backend.yaml,
OK,2,low,2,backstage,backstage-plugin-kubernetes-backend,generally-available,fs-extra,^11.2.0,npm,dependencies,overlays,runtime-prod,2026-07-23,FALSE,workspaces/backstage/metadata/backstage-plugin-kubernetes-backend.yaml,
OK,2,low,2,backstage,backstage-plugin-kubernetes-backend,generally-available,http-proxy-middleware,^2.0.6,npm,dependencies,overlays,runtime-prod,2026-07-04,FALSE,workspaces/backstage/metadata/backstage-plugin-kubernetes-backend.yaml,
OK,2,low,2,backstage,backstage-plugin-kubernetes-backend,generally-available,lodash,^4.17.21,npm,dependencies,overlays,runtime-prod,2026-04-01,FALSE,workspaces/backstage/metadata/backstage-plugin-kubernetes-backend.yaml,
OK,2,low,2,backstage,backstage-plugin-kubernetes-backend,generally-available,luxon,^3.0.0,npm,dependencies,overlays,runtime-prod,2025-09-05,FALSE,workspaces/backstage/metadata/backstage-plugin-kubernetes-backend.yaml,
OK,2,low,2,backstage,backstage-plugin-kubernetes-backend,generally-available,msw,^1.0.0,npm,devDependencies,overlays,build,2026-07-08,FALSE,workspaces/backstage/metadata/backstage-plugin-kubernetes-backend.yaml,
OK,2,low,2,backstage,backstage-plugin-kubernetes-backend,generally-available,supertest,^7.0.0,npm,devDependencies,overlays,build,2026-01-06,FALSE,workspaces/backstage/metadata/backstage-plugin-kubernetes-backend.yaml,
OK,2,low,2,backstage,backstage-plugin-kubernetes-backend,generally-available,ws,^8.20.1,npm,devDependencies,overlays,build,2026-08-07,FALSE,workspaces/backstage/metadata/backstage-plugin-kubernetes-backend.yaml,
OK,2,low,2,backstage,backstage-plugin-notifications,tech-preview,@backstage/cli,^0.36.3,npm,devDependencies,overlays,build,2026-08-18,FALSE,workspaces/backstage/metadata/backstage-plugin-notifications.yaml,
OK,2,low,2,backstage,backstage-plugin-notifications,tech-preview,@backstage/core-components,^0.18.11,npm,dependencies,overlays,runtime-prod,2026-08-18,FALSE,workspaces/backstage/metadata/backstage-plugin-notifications.yaml,
OK,2,low,2,backstage,backstage-plugin-notifications,tech-preview,@backstage/core-plugin-api,^1.12.7,npm,dependencies,overlays,runtime-prod,2026-08-18,FALSE,workspaces/backstage/metadata/backstage-plugin-notifications.yaml,
OK,2,low,2,backstage,backstage-plugin-notifications,tech-preview,@backstage/dev-utils,^1.1.24,npm,devDependencies,overlays,build,2026-08-18,FALSE,workspaces/backstage/metadata/backstage-plugin-notifications.yaml,
OK,2,low,2,backstage,backstage-plugin-notifications,tech-preview,@backstage/errors,^1.3.1,npm,dependencies,overlays,runtime-prod,2026-05-19,FALSE,workspaces/backstage/metadata/backstage-plugin-notifications.yaml,
OK,2,low,2,backstage,backstage-plugin-notifications,tech-preview,@backstage/frontend-plugin-api,^0.17.2,npm,dependencies,overlays,runtime-prod,2026-08-18,FALSE,workspaces/backstage/metadata/backstage-plugin-notifications.yaml,
OK,2,low,2,backstage,backstage-plugin-notifications,tech-preview,@backstage/plugin-notifications,0.5.18,npm,dependencies,overlays,runtime-prod,2026-08-18,FALSE,workspaces/backstage/metadata/backstage-plugin-notifications.yaml,
OK,2,low,2,backstage,backstage-plugin-notifications,tech-preview,@backstage/plugin-notifications-common,^0.2.3,npm,dependencies,overlays,runtime-prod,2026-05-19,FALSE,workspaces/backstage/metadata/backstage-plugin-notifications.yaml,
OK,2,low,2,backstage,backstage-plugin-notifications,tech-preview,@backstage/plugin-signals,^0.0.32,npm,devDependencies,overlays,build,2026-08-18,FALSE,workspaces/backstage/metadata/backstage-plugin-notifications.yaml,
OK,2,low,2,backstage,backstage-plugin-notifications,tech-preview,@backstage/plugin-signals-react,^0.0.23,npm,dependencies,overlays,runtime-prod,2026-08-18,FALSE,workspaces/backstage/metadata/backstage-plugin-notifications.yaml,
OK,2,low,2,backstage,backstage-plugin-notifications,tech-preview,@backstage/test-utils,^1.7.19,npm,devDependencies,overlays,test-only,2026-08-18,FALSE,workspaces/backstage/metadata/backstage-plugin-notifications.yaml,
OK,2,low,2,backstage,backstage-plugin-notifications,tech-preview,@backstage/theme,^0.7.3,npm,dependencies,overlays,runtime-prod,2026-04-14,FALSE,workspaces/backstage/metadata/backstage-plugin-notifications.yaml,
OK,2,low,2,backstage,backstage-plugin-notifications,tech-preview,@backstage/ui,^0.16.0,npm,dependencies,overlays,runtime-prod,2026-08-18,FALSE,workspaces/backstage/metadata/backstage-plugin-notifications.yaml,
OK,2,low,2,backstage,backstage-plugin-notifications,tech-preview,@remixicon/react,>=4.6.0 <4.9.0,npm,dependencies,overlays,runtime-prod,2026-01-29,FALSE,workspaces/backstage/metadata/backstage-plugin-notifications.yaml,
OK,2,low,2,backstage,backstage-plugin-notifications,tech-preview,@testing-library/jest-dom,^6.0.0,npm,devDependencies,overlays,test-only,2026-08-09,FALSE,workspaces/backstage/metadata/backstage-plugin-notifications.yaml,
OK,2,low,2,backstage,backstage-plugin-notifications,tech-preview,@testing-library/react,^16.0.0,npm,devDependencies,overlays,test-only,2026-01-19,FALSE,workspaces/backstage/metadata/backstage-plugin-notifications.yaml,
OK,2,low,2,backstage,backstage-plugin-notifications,tech-preview,@types/react,^17.0.0 || ^18.0.0,npm,peerDependencies,overlays,test-only,2026-07-30,FALSE,workspaces/backstage/metadata/backstage-plugin-notifications.yaml,
OK,2,low,2,backstage,backstage-plugin-notifications,tech-preview,@types/react,^18.0.0,npm,devDependencies,overlays,test-only,2026-07-30,FALSE,workspaces/backstage/metadata/backstage-plugin-notifications.yaml,
OK,2,low,2,backstage,backstage-plugin-notifications,tech-preview,lodash,^4.17.21,npm,dependencies,overlays,runtime-prod,2026-04-01,FALSE,workspaces/backstage/metadata/backstage-plugin-notifications.yaml,
OK,2,low,2,backstage,backstage-plugin-notifications,tech-preview,msw,^1.0.0,npm,devDependencies,overlays,build,2026-07-08,FALSE,workspaces/backstage/metadata/backstage-plugin-notifications.yaml,
OK,2,low,2,backstage,backstage-plugin-notifications,tech-preview,react,^17.0.0 || ^18.0.0,npm,peerDependencies,overlays,runtime-prod,2026-07-21,FALSE,workspaces/backstage/metadata/backstage-plugin-notifications.yaml,
OK,2,low,2,backstage,backstage-plugin-notifications,tech-preview,react,^18.0.2,npm,devDependencies,overlays,build,2026-07-21,FALSE,workspaces/backstage/metadata/backstage-plugin-notifications.yaml,
OK,2,low,2,backstage,backstage-plugin-notifications,tech-preview,react-aria-components,~1.17.0,npm,dependencies,overlays,runtime-prod,2026-07-31,FALSE,workspaces/backstage/metadata/backstage-plugin-notifications.yaml,
OK,2,low,2,backstage,backstage-plugin-notifications,tech-preview,react-dom,^17.0.0 || ^18.0.0,npm,peerDependencies,overlays,runtime-prod,2026-07-21,FALSE,workspaces/backstage/metadata/backstage-plugin-notifications.yaml,
OK,2,low,2,backstage,backstage-plugin-notifications,tech-preview,react-dom,^18.0.2,npm,devDependencies,overlays,build,2026-07-21,FALSE,workspaces/backstage/metadata/backstage-plugin-notifications.yaml,
OK,2,low,2,backstage,backstage-plugin-notifications,tech-preview,react-router-dom,^6.30.2,npm,devDependencies,overlays,build,2026-07-28,FALSE,workspaces/backstage/metadata/backstage-plugin-notifications.yaml,
OK,2,low,2,backstage,backstage-plugin-notifications,tech-preview,react-router-dom,^6.30.2,npm,peerDependencies,overlays,runtime-prod,2026-07-28,FALSE,workspaces/backstage/metadata/backstage-plugin-notifications.yaml,
OK,2,low,2,backstage,backstage-plugin-notifications,tech-preview,react-use,^17.2.4,npm,dependencies,overlays,runtime-prod,2026-06-10,FALSE,workspaces/backstage/metadata/backstage-plugin-notifications.yaml,
OK,2,low,2,backstage,backstage-plugin-notifications-backend,tech-preview,@backstage/backend-defaults,^0.17.3,npm,devDependencies,overlays,build,2026-08-18,FALSE,workspaces/backstage/metadata/backstage-plugin-notifications-backend.yaml,
OK,2,low,2,backstage,backstage-plugin-notifications-backend,tech-preview,@backstage/backend-openapi-utils,^0.6.10,npm,dependencies,overlays,runtime-prod,2026-08-18,FALSE,workspaces/backstage/metadata/backstage-plugin-notifications-backend.yaml,
OK,2,low,2,backstage,backstage-plugin-notifications-backend,tech-preview,@backstage/backend-plugin-api,^1.9.2,npm,dependencies,overlays,runtime-prod,2026-08-18,FALSE,workspaces/backstage/metadata/backstage-plugin-notifications-backend.yaml,
OK,2,low,2,backstage,backstage-plugin-notifications-backend,tech-preview,@backstage/backend-test-utils,^1.11.4,npm,devDependencies,overlays,test-only,2026-08-18,FALSE,workspaces/backstage/metadata/backstage-plugin-notifications-backend.yaml,
OK,2,low,2,backstage,backstage-plugin-notifications-backend,tech-preview,@backstage/catalog-model,^1.9.0,npm,dependencies,overlays,runtime-prod,2026-08-18,FALSE,workspaces/backstage/metadata/backstage-plugin-notifications-backend.yaml,
OK,2,low,2,backstage,backstage-plugin-notifications-backend,tech-preview,@backstage/cli,^0.36.3,npm,devDependencies,overlays,build,2026-08-18,FALSE,workspaces/backstage/metadata/backstage-plugin-notifications-backend.yaml,
OK,2,low,2,backstage,backstage-plugin-notifications-backend,tech-preview,@backstage/config,^1.3.8,npm,dependencies,overlays,runtime-prod,2026-05-19,FALSE,workspaces/backstage/metadata/backstage-plugin-notifications-backend.yaml,
OK,2,low,2,backstage,backstage-plugin-notifications-backend,tech-preview,@backstage/errors,^1.3.1,npm,dependencies,overlays,runtime-prod,2026-05-19,FALSE,workspaces/backstage/metadata/backstage-plugin-notifications-backend.yaml,
OK,2,low,2,backstage,backstage-plugin-notifications-backend,tech-preview,@backstage/plugin-auth-backend,^0.29.1,npm,devDependencies,overlays,build,2026-08-18,FALSE,workspaces/backstage/metadata/backstage-plugin-notifications-backend.yaml,
OK,2,low,2,backstage,backstage-plugin-notifications-backend,tech-preview,@backstage/plugin-auth-backend-module-guest-provider,^0.2.20,npm,devDependencies,overlays,build,2026-08-18,FALSE,workspaces/backstage/metadata/backstage-plugin-notifications-backend.yaml,
OK,2,low,2,backstage,backstage-plugin-notifications-backend,tech-preview,@backstage/plugin-catalog-node,^2.2.2,npm,dependencies,overlays,runtime-prod,2026-08-18,FALSE,workspaces/backstage/metadata/backstage-plugin-notifications-backend.yaml,
OK,2,low,2,backstage,backstage-plugin-notifications-backend,tech-preview,@backstage/plugin-events-backend,^0.6.3,npm,devDependencies,overlays,build,2026-08-18,FALSE,workspaces/backstage/metadata/backstage-plugin-notifications-backend.yaml,
OK,2,low,2,backstage,backstage-plugin-notifications-backend,tech-preview,@backstage/plugin-notifications-backend,0.6.6,npm,dependencies,overlays,runtime-prod,2026-08-18,FALSE,workspaces/backstage/metadata/backstage-plugin-notifications-backend.yaml,
OK,2,low,2,backstage,backstage-plugin-notifications-backend,tech-preview,@backstage/plugin-notifications-common,^0.2.3,npm,dependencies,overlays,runtime-prod,2026-05-19,FALSE,workspaces/backstage/metadata/backstage-plugin-notifications-backend.yaml,
OK,2,low,2,backstage,backstage-plugin-notifications-backend,tech-preview,@backstage/plugin-notifications-node,^0.2.27,npm,dependencies,overlays,runtime-prod,2026-08-18,FALSE,workspaces/backstage/metadata/backstage-plugin-notifications-backend.yaml,
OK,2,low,2,backstage,backstage-plugin-notifications-backend,tech-preview,@backstage/plugin-signals-backend,^0.3.16,npm,devDependencies,overlays,build,2026-08-18,FALSE,workspaces/backstage/metadata/backstage-plugin-notifications-backend.yaml,
OK,2,low,2,backstage,backstage-plugin-notifications-backend,tech-preview,@backstage/plugin-signals-node,^0.2.2,npm,dependencies,overlays,runtime-prod,2026-08-18,FALSE,workspaces/backstage/metadata/backstage-plugin-notifications-backend.yaml,
OK,2,low,2,backstage,backstage-plugin-notifications-backend,tech-preview,@backstage/repo-tools,^0.17.3,npm,devDependencies,overlays,build,2026-08-18,FALSE,workspaces/backstage/metadata/backstage-plugin-notifications-backend.yaml,
OK,2,low,2,backstage,backstage-plugin-notifications-backend,tech-preview,@backstage/types,^1.2.2,npm,dependencies,overlays,runtime-prod,2025-09-16,FALSE,workspaces/backstage/metadata/backstage-plugin-notifications-backend.yaml,
OK,2,low,2,backstage,backstage-plugin-notifications-backend,tech-preview,@types/express,^4.17.6,npm,devDependencies,overlays,test-only,2025-12-01,FALSE,workspaces/backstage/metadata/backstage-plugin-notifications-backend.yaml,
OK,2,low,2,backstage,backstage-plugin-notifications-backend,tech-preview,@types/supertest,^2.0.8,npm,devDependencies,overlays,test-only,2026-07-14,FALSE,workspaces/backstage/metadata/backstage-plugin-notifications-backend.yaml,
OK,2,low,2,backstage,backstage-plugin-notifications-backend,tech-preview,express,^4.22.0,npm,dependencies,overlays,runtime-prod,2025-12-01,FALSE,workspaces/backstage/metadata/backstage-plugin-notifications-backend.yaml,
OK,2,low,2,backstage,backstage-plugin-notifications-backend,tech-preview,knex,^3.0.0,npm,dependencies,overlays,runtime-prod,2026-06-26,FALSE,workspaces/backstage/metadata/backstage-plugin-notifications-backend.yaml,
OK,2,low,2,backstage,backstage-plugin-notifications-backend,tech-preview,p-throttle,^4.1.1,npm,dependencies,overlays,runtime-prod,2025-11-08,FALSE,workspaces/backstage/metadata/backstage-plugin-notifications-backend.yaml,
OK,2,low,2,backstage,backstage-plugin-notifications-backend,tech-preview,supertest,^7.0.0,npm,devDependencies,overlays,build,2026-01-06,FALSE,workspaces/backstage/metadata/backstage-plugin-notifications-backend.yaml,
OK,2,low,2,backstage,backstage-plugin-notifications-backend-module-email,tech-preview,@aws-sdk/client-sesv2,^3.911.0,npm,dependencies,overlays,runtime-prod,2026-08-25,FALSE,workspaces/backstage/metadata/backstage-plugin-notifications-backend-module-email.yaml,
OK,2,low,2,backstage,backstage-plugin-notifications-backend-module-email,tech-preview,@azure/communication-email,^1.0.0,npm,dependencies,overlays,runtime-prod,2025-10-08,FALSE,workspaces/backstage/metadata/backstage-plugin-notifications-backend-module-email.yaml,
OK,2,low,2,backstage,backstage-plugin-notifications-backend-module-email,tech-preview,@azure/identity,^4.0.0,npm,dependencies,overlays,runtime-prod,2026-08-18,FALSE,workspaces/backstage/metadata/backstage-plugin-notifications-backend-module-email.yaml,
OK,2,low,2,backstage,backstage-plugin-notifications-backend-module-email,tech-preview,@backstage/backend-plugin-api,^1.9.2,npm,dependencies,overlays,runtime-prod,2026-08-18,FALSE,workspaces/backstage/metadata/backstage-plugin-notifications-backend-module-email.yaml,
OK,2,low,2,backstage,backstage-plugin-notifications-backend-module-email,tech-preview,@backstage/backend-test-utils,^1.11.4,npm,devDependencies,overlays,test-only,2026-08-18,FALSE,workspaces/backstage/metadata/backstage-plugin-notifications-backend-module-email.yaml,
OK,2,low,2,backstage,backstage-plugin-notifications-backend-module-email,tech-preview,@backstage/catalog-client,^1.16.0,npm,dependencies,overlays,runtime-prod,2026-07-14,FALSE,workspaces/backstage/metadata/backstage-plugin-notifications-backend-module-email.yaml,
OK,2,low,2,backstage,backstage-plugin-notifications-backend-module-email,tech-preview,@backstage/catalog-model,^1.9.0,npm,dependencies,overlays,runtime-prod,2026-08-18,FALSE,workspaces/backstage/metadata/backstage-plugin-notifications-backend-module-email.yaml,
OK,2,low,2,backstage,backstage-plugin-notifications-backend-module-email,tech-preview,@backstage/cli,^0.36.3,npm,devDependencies,overlays,build,2026-08-18,FALSE,workspaces/backstage/metadata/backstage-plugin-notifications-backend-module-email.yaml,
OK,2,low,2,backstage,backstage-plugin-notifications-backend-module-email,tech-preview,@backstage/config,^1.3.8,npm,dependencies,overlays,runtime-prod,2026-05-19,FALSE,workspaces/backstage/metadata/backstage-plugin-notifications-backend-module-email.yaml,
OK,2,low,2,backstage,backstage-plugin-notifications-backend-module-email,tech-preview,@backstage/integration-aws-node,^0.2.0,npm,dependencies,overlays,runtime-prod,2026-08-18,FALSE,workspaces/backstage/metadata/backstage-plugin-notifications-backend-module-email.yaml,
OK,2,low,2,backstage,backstage-plugin-notifications-backend-module-email,tech-preview,@backstage/plugin-catalog-node,^2.2.2,npm,dependencies,overlays,runtime-prod,2026-08-18,FALSE,workspaces/backstage/metadata/backstage-plugin-notifications-backend-module-email.yaml,
OK,2,low,2,backstage,backstage-plugin-notifications-backend-module-email,tech-preview,@backstage/plugin-notifications-backend-module-email,0.3.22,npm,dependencies,overlays,runtime-prod,2026-08-18,FALSE,workspaces/backstage/metadata/backstage-plugin-notifications-backend-module-email.yaml,
OK,2,low,2,backstage,backstage-plugin-notifications-backend-module-email,tech-preview,@backstage/plugin-notifications-common,^0.2.3,npm,dependencies,overlays,runtime-prod,2026-05-19,FALSE,workspaces/backstage/metadata/backstage-plugin-notifications-backend-module-email.yaml,
OK,2,low,2,backstage,backstage-plugin-notifications-backend-module-email,tech-preview,@backstage/plugin-notifications-node,^0.2.27,npm,dependencies,overlays,runtime-prod,2026-08-18,FALSE,workspaces/backstage/metadata/backstage-plugin-notifications-backend-module-email.yaml,
OK,2,low,2,backstage,backstage-plugin-notifications-backend-module-email,tech-preview,@backstage/types,^1.2.2,npm,dependencies,overlays,runtime-prod,2025-09-16,FALSE,workspaces/backstage/metadata/backstage-plugin-notifications-backend-module-email.yaml,
OK,2,low,2,backstage,backstage-plugin-notifications-backend-module-email,tech-preview,@types/nodemailer,^7.0.0,npm,devDependencies,overlays,test-only,2026-06-10,FALSE,workspaces/backstage/metadata/backstage-plugin-notifications-backend-module-email.yaml,
OK,2,low,2,backstage,backstage-plugin-notifications-backend-module-email,tech-preview,lodash,^4.17.21,npm,dependencies,overlays,runtime-prod,2026-04-01,FALSE,workspaces/backstage/metadata/backstage-plugin-notifications-backend-module-email.yaml,
OK,2,low,2,backstage,backstage-plugin-notifications-backend-module-email,tech-preview,nodemailer,^8.0.4,npm,dependencies,overlays,runtime-prod,2026-08-07,FALSE,workspaces/backstage/metadata/backstage-plugin-notifications-backend-module-email.yaml,
OK,2,low,2,backstage,backstage-plugin-notifications-backend-module-email,tech-preview,p-throttle,^4.1.1,npm,dependencies,overlays,runtime-prod,2025-11-08,FALSE,workspaces/backstage/metadata/backstage-plugin-notifications-backend-module-email.yaml,
OK,2,low,2,backstage,backstage-plugin-scaffolder-backend-module-github,generally-available,@backstage/backend-plugin-api,^1.9.2,npm,dependencies,overlays,runtime-prod,2026-08-18,FALSE,workspaces/backstage/metadata/backstage-plugin-scaffolder-backend-module-github.yaml,
OK,2,low,2,backstage,backstage-plugin-scaffolder-backend-module-github,generally-available,@backstage/backend-test-utils,^1.11.4,npm,devDependencies,overlays,test-only,2026-08-18,FALSE,workspaces/backstage/metadata/backstage-plugin-scaffolder-backend-module-github.yaml,
OK,2,low,2,backstage,backstage-plugin-scaffolder-backend-module-github,generally-available,@backstage/catalog-model,^1.9.0,npm,dependencies,overlays,runtime-prod,2026-08-18,FALSE,workspaces/backstage/metadata/backstage-plugin-scaffolder-backend-module-github.yaml,
OK,2,low,2,backstage,backstage-plugin-scaffolder-backend-module-github,generally-available,@backstage/cli,^0.36.3,npm,devDependencies,overlays,build,2026-08-18,FALSE,workspaces/backstage/metadata/backstage-plugin-scaffolder-backend-module-github.yaml,
OK,2,low,2,backstage,backstage-plugin-scaffolder-backend-module-github,generally-available,@backstage/config,^1.3.8,npm,dependencies,overlays,runtime-prod,2026-05-19,FALSE,workspaces/backstage/metadata/backstage-plugin-scaffolder-backend-module-github.yaml,
OK,2,low,2,backstage,backstage-plugin-scaffolder-backend-module-github,generally-available,@backstage/errors,^1.3.1,npm,dependencies,overlays,runtime-prod,2026-05-19,FALSE,workspaces/backstage/metadata/backstage-plugin-scaffolder-backend-module-github.yaml,
OK,2,low,2,backstage,backstage-plugin-scaffolder-backend-module-github,generally-available,@backstage/integration,^2.0.3,npm,dependencies,overlays,runtime-prod,2026-08-18,FALSE,workspaces/backstage/metadata/backstage-plugin-scaffolder-backend-module-github.yaml,
OK,2,low,2,backstage,backstage-plugin-scaffolder-backend-module-github,generally-available,@backstage/plugin-catalog-node,^2.2.2,npm,dependencies,overlays,runtime-prod,2026-08-18,FALSE,workspaces/backstage/metadata/backstage-plugin-scaffolder-backend-module-github.yaml,
OK,2,low,2,backstage,backstage-plugin-scaffolder-backend-module-github,generally-available,@backstage/plugin-scaffolder-backend-module-github,0.9.10,npm,dependencies,overlays,runtime-prod,2026-08-18,FALSE,workspaces/backstage/metadata/backstage-plugin-scaffolder-backend-module-github.yaml,
OK,2,low,2,backstage,backstage-plugin-scaffolder-backend-module-github,generally-available,@backstage/plugin-scaffolder-node,^0.13.4,npm,dependencies,overlays,runtime-prod,2026-08-18,FALSE,workspaces/backstage/metadata/backstage-plugin-scaffolder-backend-module-github.yaml,
OK,2,low,2,backstage,backstage-plugin-scaffolder-backend-module-github,generally-available,@backstage/plugin-scaffolder-node-test-utils,^0.3.12,npm,devDependencies,overlays,test-only,2026-08-18,FALSE,workspaces/backstage/metadata/backstage-plugin-scaffolder-backend-module-github.yaml,
OK,2,low,2,backstage,backstage-plugin-scaffolder-backend-module-github,generally-available,@backstage/types,^1.2.2,npm,dependencies,overlays,runtime-prod,2025-09-16,FALSE,workspaces/backstage/metadata/backstage-plugin-scaffolder-backend-module-github.yaml,
OK,2,low,2,backstage,backstage-plugin-scaffolder-backend-module-github,generally-available,@octokit/core,^5.0.0,npm,dependencies,overlays,runtime-prod,2026-08-01,FALSE,workspaces/backstage/metadata/backstage-plugin-scaffolder-backend-module-github.yaml,
OK,2,low,2,backstage,backstage-plugin-scaffolder-backend-module-github,generally-available,@octokit/plugin-retry,^6.0.0,npm,dependencies,overlays,runtime-prod,2026-08-01,FALSE,workspaces/backstage/metadata/backstage-plugin-scaffolder-backend-module-github.yaml,
OK,2,low,2,backstage,backstage-plugin-scaffolder-backend-module-github,generally-available,@octokit/webhooks,^10.9.2,npm,dependencies,overlays,runtime-prod,2025-12-03,FALSE,workspaces/backstage/metadata/backstage-plugin-scaffolder-backend-module-github.yaml,
OK,2,low,2,backstage,backstage-plugin-scaffolder-backend-module-github,generally-available,fs-extra,^11.2.0,npm,devDependencies,overlays,build,2026-07-23,FALSE,workspaces/backstage/metadata/backstage-plugin-scaffolder-backend-module-github.yaml,
OK,2,low,2,backstage,backstage-plugin-scaffolder-backend-module-github,generally-available,libsodium-wrappers,^0.8.0,npm,dependencies,overlays,runtime-prod,2026-04-19,FALSE,workspaces/backstage/metadata/backstage-plugin-scaffolder-backend-module-github.yaml,
OK,2,low,2,backstage,backstage-plugin-scaffolder-backend-module-github,generally-available,octokit,^3.0.0,npm,dependencies,overlays,runtime-prod,2025-10-31,FALSE,workspaces/backstage/metadata/backstage-plugin-scaffolder-backend-module-github.yaml,
OK,2,low,2,backstage,backstage-plugin-scaffolder-backend-module-github,generally-available,octokit-plugin-create-pull-request,^5.0.0,npm,dependencies,overlays,runtime-prod,2025-04-14,FALSE,workspaces/backstage/metadata/backstage-plugin-scaffolder-backend-module-github.yaml,
OK,2,low,2,backstage,backstage-plugin-scaffolder-backend-module-github,generally-available,yaml,^2.0.0,npm,dependencies,overlays,runtime-prod,2026-05-11,FALSE,workspaces/backstage/metadata/backstage-plugin-scaffolder-backend-module-github.yaml,
OK,2,low,2,backstage,backstage-plugin-scaffolder-backend-module-github,generally-available,zod,^3.25.76 || ^4.0.0,npm,dependencies,overlays,runtime-prod,2026-05-04,FALSE,workspaces/backstage/metadata/backstage-plugin-scaffolder-backend-module-github.yaml,
OK,2,low,2,backstage,backstage-plugin-scaffolder-backend-module-gitlab,tech-preview,@backstage/backend-plugin-api,^1.9.2,npm,dependencies,overlays,runtime-prod,2026-08-18,FALSE,workspaces/backstage/metadata/backstage-plugin-scaffolder-backend-module-gitlab.yaml,
OK,2,low,2,backstage,backstage-plugin-scaffolder-backend-module-gitlab,tech-preview,@backstage/backend-test-utils,^1.11.4,npm,devDependencies,overlays,test-only,2026-08-18,FALSE,workspaces/backstage/metadata/backstage-plugin-scaffolder-backend-module-gitlab.yaml,
OK,2,low,2,backstage,backstage-plugin-scaffolder-backend-module-gitlab,tech-preview,@backstage/cli,^0.36.3,npm,devDependencies,overlays,build,2026-08-18,FALSE,workspaces/backstage/metadata/backstage-plugin-scaffolder-backend-module-gitlab.yaml,
OK,2,low,2,backstage,backstage-plugin-scaffolder-backend-module-gitlab,tech-preview,@backstage/config,^1.3.8,npm,dependencies,overlays,runtime-prod,2026-05-19,FALSE,workspaces/backstage/metadata/backstage-plugin-scaffolder-backend-module-gitlab.yaml,
OK,2,low,2,backstage,backstage-plugin-scaffolder-backend-module-gitlab,tech-preview,@backstage/errors,^1.3.1,npm,dependencies,overlays,runtime-prod,2026-05-19,FALSE,workspaces/backstage/metadata/backstage-plugin-scaffolder-backend-module-gitlab.yaml,
OK,2,low,2,backstage,backstage-plugin-scaffolder-backend-module-gitlab,tech-preview,@backstage/integration,^2.0.3,npm,dependencies,overlays,runtime-prod,2026-08-18,FALSE,workspaces/backstage/metadata/backstage-plugin-scaffolder-backend-module-gitlab.yaml,
OK,2,low,2,backstage,backstage-plugin-scaffolder-backend-module-gitlab,tech-preview,@backstage/plugin-scaffolder-backend-module-gitlab,0.11.7,npm,dependencies,overlays,runtime-prod,2026-08-18,FALSE,workspaces/backstage/metadata/backstage-plugin-scaffolder-backend-module-gitlab.yaml,
OK,2,low,2,backstage,backstage-plugin-scaffolder-backend-module-gitlab,tech-preview,@backstage/plugin-scaffolder-node,^0.13.4,npm,dependencies,overlays,runtime-prod,2026-08-18,FALSE,workspaces/backstage/metadata/backstage-plugin-scaffolder-backend-module-gitlab.yaml,
OK,2,low,2,backstage,backstage-plugin-scaffolder-backend-module-gitlab,tech-preview,@backstage/plugin-scaffolder-node-test-utils,^0.3.12,npm,devDependencies,overlays,test-only,2026-08-18,FALSE,workspaces/backstage/metadata/backstage-plugin-scaffolder-backend-module-gitlab.yaml,
OK,2,low,2,backstage,backstage-plugin-scaffolder-backend-module-gitlab,tech-preview,@gitbeaker/core,^43.8.0,npm,dependencies,overlays,runtime-prod,2025-11-01,FALSE,workspaces/backstage/metadata/backstage-plugin-scaffolder-backend-module-gitlab.yaml,
OK,2,low,2,backstage,backstage-plugin-scaffolder-backend-module-gitlab,tech-preview,@gitbeaker/requester-utils,^43.8.0,npm,dependencies,overlays,runtime-prod,2025-11-01,FALSE,workspaces/backstage/metadata/backstage-plugin-scaffolder-backend-module-gitlab.yaml,
OK,2,low,2,backstage,backstage-plugin-scaffolder-backend-module-gitlab,tech-preview,@gitbeaker/rest,^43.8.0,npm,dependencies,overlays,runtime-prod,2025-11-01,FALSE,workspaces/backstage/metadata/backstage-plugin-scaffolder-backend-module-gitlab.yaml,
OK,2,low,2,backstage,backstage-plugin-scaffolder-backend-module-gitlab,tech-preview,luxon,^3.0.0,npm,dependencies,overlays,runtime-prod,2025-09-05,FALSE,workspaces/backstage/metadata/backstage-plugin-scaffolder-backend-module-gitlab.yaml,
OK,2,low,2,backstage,backstage-plugin-scaffolder-backend-module-gitlab,tech-preview,yaml,^2.0.0,npm,dependencies,overlays,runtime-prod,2026-05-11,FALSE,workspaces/backstage/metadata/backstage-plugin-scaffolder-backend-module-gitlab.yaml,
OK,2,low,2,backstage,backstage-plugin-scaffolder-backend-module-gitlab,tech-preview,zod,^3.25.76 || ^4.0.0,npm,dependencies,overlays,runtime-prod,2026-05-04,FALSE,workspaces/backstage/metadata/backstage-plugin-scaffolder-backend-module-gitlab.yaml,
OK,2,low,2,backstage,backstage-plugin-signals,generally-available,@backstage/cli,^0.36.3,npm,devDependencies,overlays,build,2026-08-18,FALSE,workspaces/backstage/metadata/backstage-plugin-signals.yaml,
OK,2,low,2,backstage,backstage-plugin-signals,generally-available,@backstage/core-components,^0.18.11,npm,dependencies,overlays,runtime-prod,2026-08-18,FALSE,workspaces/backstage/metadata/backstage-plugin-signals.yaml,
OK,2,low,2,backstage,backstage-plugin-signals,generally-available,@backstage/core-plugin-api,^1.12.7,npm,dependencies,overlays,runtime-prod,2026-08-18,FALSE,workspaces/backstage/metadata/backstage-plugin-signals.yaml,
OK,2,low,2,backstage,backstage-plugin-signals,generally-available,@backstage/dev-utils,^1.1.24,npm,devDependencies,overlays,build,2026-08-18,FALSE,workspaces/backstage/metadata/backstage-plugin-signals.yaml,
OK,2,low,2,backstage,backstage-plugin-signals,generally-available,@backstage/frontend-plugin-api,^0.17.2,npm,dependencies,overlays,runtime-prod,2026-08-18,FALSE,workspaces/backstage/metadata/backstage-plugin-signals.yaml,
OK,2,low,2,backstage,backstage-plugin-signals,generally-available,@backstage/plugin-signals,0.0.32,npm,dependencies,overlays,runtime-prod,2026-08-18,FALSE,workspaces/backstage/metadata/backstage-plugin-signals.yaml,
OK,2,low,2,backstage,backstage-plugin-signals,generally-available,@backstage/plugin-signals-react,^0.0.23,npm,dependencies,overlays,runtime-prod,2026-08-18,FALSE,workspaces/backstage/metadata/backstage-plugin-signals.yaml,
OK,2,low,2,backstage,backstage-plugin-signals,generally-available,@backstage/test-utils,^1.7.19,npm,devDependencies,overlays,test-only,2026-08-18,FALSE,workspaces/backstage/metadata/backstage-plugin-signals.yaml,
OK,2,low,2,backstage,backstage-plugin-signals,generally-available,@backstage/theme,^0.7.3,npm,dependencies,overlays,runtime-prod,2026-04-14,FALSE,workspaces/backstage/metadata/backstage-plugin-signals.yaml,
OK,2,low,2,backstage,backstage-plugin-signals,generally-available,@backstage/types,^1.2.2,npm,dependencies,overlays,runtime-prod,2025-09-16,FALSE,workspaces/backstage/metadata/backstage-plugin-signals.yaml,
OK,2,low,2,backstage,backstage-plugin-signals,generally-available,@remixicon/react,>=4.6.0 <4.9.0,npm,dependencies,overlays,runtime-prod,2026-01-29,FALSE,workspaces/backstage/metadata/backstage-plugin-signals.yaml,
OK,2,low,2,backstage,backstage-plugin-signals,generally-available,@testing-library/jest-dom,^6.0.0,npm,devDependencies,overlays,test-only,2026-08-09,FALSE,workspaces/backstage/metadata/backstage-plugin-signals.yaml,
OK,2,low,2,backstage,backstage-plugin-signals,generally-available,@testing-library/react,^16.0.0,npm,devDependencies,overlays,test-only,2026-01-19,FALSE,workspaces/backstage/metadata/backstage-plugin-signals.yaml,
OK,2,low,2,backstage,backstage-plugin-signals,generally-available,@types/react,^17.0.0 || ^18.0.0,npm,peerDependencies,overlays,test-only,2026-07-30,FALSE,workspaces/backstage/metadata/backstage-plugin-signals.yaml,
OK,2,low,2,backstage,backstage-plugin-signals,generally-available,@types/react,^18.0.0,npm,devDependencies,overlays,test-only,2026-07-30,FALSE,workspaces/backstage/metadata/backstage-plugin-signals.yaml,
OK,2,low,2,backstage,backstage-plugin-signals,generally-available,react,^17.0.0 || ^18.0.0,npm,peerDependencies,overlays,runtime-prod,2026-07-21,FALSE,workspaces/backstage/metadata/backstage-plugin-signals.yaml,
OK,2,low,2,backstage,backstage-plugin-signals,generally-available,react,^18.0.2,npm,devDependencies,overlays,build,2026-07-21,FALSE,workspaces/backstage/metadata/backstage-plugin-signals.yaml,
OK,2,low,2,backstage,backstage-plugin-signals,generally-available,react-dom,^17.0.0 || ^18.0.0,npm,peerDependencies,overlays,runtime-prod,2026-07-21,FALSE,workspaces/backstage/metadata/backstage-plugin-signals.yaml,
OK,2,low,2,backstage,backstage-plugin-signals,generally-available,react-dom,^18.0.2,npm,devDependencies,overlays,build,2026-07-21,FALSE,workspaces/backstage/metadata/backstage-plugin-signals.yaml,
OK,2,low,2,backstage,backstage-plugin-signals,generally-available,react-router-dom,^6.30.2,npm,devDependencies,overlays,build,2026-07-28,FALSE,workspaces/backstage/metadata/backstage-plugin-signals.yaml,
OK,2,low,2,backstage,backstage-plugin-signals,generally-available,react-router-dom,^6.30.2,npm,peerDependencies,overlays,runtime-prod,2026-07-28,FALSE,workspaces/backstage/metadata/backstage-plugin-signals.yaml,
OK,2,low,2,backstage,backstage-plugin-signals,generally-available,wait-for-expect,^4.0.0,npm,devDependencies,overlays,build,2025-08-01,FALSE,workspaces/backstage/metadata/backstage-plugin-signals.yaml,
OK,2,low,2,backstage,backstage-plugin-signals-backend,generally-available,@backstage/backend-defaults,^0.17.3,npm,devDependencies,overlays,build,2026-08-18,FALSE,workspaces/backstage/metadata/backstage-plugin-signals-backend.yaml,
OK,2,low,2,backstage,backstage-plugin-signals-backend,generally-available,@backstage/backend-plugin-api,^1.9.2,npm,dependencies,overlays,runtime-prod,2026-08-18,FALSE,workspaces/backstage/metadata/backstage-plugin-signals-backend.yaml,
OK,2,low,2,backstage,backstage-plugin-signals-backend,generally-available,@backstage/backend-test-utils,^1.11.4,npm,devDependencies,overlays,test-only,2026-08-18,FALSE,workspaces/backstage/metadata/backstage-plugin-signals-backend.yaml,
OK,2,low,2,backstage,backstage-plugin-signals-backend,generally-available,@backstage/cli,^0.36.3,npm,devDependencies,overlays,build,2026-08-18,FALSE,workspaces/backstage/metadata/backstage-plugin-signals-backend.yaml,
OK,2,low,2,backstage,backstage-plugin-signals-backend,generally-available,@backstage/config,^1.3.8,npm,dependencies,overlays,runtime-prod,2026-05-19,FALSE,workspaces/backstage/metadata/backstage-plugin-signals-backend.yaml,
OK,2,low,2,backstage,backstage-plugin-signals-backend,generally-available,@backstage/plugin-auth-backend,^0.29.1,npm,devDependencies,overlays,build,2026-08-18,FALSE,workspaces/backstage/metadata/backstage-plugin-signals-backend.yaml,
OK,2,low,2,backstage,backstage-plugin-signals-backend,generally-available,@backstage/plugin-auth-backend-module-guest-provider,^0.2.20,npm,devDependencies,overlays,build,2026-08-18,FALSE,workspaces/backstage/metadata/backstage-plugin-signals-backend.yaml,
OK,2,low,2,backstage,backstage-plugin-signals-backend,generally-available,@backstage/plugin-events-backend,^0.6.3,npm,devDependencies,overlays,build,2026-08-18,FALSE,workspaces/backstage/metadata/backstage-plugin-signals-backend.yaml,
OK,2,low,2,backstage,backstage-plugin-signals-backend,generally-available,@backstage/plugin-events-node,^0.4.23,npm,dependencies,overlays,runtime-prod,2026-08-18,FALSE,workspaces/backstage/metadata/backstage-plugin-signals-backend.yaml,
OK,2,low,2,backstage,backstage-plugin-signals-backend,generally-available,@backstage/plugin-signals-backend,0.3.16,npm,dependencies,overlays,runtime-prod,2026-08-18,FALSE,workspaces/backstage/metadata/backstage-plugin-signals-backend.yaml,
OK,2,low,2,backstage,backstage-plugin-signals-backend,generally-available,@backstage/plugin-signals-node,^0.2.2,npm,dependencies,overlays,runtime-prod,2026-08-18,FALSE,workspaces/backstage/metadata/backstage-plugin-signals-backend.yaml,
OK,2,low,2,backstage,backstage-plugin-signals-backend,generally-available,@backstage/types,^1.2.2,npm,dependencies,overlays,runtime-prod,2025-09-16,FALSE,workspaces/backstage/metadata/backstage-plugin-signals-backend.yaml,
OK,2,low,2,backstage,backstage-plugin-signals-backend,generally-available,@types/express,^4.17.6,npm,devDependencies,overlays,test-only,2025-12-01,FALSE,workspaces/backstage/metadata/backstage-plugin-signals-backend.yaml,
OK,2,low,2,backstage,backstage-plugin-signals-backend,generally-available,@types/supertest,^2.0.8,npm,devDependencies,overlays,test-only,2026-07-14,FALSE,workspaces/backstage/metadata/backstage-plugin-signals-backend.yaml,
OK,2,low,2,backstage,backstage-plugin-signals-backend,generally-available,@types/ws,^8.5.10,npm,devDependencies,overlays,test-only,2025-04-01,FALSE,workspaces/backstage/metadata/backstage-plugin-signals-backend.yaml,
OK,2,low,2,backstage,backstage-plugin-signals-backend,generally-available,express,^4.22.0,npm,dependencies,overlays,runtime-prod,2025-12-01,FALSE,workspaces/backstage/metadata/backstage-plugin-signals-backend.yaml,
OK,2,low,2,backstage,backstage-plugin-signals-backend,generally-available,supertest,^7.0.0,npm,devDependencies,overlays,build,2026-01-06,FALSE,workspaces/backstage/metadata/backstage-plugin-signals-backend.yaml,
OK,2,low,2,backstage,backstage-plugin-signals-backend,generally-available,ws,^8.20.1,npm,dependencies,overlays,runtime-prod,2026-08-07,FALSE,workspaces/backstage/metadata/backstage-plugin-signals-backend.yaml,
OK,2,low,2,backstage,backstage-plugin-techdocs,generally-available,@backstage/catalog-client,^1.16.0,npm,dependencies,overlays,runtime-prod,2026-07-14,FALSE,workspaces/backstage/metadata/backstage-plugin-techdocs.yaml,
OK,2,low,2,backstage,backstage-plugin-techdocs,generally-available,@backstage/catalog-model,^1.9.0,npm,dependencies,overlays,runtime-prod,2026-08-18,FALSE,workspaces/backstage/metadata/backstage-plugin-techdocs.yaml,
OK,2,low,2,backstage,backstage-plugin-techdocs,generally-available,@backstage/cli,^0.36.3,npm,devDependencies,overlays,build,2026-08-18,FALSE,workspaces/backstage/metadata/backstage-plugin-techdocs.yaml,
OK,2,low,2,backstage,backstage-plugin-techdocs,generally-available,@backstage/config,^1.3.8,npm,dependencies,overlays,runtime-prod,2026-05-19,FALSE,workspaces/backstage/metadata/backstage-plugin-techdocs.yaml,
OK,2,low,2,backstage,backstage-plugin-techdocs,generally-available,@backstage/core-app-api,^1.20.2,npm,devDependencies,overlays,build,2026-08-18,FALSE,workspaces/backstage/metadata/backstage-plugin-techdocs.yaml,
OK,2,low,2,backstage,backstage-plugin-techdocs,generally-available,@backstage/core-components,^0.18.11,npm,dependencies,overlays,runtime-prod,2026-08-18,FALSE,workspaces/backstage/metadata/backstage-plugin-techdocs.yaml,
OK,2,low,2,backstage,backstage-plugin-techdocs,generally-available,@backstage/core-plugin-api,^1.12.7,npm,dependencies,overlays,runtime-prod,2026-08-18,FALSE,workspaces/backstage/metadata/backstage-plugin-techdocs.yaml,
OK,2,low,2,backstage,backstage-plugin-techdocs,generally-available,@backstage/dev-utils,^1.1.24,npm,devDependencies,overlays,build,2026-08-18,FALSE,workspaces/backstage/metadata/backstage-plugin-techdocs.yaml,
OK,2,low,2,backstage,backstage-plugin-techdocs,generally-available,@backstage/errors,^1.3.1,npm,dependencies,overlays,runtime-prod,2026-05-19,FALSE,workspaces/backstage/metadata/backstage-plugin-techdocs.yaml,
OK,2,low,2,backstage,backstage-plugin-techdocs,generally-available,@backstage/frontend-plugin-api,^0.17.2,npm,dependencies,overlays,runtime-prod,2026-08-18,FALSE,workspaces/backstage/metadata/backstage-plugin-techdocs.yaml,
OK,2,low,2,backstage,backstage-plugin-techdocs,generally-available,@backstage/integration,^2.0.3,npm,dependencies,overlays,runtime-prod,2026-08-18,FALSE,workspaces/backstage/metadata/backstage-plugin-techdocs.yaml,
OK,2,low,2,backstage,backstage-plugin-techdocs,generally-available,@backstage/integration-react,^1.2.19,npm,dependencies,overlays,runtime-prod,2026-08-18,FALSE,workspaces/backstage/metadata/backstage-plugin-techdocs.yaml,
OK,2,low,2,backstage,backstage-plugin-techdocs,generally-available,@backstage/plugin-auth-react,^0.1.28,npm,dependencies,overlays,runtime-prod,2026-08-18,FALSE,workspaces/backstage/metadata/backstage-plugin-techdocs.yaml,
OK,2,low,2,backstage,backstage-plugin-techdocs,generally-available,@backstage/plugin-catalog,^2.0.6,npm,devDependencies,overlays,build,2026-08-18,FALSE,workspaces/backstage/metadata/backstage-plugin-techdocs.yaml,
OK,2,low,2,backstage,backstage-plugin-techdocs,generally-available,@backstage/plugin-catalog-react,^3.1.0,npm,dependencies,overlays,runtime-prod,2026-08-25,FALSE,workspaces/backstage/metadata/backstage-plugin-techdocs.yaml,
OK,2,low,2,backstage,backstage-plugin-techdocs,generally-available,@backstage/plugin-search-common,^1.2.24,npm,dependencies,overlays,runtime-prod,2026-05-19,FALSE,workspaces/backstage/metadata/backstage-plugin-techdocs.yaml,
OK,2,low,2,backstage,backstage-plugin-techdocs,generally-available,@backstage/plugin-search-react,^1.11.5,npm,dependencies,overlays,runtime-prod,2026-08-18,FALSE,workspaces/backstage/metadata/backstage-plugin-techdocs.yaml,
OK,2,low,2,backstage,backstage-plugin-techdocs,generally-available,@backstage/plugin-techdocs,1.17.7,npm,dependencies,overlays,runtime-prod,2026-08-18,FALSE,workspaces/backstage/metadata/backstage-plugin-techdocs.yaml,
OK,2,low,2,backstage,backstage-plugin-techdocs,generally-available,@backstage/plugin-techdocs-common,^0.1.1,npm,dependencies,overlays,runtime-prod,2025-06-17,FALSE,workspaces/backstage/metadata/backstage-plugin-techdocs.yaml,
OK,2,low,2,backstage,backstage-plugin-techdocs,generally-available,@backstage/plugin-techdocs-module-addons-contrib,^1.1.37,npm,devDependencies,overlays,build,2026-08-18,FALSE,workspaces/backstage/metadata/backstage-plugin-techdocs.yaml,
OK,2,low,2,backstage,backstage-plugin-techdocs,generally-available,@backstage/plugin-techdocs-react,^1.3.12,npm,dependencies,overlays,runtime-prod,2026-08-18,FALSE,workspaces/backstage/metadata/backstage-plugin-techdocs.yaml,
OK,2,low,2,backstage,backstage-plugin-techdocs,generally-available,@backstage/test-utils,^1.7.19,npm,devDependencies,overlays,test-only,2026-08-18,FALSE,workspaces/backstage/metadata/backstage-plugin-techdocs.yaml,
OK,2,low,2,backstage,backstage-plugin-techdocs,generally-available,@backstage/theme,^0.7.3,npm,dependencies,overlays,runtime-prod,2026-04-14,FALSE,workspaces/backstage/metadata/backstage-plugin-techdocs.yaml,
OK,2,low,2,backstage,backstage-plugin-techdocs,generally-available,@backstage/ui,^0.16.0,npm,dependencies,overlays,runtime-prod,2026-08-18,FALSE,workspaces/backstage/metadata/backstage-plugin-techdocs.yaml,
OK,2,low,2,backstage,backstage-plugin-techdocs,generally-available,@remixicon/react,>=4.6.0 <4.9.0,npm,dependencies,overlays,runtime-prod,2026-01-29,FALSE,workspaces/backstage/metadata/backstage-plugin-techdocs.yaml,
OK,2,low,2,backstage,backstage-plugin-techdocs,generally-available,@testing-library/dom,^10.0.0,npm,devDependencies,overlays,test-only,2025-07-27,FALSE,workspaces/backstage/metadata/backstage-plugin-techdocs.yaml,
OK,2,low,2,backstage,backstage-plugin-techdocs,generally-available,@testing-library/jest-dom,^6.0.0,npm,devDependencies,overlays,test-only,2026-08-09,FALSE,workspaces/backstage/metadata/backstage-plugin-techdocs.yaml,
OK,2,low,2,backstage,backstage-plugin-techdocs,generally-available,@testing-library/react,^16.0.0,npm,devDependencies,overlays,test-only,2026-01-19,FALSE,workspaces/backstage/metadata/backstage-plugin-techdocs.yaml,
OK,2,low,2,backstage,backstage-plugin-techdocs,generally-available,@testing-library/user-event,^14.0.0,npm,devDependencies,overlays,test-only,2026-08-22,FALSE,workspaces/backstage/metadata/backstage-plugin-techdocs.yaml,
OK,2,low,2,backstage,backstage-plugin-techdocs,generally-available,@types/react,^17.0.0 || ^18.0.0,npm,peerDependencies,overlays,test-only,2026-07-30,FALSE,workspaces/backstage/metadata/backstage-plugin-techdocs.yaml,
OK,2,low,2,backstage,backstage-plugin-techdocs,generally-available,@types/react,^18.0.0,npm,devDependencies,overlays,test-only,2026-07-30,FALSE,workspaces/backstage/metadata/backstage-plugin-techdocs.yaml,
OK,2,low,2,backstage,backstage-plugin-techdocs,generally-available,dompurify,^3.3.2,npm,dependencies,overlays,runtime-prod,2026-08-19,FALSE,workspaces/backstage/metadata/backstage-plugin-techdocs.yaml,
OK,2,low,2,backstage,backstage-plugin-techdocs,generally-available,git-url-parse,^15.0.0,npm,dependencies,overlays,runtime-prod,2025-04-15,FALSE,workspaces/backstage/metadata/backstage-plugin-techdocs.yaml,
OK,2,low,2,backstage,backstage-plugin-techdocs,generally-available,lodash,^4.17.21,npm,dependencies,overlays,runtime-prod,2026-04-01,FALSE,workspaces/backstage/metadata/backstage-plugin-techdocs.yaml,
OK,2,low,2,backstage,backstage-plugin-techdocs,generally-available,react,^17.0.0 || ^18.0.0,npm,peerDependencies,overlays,runtime-prod,2026-07-21,FALSE,workspaces/backstage/metadata/backstage-plugin-techdocs.yaml,
OK,2,low,2,backstage,backstage-plugin-techdocs,generally-available,react,^18.0.2,npm,devDependencies,overlays,build,2026-07-21,FALSE,workspaces/backstage/metadata/backstage-plugin-techdocs.yaml,
OK,2,low,2,backstage,backstage-plugin-techdocs,generally-available,react-dom,^17.0.0 || ^18.0.0,npm,peerDependencies,overlays,runtime-prod,2026-07-21,FALSE,workspaces/backstage/metadata/backstage-plugin-techdocs.yaml,
OK,2,low,2,backstage,backstage-plugin-techdocs,generally-available,react-dom,^18.0.2,npm,devDependencies,overlays,build,2026-07-21,FALSE,workspaces/backstage/metadata/backstage-plugin-techdocs.yaml,
OK,2,low,2,backstage,backstage-plugin-techdocs,generally-available,react-router-dom,^6.30.2,npm,devDependencies,overlays,build,2026-07-28,FALSE,workspaces/backstage/metadata/backstage-plugin-techdocs.yaml,
OK,2,low,2,backstage,backstage-plugin-techdocs,generally-available,react-router-dom,^6.30.2,npm,peerDependencies,overlays,runtime-prod,2026-07-28,FALSE,workspaces/backstage/metadata/backstage-plugin-techdocs.yaml,
OK,2,low,2,backstage,backstage-plugin-techdocs,generally-available,react-use,^17.2.4,npm,dependencies,overlays,runtime-prod,2026-06-10,FALSE,workspaces/backstage/metadata/backstage-plugin-techdocs.yaml,
OK,2,low,2,backstage,backstage-plugin-techdocs,generally-available,zod,^4.0.0,npm,dependencies,overlays,runtime-prod,2026-05-04,FALSE,workspaces/backstage/metadata/backstage-plugin-techdocs.yaml,
OK,2,low,2,backstage,backstage-plugin-techdocs-backend,generally-available,@backstage/backend-defaults,^0.17.3,npm,devDependencies,overlays,build,2026-08-18,FALSE,workspaces/backstage/metadata/backstage-plugin-techdocs-backend.yaml,
OK,2,low,2,backstage,backstage-plugin-techdocs-backend,generally-available,@backstage/backend-plugin-api,^1.9.2,npm,dependencies,overlays,runtime-prod,2026-08-18,FALSE,workspaces/backstage/metadata/backstage-plugin-techdocs-backend.yaml,
OK,2,low,2,backstage,backstage-plugin-techdocs-backend,generally-available,@backstage/backend-test-utils,^1.11.4,npm,devDependencies,overlays,test-only,2026-08-18,FALSE,workspaces/backstage/metadata/backstage-plugin-techdocs-backend.yaml,
OK,2,low,2,backstage,backstage-plugin-techdocs-backend,generally-available,@backstage/catalog-client,^1.16.0,npm,dependencies,overlays,runtime-prod,2026-07-14,FALSE,workspaces/backstage/metadata/backstage-plugin-techdocs-backend.yaml,
OK,2,low,2,backstage,backstage-plugin-techdocs-backend,generally-available,@backstage/catalog-model,^1.9.0,npm,dependencies,overlays,runtime-prod,2026-08-18,FALSE,workspaces/backstage/metadata/backstage-plugin-techdocs-backend.yaml,
OK,2,low,2,backstage,backstage-plugin-techdocs-backend,generally-available,@backstage/cli,^0.36.3,npm,devDependencies,overlays,build,2026-08-18,FALSE,workspaces/backstage/metadata/backstage-plugin-techdocs-backend.yaml,
OK,2,low,2,backstage,backstage-plugin-techdocs-backend,generally-available,@backstage/config,^1.3.8,npm,dependencies,overlays,runtime-prod,2026-05-19,FALSE,workspaces/backstage/metadata/backstage-plugin-techdocs-backend.yaml,
OK,2,low,2,backstage,backstage-plugin-techdocs-backend,generally-available,@backstage/errors,^1.3.1,npm,dependencies,overlays,runtime-prod,2026-05-19,FALSE,workspaces/backstage/metadata/backstage-plugin-techdocs-backend.yaml,
OK,2,low,2,backstage,backstage-plugin-techdocs-backend,generally-available,@backstage/integration,^2.0.3,npm,dependencies,overlays,runtime-prod,2026-08-18,FALSE,workspaces/backstage/metadata/backstage-plugin-techdocs-backend.yaml,
OK,2,low,2,backstage,backstage-plugin-techdocs-backend,generally-available,@backstage/plugin-catalog-node,^2.2.2,npm,dependencies,overlays,runtime-prod,2026-08-18,FALSE,workspaces/backstage/metadata/backstage-plugin-techdocs-backend.yaml,
OK,2,low,2,backstage,backstage-plugin-techdocs-backend,generally-available,@backstage/plugin-techdocs-backend,2.2.1,npm,dependencies,overlays,runtime-prod,2026-08-18,FALSE,workspaces/backstage/metadata/backstage-plugin-techdocs-backend.yaml,
OK,2,low,2,backstage,backstage-plugin-techdocs-backend,generally-available,@backstage/plugin-techdocs-node,^1.15.1,npm,dependencies,overlays,runtime-prod,2026-08-18,FALSE,workspaces/backstage/metadata/backstage-plugin-techdocs-backend.yaml,
OK,2,low,2,backstage,backstage-plugin-techdocs-backend,generally-available,@backstage/types,^1.2.2,npm,dependencies,overlays,runtime-prod,2025-09-16,FALSE,workspaces/backstage/metadata/backstage-plugin-techdocs-backend.yaml,
OK,2,low,2,backstage,backstage-plugin-techdocs-backend,generally-available,@types/express,^4.17.6,npm,devDependencies,overlays,test-only,2025-12-01,FALSE,workspaces/backstage/metadata/backstage-plugin-techdocs-backend.yaml,
OK,2,low,2,backstage,backstage-plugin-techdocs-backend,generally-available,express,^4.22.0,npm,dependencies,overlays,runtime-prod,2025-12-01,FALSE,workspaces/backstage/metadata/backstage-plugin-techdocs-backend.yaml,
OK,2,low,2,backstage,backstage-plugin-techdocs-backend,generally-available,fs-extra,^11.2.0,npm,dependencies,overlays,runtime-prod,2026-07-23,FALSE,workspaces/backstage/metadata/backstage-plugin-techdocs-backend.yaml,
OK,2,low,2,backstage,backstage-plugin-techdocs-backend,generally-available,knex,^3.0.0,npm,dependencies,overlays,runtime-prod,2026-06-26,FALSE,workspaces/backstage/metadata/backstage-plugin-techdocs-backend.yaml,
OK,2,low,2,backstage,backstage-plugin-techdocs-backend,generally-available,msw,^2.0.0,npm,devDependencies,overlays,build,2026-07-08,FALSE,workspaces/backstage/metadata/backstage-plugin-techdocs-backend.yaml,
OK,2,low,2,backstage,backstage-plugin-techdocs-backend,generally-available,p-limit,^3.1.0,npm,dependencies,overlays,runtime-prod,2026-07-20,FALSE,workspaces/backstage/metadata/backstage-plugin-techdocs-backend.yaml,
OK,2,low,2,backstage,backstage-plugin-techdocs-backend,generally-available,supertest,^7.0.0,npm,devDependencies,overlays,build,2026-01-06,FALSE,workspaces/backstage/metadata/backstage-plugin-techdocs-backend.yaml,
OK,2,low,2,backstage,backstage-plugin-techdocs-backend,generally-available,winston,^3.2.1,npm,dependencies,overlays,runtime-prod,2025-12-07,FALSE,workspaces/backstage/metadata/backstage-plugin-techdocs-backend.yaml,
OK,2,low,2,backstage,backstage-plugin-techdocs-module-addons-contrib,generally-available,@backstage/cli,^0.36.3,npm,devDependencies,overlays,build,2026-08-18,FALSE,workspaces/backstage/metadata/backstage-plugin-techdocs-module-addons-contrib.yaml,
OK,2,low,2,backstage,backstage-plugin-techdocs-module-addons-contrib,generally-available,@backstage/core-components,^0.18.11,npm,dependencies,overlays,runtime-prod,2026-08-18,FALSE,workspaces/backstage/metadata/backstage-plugin-techdocs-module-addons-contrib.yaml,
OK,2,low,2,backstage,backstage-plugin-techdocs-module-addons-contrib,generally-available,@backstage/core-plugin-api,^1.12.7,npm,dependencies,overlays,runtime-prod,2026-08-18,FALSE,workspaces/backstage/metadata/backstage-plugin-techdocs-module-addons-contrib.yaml,
OK,2,low,2,backstage,backstage-plugin-techdocs-module-addons-contrib,generally-available,@backstage/frontend-plugin-api,^0.17.2,npm,dependencies,overlays,runtime-prod,2026-08-18,FALSE,workspaces/backstage/metadata/backstage-plugin-techdocs-module-addons-contrib.yaml,
OK,2,low,2,backstage,backstage-plugin-techdocs-module-addons-contrib,generally-available,@backstage/integration,^2.0.3,npm,dependencies,overlays,runtime-prod,2026-08-18,FALSE,workspaces/backstage/metadata/backstage-plugin-techdocs-module-addons-contrib.yaml,
OK,2,low,2,backstage,backstage-plugin-techdocs-module-addons-contrib,generally-available,@backstage/integration-react,^1.2.19,npm,dependencies,overlays,runtime-prod,2026-08-18,FALSE,workspaces/backstage/metadata/backstage-plugin-techdocs-module-addons-contrib.yaml,
OK,2,low,2,backstage,backstage-plugin-techdocs-module-addons-contrib,generally-available,@backstage/plugin-catalog-react,^3.1.0,npm,devDependencies,overlays,build,2026-08-25,FALSE,workspaces/backstage/metadata/backstage-plugin-techdocs-module-addons-contrib.yaml,
OK,2,low,2,backstage,backstage-plugin-techdocs-module-addons-contrib,generally-available,@backstage/plugin-techdocs-addons-test-utils,^2.0.6,npm,devDependencies,overlays,test-only,2026-08-18,FALSE,workspaces/backstage/metadata/backstage-plugin-techdocs-module-addons-contrib.yaml,
OK,2,low,2,backstage,backstage-plugin-techdocs-module-addons-contrib,generally-available,@backstage/plugin-techdocs-module-addons-contrib,1.1.37,npm,dependencies,overlays,runtime-prod,2026-08-18,FALSE,workspaces/backstage/metadata/backstage-plugin-techdocs-module-addons-contrib.yaml,
OK,2,low,2,backstage,backstage-plugin-techdocs-module-addons-contrib,generally-available,@backstage/plugin-techdocs-react,^1.3.12,npm,dependencies,overlays,runtime-prod,2026-08-18,FALSE,workspaces/backstage/metadata/backstage-plugin-techdocs-module-addons-contrib.yaml,
OK,2,low,2,backstage,backstage-plugin-techdocs-module-addons-contrib,generally-available,@backstage/test-utils,^1.7.19,npm,devDependencies,overlays,test-only,2026-08-18,FALSE,workspaces/backstage/metadata/backstage-plugin-techdocs-module-addons-contrib.yaml,
OK,2,low,2,backstage,backstage-plugin-techdocs-module-addons-contrib,generally-available,@react-hookz/web,^24.0.0,npm,dependencies,overlays,runtime-prod,2026-07-26,FALSE,workspaces/backstage/metadata/backstage-plugin-techdocs-module-addons-contrib.yaml,
OK,2,low,2,backstage,backstage-plugin-techdocs-module-addons-contrib,generally-available,@testing-library/dom,^10.0.0,npm,devDependencies,overlays,test-only,2025-07-27,FALSE,workspaces/backstage/metadata/backstage-plugin-techdocs-module-addons-contrib.yaml,
OK,2,low,2,backstage,backstage-plugin-techdocs-module-addons-contrib,generally-available,@testing-library/jest-dom,^6.0.0,npm,devDependencies,overlays,test-only,2026-08-09,FALSE,workspaces/backstage/metadata/backstage-plugin-techdocs-module-addons-contrib.yaml,
OK,2,low,2,backstage,backstage-plugin-techdocs-module-addons-contrib,generally-available,@testing-library/react,^16.0.0,npm,devDependencies,overlays,test-only,2026-01-19,FALSE,workspaces/backstage/metadata/backstage-plugin-techdocs-module-addons-contrib.yaml,
OK,2,low,2,backstage,backstage-plugin-techdocs-module-addons-contrib,generally-available,@types/react,^17.0.0 || ^18.0.0,npm,peerDependencies,overlays,test-only,2026-07-30,FALSE,workspaces/backstage/metadata/backstage-plugin-techdocs-module-addons-contrib.yaml,
OK,2,low,2,backstage,backstage-plugin-techdocs-module-addons-contrib,generally-available,@types/react,^18.0.0,npm,devDependencies,overlays,test-only,2026-07-30,FALSE,workspaces/backstage/metadata/backstage-plugin-techdocs-module-addons-contrib.yaml,
OK,2,low,2,backstage,backstage-plugin-techdocs-module-addons-contrib,generally-available,git-url-parse,^15.0.0,npm,dependencies,overlays,runtime-prod,2025-04-15,FALSE,workspaces/backstage/metadata/backstage-plugin-techdocs-module-addons-contrib.yaml,
OK,2,low,2,backstage,backstage-plugin-techdocs-module-addons-contrib,generally-available,react,^17.0.0 || ^18.0.0,npm,peerDependencies,overlays,runtime-prod,2026-07-21,FALSE,workspaces/backstage/metadata/backstage-plugin-techdocs-module-addons-contrib.yaml,
OK,2,low,2,backstage,backstage-plugin-techdocs-module-addons-contrib,generally-available,react,^18.0.2,npm,devDependencies,overlays,build,2026-07-21,FALSE,workspaces/backstage/metadata/backstage-plugin-techdocs-module-addons-contrib.yaml,
OK,2,low,2,backstage,backstage-plugin-techdocs-module-addons-contrib,generally-available,react-dom,^17.0.0 || ^18.0.0,npm,peerDependencies,overlays,runtime-prod,2026-07-21,FALSE,workspaces/backstage/metadata/backstage-plugin-techdocs-module-addons-contrib.yaml,
OK,2,low,2,backstage,backstage-plugin-techdocs-module-addons-contrib,generally-available,react-dom,^18.0.2,npm,devDependencies,overlays,build,2026-07-21,FALSE,workspaces/backstage/metadata/backstage-plugin-techdocs-module-addons-contrib.yaml,
OK,2,low,2,backstage,backstage-plugin-techdocs-module-addons-contrib,generally-available,react-router-dom,^6.30.2,npm,devDependencies,overlays,build,2026-07-28,FALSE,workspaces/backstage/metadata/backstage-plugin-techdocs-module-addons-contrib.yaml,
OK,2,low,2,backstage,backstage-plugin-techdocs-module-addons-contrib,generally-available,react-router-dom,^6.30.2,npm,peerDependencies,overlays,runtime-prod,2026-07-28,FALSE,workspaces/backstage/metadata/backstage-plugin-techdocs-module-addons-contrib.yaml,
OK,2,low,2,backstage,backstage-plugin-techdocs-module-addons-contrib,generally-available,shadow-dom-testing-library,^1.13.1,npm,devDependencies,overlays,test-only,2026-07-22,FALSE,workspaces/backstage/metadata/backstage-plugin-techdocs-module-addons-contrib.yaml,
OK,2,low,2,bulk-import,red-hat-developer-hub-backstage-plugin-bulk-import,tech-preview,@backstage/catalog-model,^1.9.0,npm,dependencies,overlays,runtime-prod,2026-08-18,FALSE,workspaces/bulk-import/metadata/red-hat-developer-hub-backstage-plugin-bulk-import.yaml,
OK,2,low,2,bulk-import,red-hat-developer-hub-backstage-plugin-bulk-import,tech-preview,@backstage/cli,^0.36.3,npm,devDependencies,overlays,build,2026-08-18,FALSE,workspaces/bulk-import/metadata/red-hat-developer-hub-backstage-plugin-bulk-import.yaml,
OK,2,low,2,bulk-import,red-hat-developer-hub-backstage-plugin-bulk-import,tech-preview,@backstage/core-app-api,^1.20.2,npm,devDependencies,overlays,build,2026-08-18,FALSE,workspaces/bulk-import/metadata/red-hat-developer-hub-backstage-plugin-bulk-import.yaml,
OK,2,low,2,bulk-import,red-hat-developer-hub-backstage-plugin-bulk-import,tech-preview,@backstage/core-compat-api,^0.5.12,npm,dependencies,overlays,runtime-prod,2026-08-18,FALSE,workspaces/bulk-import/metadata/red-hat-developer-hub-backstage-plugin-bulk-import.yaml,
OK,2,low,2,bulk-import,red-hat-developer-hub-backstage-plugin-bulk-import,tech-preview,@backstage/core-components,^0.18.11,npm,dependencies,overlays,runtime-prod,2026-08-18,FALSE,workspaces/bulk-import/metadata/red-hat-developer-hub-backstage-plugin-bulk-import.yaml,
OK,2,low,2,bulk-import,red-hat-developer-hub-backstage-plugin-bulk-import,tech-preview,@backstage/core-plugin-api,^1.12.7,npm,dependencies,overlays,runtime-prod,2026-08-18,FALSE,workspaces/bulk-import/metadata/red-hat-developer-hub-backstage-plugin-bulk-import.yaml,
OK,2,low,2,bulk-import,red-hat-developer-hub-backstage-plugin-bulk-import,tech-preview,@backstage/dev-utils,^1.1.24,npm,devDependencies,overlays,build,2026-08-18,FALSE,workspaces/bulk-import/metadata/red-hat-developer-hub-backstage-plugin-bulk-import.yaml,
OK,2,low,2,bulk-import,red-hat-developer-hub-backstage-plugin-bulk-import,tech-preview,@backstage/frontend-defaults,^0.5.3,npm,devDependencies,overlays,build,2026-08-18,FALSE,workspaces/bulk-import/metadata/red-hat-developer-hub-backstage-plugin-bulk-import.yaml,
OK,2,low,2,bulk-import,red-hat-developer-hub-backstage-plugin-bulk-import,tech-preview,@backstage/frontend-plugin-api,^0.17.2,npm,dependencies,overlays,runtime-prod,2026-08-18,FALSE,workspaces/bulk-import/metadata/red-hat-developer-hub-backstage-plugin-bulk-import.yaml,
OK,2,low,2,bulk-import,red-hat-developer-hub-backstage-plugin-bulk-import,tech-preview,@backstage/integration-react,^1.2.19,npm,dependencies,overlays,runtime-prod,2026-08-18,FALSE,workspaces/bulk-import/metadata/red-hat-developer-hub-backstage-plugin-bulk-import.yaml,
OK,2,low,2,bulk-import,red-hat-developer-hub-backstage-plugin-bulk-import,tech-preview,@backstage/plugin-app-react,^0.2.4,npm,dependencies,overlays,runtime-prod,2026-08-18,FALSE,workspaces/bulk-import/metadata/red-hat-developer-hub-backstage-plugin-bulk-import.yaml,
OK,2,low,2,bulk-import,red-hat-developer-hub-backstage-plugin-bulk-import,tech-preview,@backstage/plugin-catalog-import,^0.13.14,npm,dependencies,overlays,runtime-prod,2026-08-25,FALSE,workspaces/bulk-import/metadata/red-hat-developer-hub-backstage-plugin-bulk-import.yaml,
OK,2,low,2,bulk-import,red-hat-developer-hub-backstage-plugin-bulk-import,tech-preview,@backstage/plugin-catalog-react,^3.1.0,npm,dependencies,overlays,runtime-prod,2026-08-25,FALSE,workspaces/bulk-import/metadata/red-hat-developer-hub-backstage-plugin-bulk-import.yaml,
OK,2,low,2,bulk-import,red-hat-developer-hub-backstage-plugin-bulk-import,tech-preview,@backstage/plugin-permission-react,^0.5.2,npm,dependencies,overlays,runtime-prod,2026-08-18,FALSE,workspaces/bulk-import/metadata/red-hat-developer-hub-backstage-plugin-bulk-import.yaml,
OK,2,low,2,bulk-import,red-hat-developer-hub-backstage-plugin-bulk-import,tech-preview,@backstage/test-utils,^1.7.19,npm,devDependencies,overlays,test-only,2026-08-18,FALSE,workspaces/bulk-import/metadata/red-hat-developer-hub-backstage-plugin-bulk-import.yaml,
OK,2,low,2,bulk-import,red-hat-developer-hub-backstage-plugin-bulk-import,tech-preview,@backstage/theme,^0.7.3,npm,dependencies,overlays,runtime-prod,2026-04-14,FALSE,workspaces/bulk-import/metadata/red-hat-developer-hub-backstage-plugin-bulk-import.yaml,
OK,2,low,2,bulk-import,red-hat-developer-hub-backstage-plugin-bulk-import,tech-preview,@backstage/ui,^0.16.0,npm,devDependencies,overlays,build,2026-08-18,FALSE,workspaces/bulk-import/metadata/red-hat-developer-hub-backstage-plugin-bulk-import.yaml,
OK,2,low,2,bulk-import,red-hat-developer-hub-backstage-plugin-bulk-import,tech-preview,@mui/icons-material,^5.15.17,npm,dependencies,overlays,runtime-prod,2026-08-06,FALSE,workspaces/bulk-import/metadata/red-hat-developer-hub-backstage-plugin-bulk-import.yaml,
OK,2,low,2,bulk-import,red-hat-developer-hub-backstage-plugin-bulk-import,tech-preview,@mui/material,^5.12.2,npm,dependencies,overlays,runtime-prod,2026-08-06,FALSE,workspaces/bulk-import/metadata/red-hat-developer-hub-backstage-plugin-bulk-import.yaml,
OK,2,low,2,bulk-import,red-hat-developer-hub-backstage-plugin-bulk-import,tech-preview,@playwright/test,1.61.1,npm,devDependencies,overlays,build,2026-07-30,FALSE,workspaces/bulk-import/metadata/red-hat-developer-hub-backstage-plugin-bulk-import.yaml,
OK,2,low,2,bulk-import,red-hat-developer-hub-backstage-plugin-bulk-import,tech-preview,@red-hat-developer-hub/backstage-plugin-bulk-import,8.0.0,npm,dependencies,overlays,runtime-prod,2026-08-07,FALSE,workspaces/bulk-import/metadata/red-hat-developer-hub-backstage-plugin-bulk-import.yaml,
OK,2,low,2,bulk-import,red-hat-developer-hub-backstage-plugin-bulk-import,tech-preview,@red-hat-developer-hub/backstage-plugin-bulk-import-common,^8.0.0,npm,dependencies,overlays,runtime-prod,2026-08-07,FALSE,workspaces/bulk-import/metadata/red-hat-developer-hub-backstage-plugin-bulk-import.yaml,
OK,2,low,2,bulk-import,red-hat-developer-hub-backstage-plugin-bulk-import,tech-preview,@red-hat-developer-hub/backstage-plugin-theme,^0.14.11,npm,devDependencies,overlays,build,2026-08-04,FALSE,workspaces/bulk-import/metadata/red-hat-developer-hub-backstage-plugin-bulk-import.yaml,
OK,2,low,2,bulk-import,red-hat-developer-hub-backstage-plugin-bulk-import,tech-preview,@tanstack/react-query,^4.29.21,npm,dependencies,overlays,runtime-prod,2026-08-26,FALSE,workspaces/bulk-import/metadata/red-hat-developer-hub-backstage-plugin-bulk-import.yaml,
OK,2,low,2,bulk-import,red-hat-developer-hub-backstage-plugin-bulk-import,tech-preview,@testing-library/dom,^10.0.0,npm,devDependencies,overlays,test-only,2025-07-27,FALSE,workspaces/bulk-import/metadata/red-hat-developer-hub-backstage-plugin-bulk-import.yaml,
OK,2,low,2,bulk-import,red-hat-developer-hub-backstage-plugin-bulk-import,tech-preview,@testing-library/jest-dom,^6.0.0,npm,devDependencies,overlays,test-only,2026-08-09,FALSE,workspaces/bulk-import/metadata/red-hat-developer-hub-backstage-plugin-bulk-import.yaml,
OK,2,low,2,bulk-import,red-hat-developer-hub-backstage-plugin-bulk-import,tech-preview,@testing-library/react,^15.0.0,npm,devDependencies,overlays,test-only,2026-01-19,FALSE,workspaces/bulk-import/metadata/red-hat-developer-hub-backstage-plugin-bulk-import.yaml,
OK,2,low,2,bulk-import,red-hat-developer-hub-backstage-plugin-bulk-import,tech-preview,@testing-library/user-event,14.6.1,npm,devDependencies,overlays,test-only,2026-08-22,FALSE,workspaces/bulk-import/metadata/red-hat-developer-hub-backstage-plugin-bulk-import.yaml,
OK,2,low,2,bulk-import,red-hat-developer-hub-backstage-plugin-bulk-import,tech-preview,@types/lodash,^4.14.151,npm,devDependencies,overlays,test-only,2026-08-01,FALSE,workspaces/bulk-import/metadata/red-hat-developer-hub-backstage-plugin-bulk-import.yaml,
OK,2,low,2,bulk-import,red-hat-developer-hub-backstage-plugin-bulk-import,tech-preview,@types/react,^18.2.58,npm,devDependencies,overlays,test-only,2026-07-30,FALSE,workspaces/bulk-import/metadata/red-hat-developer-hub-backstage-plugin-bulk-import.yaml,
OK,2,low,2,bulk-import,red-hat-developer-hub-backstage-plugin-bulk-import,tech-preview,formik,^2.4.5,npm,dependencies,overlays,runtime-prod,2025-11-10,FALSE,workspaces/bulk-import/metadata/red-hat-developer-hub-backstage-plugin-bulk-import.yaml,
OK,2,low,2,bulk-import,red-hat-developer-hub-backstage-plugin-bulk-import,tech-preview,js-yaml,^4.3.0,npm,dependencies,overlays,runtime-prod,2026-08-25,FALSE,workspaces/bulk-import/metadata/red-hat-developer-hub-backstage-plugin-bulk-import.yaml,
OK,2,low,2,bulk-import,red-hat-developer-hub-backstage-plugin-bulk-import,tech-preview,lodash,^4.17.21,npm,dependencies,overlays,runtime-prod,2026-04-01,FALSE,workspaces/bulk-import/metadata/red-hat-developer-hub-backstage-plugin-bulk-import.yaml,
OK,2,low,2,bulk-import,red-hat-developer-hub-backstage-plugin-bulk-import,tech-preview,msw,1.3.5,npm,devDependencies,overlays,build,2026-07-08,FALSE,workspaces/bulk-import/metadata/red-hat-developer-hub-backstage-plugin-bulk-import.yaml,
OK,2,low,2,bulk-import,red-hat-developer-hub-backstage-plugin-bulk-import,tech-preview,prettier,3.8.4,npm,devDependencies,overlays,build,2026-07-21,FALSE,workspaces/bulk-import/metadata/red-hat-developer-hub-backstage-plugin-bulk-import.yaml,
OK,2,low,2,bulk-import,red-hat-developer-hub-backstage-plugin-bulk-import,tech-preview,react,16.13.1 || ^17.0.0 || ^18.0.0,npm,devDependencies,overlays,build,2026-07-21,FALSE,workspaces/bulk-import/metadata/red-hat-developer-hub-backstage-plugin-bulk-import.yaml,
OK,2,low,2,bulk-import,red-hat-developer-hub-backstage-plugin-bulk-import,tech-preview,react,16.13.1 || ^17.0.0 || ^18.0.0,npm,peerDependencies,overlays,runtime-prod,2026-07-21,FALSE,workspaces/bulk-import/metadata/red-hat-developer-hub-backstage-plugin-bulk-import.yaml,
OK,2,low,2,bulk-import,red-hat-developer-hub-backstage-plugin-bulk-import,tech-preview,react-dom,^18.0.2,npm,peerDependencies,overlays,runtime-prod,2026-07-21,FALSE,workspaces/bulk-import/metadata/red-hat-developer-hub-backstage-plugin-bulk-import.yaml,
OK,2,low,2,bulk-import,red-hat-developer-hub-backstage-plugin-bulk-import,tech-preview,react-router-dom,^6.0.0,npm,peerDependencies,overlays,runtime-prod,2026-07-28,FALSE,workspaces/bulk-import/metadata/red-hat-developer-hub-backstage-plugin-bulk-import.yaml,
OK,2,low,2,bulk-import,red-hat-developer-hub-backstage-plugin-bulk-import,tech-preview,react-use,^17.2.4,npm,dependencies,overlays,runtime-prod,2026-06-10,FALSE,workspaces/bulk-import/metadata/red-hat-developer-hub-backstage-plugin-bulk-import.yaml,
OK,2,low,2,bulk-import,red-hat-developer-hub-backstage-plugin-bulk-import,tech-preview,tss-react,^4.9.18,npm,dependencies,overlays,runtime-prod,2026-05-12,FALSE,workspaces/bulk-import/metadata/red-hat-developer-hub-backstage-plugin-bulk-import.yaml,
OK,2,low,2,bulk-import,red-hat-developer-hub-backstage-plugin-bulk-import,tech-preview,yaml,^2.0.0,npm,dependencies,overlays,runtime-prod,2026-05-11,FALSE,workspaces/bulk-import/metadata/red-hat-developer-hub-backstage-plugin-bulk-import.yaml,
OK,2,low,2,bulk-import,red-hat-developer-hub-backstage-plugin-bulk-import,tech-preview,yup,^1.4.0,npm,dependencies,overlays,runtime-prod,2025-09-21,FALSE,workspaces/bulk-import/metadata/red-hat-developer-hub-backstage-plugin-bulk-import.yaml,
OK,2,low,2,bulk-import,red-hat-developer-hub-backstage-plugin-bulk-import-backend,tech-preview,@backstage/backend-defaults,0.17.3,npm,dependencies,overlays,runtime-prod,2026-08-18,FALSE,workspaces/bulk-import/metadata/red-hat-developer-hub-backstage-plugin-bulk-import-backend.yaml,
OK,2,low,2,bulk-import,red-hat-developer-hub-backstage-plugin-bulk-import-backend,tech-preview,@backstage/backend-plugin-api,^1.9.2,npm,dependencies,overlays,runtime-prod,2026-08-18,FALSE,workspaces/bulk-import/metadata/red-hat-developer-hub-backstage-plugin-bulk-import-backend.yaml,
OK,2,low,2,bulk-import,red-hat-developer-hub-backstage-plugin-bulk-import-backend,tech-preview,@backstage/backend-test-utils,^1.11.4,npm,devDependencies,overlays,test-only,2026-08-18,FALSE,workspaces/bulk-import/metadata/red-hat-developer-hub-backstage-plugin-bulk-import-backend.yaml,
OK,2,low,2,bulk-import,red-hat-developer-hub-backstage-plugin-bulk-import-backend,tech-preview,@backstage/catalog-client,^1.16.0,npm,devDependencies,overlays,build,2026-07-14,FALSE,workspaces/bulk-import/metadata/red-hat-developer-hub-backstage-plugin-bulk-import-backend.yaml,
OK,2,low,2,bulk-import,red-hat-developer-hub-backstage-plugin-bulk-import-backend,tech-preview,@backstage/catalog-model,^1.9.0,npm,dependencies,overlays,runtime-prod,2026-08-18,FALSE,workspaces/bulk-import/metadata/red-hat-developer-hub-backstage-plugin-bulk-import-backend.yaml,
OK,2,low,2,bulk-import,red-hat-developer-hub-backstage-plugin-bulk-import-backend,tech-preview,@backstage/cli,^0.36.3,npm,devDependencies,overlays,build,2026-08-18,FALSE,workspaces/bulk-import/metadata/red-hat-developer-hub-backstage-plugin-bulk-import-backend.yaml,
OK,2,low,2,bulk-import,red-hat-developer-hub-backstage-plugin-bulk-import-backend,tech-preview,@backstage/config,^1.3.8,npm,dependencies,overlays,runtime-prod,2026-05-19,FALSE,workspaces/bulk-import/metadata/red-hat-developer-hub-backstage-plugin-bulk-import-backend.yaml,
OK,2,low,2,bulk-import,red-hat-developer-hub-backstage-plugin-bulk-import-backend,tech-preview,@backstage/config,^1.3.8,npm,devDependencies,overlays,build,2026-05-19,FALSE,workspaces/bulk-import/metadata/red-hat-developer-hub-backstage-plugin-bulk-import-backend.yaml,
OK,2,low,2,bulk-import,red-hat-developer-hub-backstage-plugin-bulk-import-backend,tech-preview,@backstage/errors,^1.3.1,npm,dependencies,overlays,runtime-prod,2026-05-19,FALSE,workspaces/bulk-import/metadata/red-hat-developer-hub-backstage-plugin-bulk-import-backend.yaml,
OK,2,low,2,bulk-import,red-hat-developer-hub-backstage-plugin-bulk-import-backend,tech-preview,@backstage/integration,^2.0.3,npm,dependencies,overlays,runtime-prod,2026-08-18,FALSE,workspaces/bulk-import/metadata/red-hat-developer-hub-backstage-plugin-bulk-import-backend.yaml,
OK,2,low,2,bulk-import,red-hat-developer-hub-backstage-plugin-bulk-import-backend,tech-preview,@backstage/plugin-catalog-backend,^3.8.0,npm,devDependencies,overlays,build,2026-08-18,FALSE,workspaces/bulk-import/metadata/red-hat-developer-hub-backstage-plugin-bulk-import-backend.yaml,
OK,2,low,2,bulk-import,red-hat-developer-hub-backstage-plugin-bulk-import-backend,tech-preview,@backstage/plugin-catalog-node,^2.2.2,npm,dependencies,overlays,runtime-prod,2026-08-18,FALSE,workspaces/bulk-import/metadata/red-hat-developer-hub-backstage-plugin-bulk-import-backend.yaml,
OK,2,low,2,bulk-import,red-hat-developer-hub-backstage-plugin-bulk-import-backend,tech-preview,@backstage/plugin-permission-common,^0.9.9,npm,dependencies,overlays,runtime-prod,2026-08-18,FALSE,workspaces/bulk-import/metadata/red-hat-developer-hub-backstage-plugin-bulk-import-backend.yaml,
OK,2,low,2,bulk-import,red-hat-developer-hub-backstage-plugin-bulk-import-backend,tech-preview,@backstage/types,^1.2.2,npm,devDependencies,overlays,build,2025-09-16,FALSE,workspaces/bulk-import/metadata/red-hat-developer-hub-backstage-plugin-bulk-import-backend.yaml,
OK,2,low,2,bulk-import,red-hat-developer-hub-backstage-plugin-bulk-import-backend,tech-preview,@gitbeaker/rest,^43.4.0,npm,dependencies,overlays,runtime-prod,2025-11-01,FALSE,workspaces/bulk-import/metadata/red-hat-developer-hub-backstage-plugin-bulk-import-backend.yaml,
OK,2,low,2,bulk-import,red-hat-developer-hub-backstage-plugin-bulk-import-backend,tech-preview,@octokit/auth-app,^7.2.2,npm,dependencies,overlays,runtime-prod,2026-08-02,FALSE,workspaces/bulk-import/metadata/red-hat-developer-hub-backstage-plugin-bulk-import-backend.yaml,
OK,2,low,2,bulk-import,red-hat-developer-hub-backstage-plugin-bulk-import-backend,tech-preview,@octokit/rest,^20.0.2,npm,dependencies,overlays,runtime-prod,2025-10-31,FALSE,workspaces/bulk-import/metadata/red-hat-developer-hub-backstage-plugin-bulk-import-backend.yaml,
OK,2,low,2,bulk-import,red-hat-developer-hub-backstage-plugin-bulk-import-backend,tech-preview,@openapitools/openapi-generator-cli,2.39.0,npm,devDependencies,overlays,build,2026-08-24,FALSE,workspaces/bulk-import/metadata/red-hat-developer-hub-backstage-plugin-bulk-import-backend.yaml,
OK,2,low,2,bulk-import,red-hat-developer-hub-backstage-plugin-bulk-import-backend,tech-preview,@red-hat-developer-hub/backstage-plugin-bulk-import-backend,8.0.0,npm,dependencies,overlays,runtime-prod,2026-08-07,FALSE,workspaces/bulk-import/metadata/red-hat-developer-hub-backstage-plugin-bulk-import-backend.yaml,
OK,2,low,2,bulk-import,red-hat-developer-hub-backstage-plugin-bulk-import-backend,tech-preview,@red-hat-developer-hub/backstage-plugin-bulk-import-common,^8.0.0,npm,dependencies,overlays,runtime-prod,2026-08-07,FALSE,workspaces/bulk-import/metadata/red-hat-developer-hub-backstage-plugin-bulk-import-backend.yaml,
OK,2,low,2,bulk-import,red-hat-developer-hub-backstage-plugin-bulk-import-backend,tech-preview,@red-hat-developer-hub/backstage-plugin-orchestrator-common,^3.7.3,npm,dependencies,overlays,runtime-prod,2026-08-11,FALSE,workspaces/bulk-import/metadata/red-hat-developer-hub-backstage-plugin-bulk-import-backend.yaml,
OK,2,low,2,bulk-import,red-hat-developer-hub-backstage-plugin-bulk-import-backend,tech-preview,@types/express,4.17.25,npm,devDependencies,overlays,test-only,2025-12-01,FALSE,workspaces/bulk-import/metadata/red-hat-developer-hub-backstage-plugin-bulk-import-backend.yaml,
OK,2,low,2,bulk-import,red-hat-developer-hub-backstage-plugin-bulk-import-backend,tech-preview,@types/supertest,2.0.16,npm,devDependencies,overlays,test-only,2026-07-14,FALSE,workspaces/bulk-import/metadata/red-hat-developer-hub-backstage-plugin-bulk-import-backend.yaml,
OK,2,low,2,bulk-import,red-hat-developer-hub-backstage-plugin-bulk-import-backend,tech-preview,eventsource-client,^1.2.0,npm,dependencies,overlays,runtime-prod,2025-09-19,FALSE,workspaces/bulk-import/metadata/red-hat-developer-hub-backstage-plugin-bulk-import-backend.yaml,
OK,2,low,2,bulk-import,red-hat-developer-hub-backstage-plugin-bulk-import-backend,tech-preview,express,^4.17.1,npm,dependencies,overlays,runtime-prod,2025-12-01,FALSE,workspaces/bulk-import/metadata/red-hat-developer-hub-backstage-plugin-bulk-import-backend.yaml,
OK,2,low,2,bulk-import,red-hat-developer-hub-backstage-plugin-bulk-import-backend,tech-preview,git-url-parse,^14.0.0,npm,dependencies,overlays,runtime-prod,2025-04-15,FALSE,workspaces/bulk-import/metadata/red-hat-developer-hub-backstage-plugin-bulk-import-backend.yaml,
OK,2,low,2,bulk-import,red-hat-developer-hub-backstage-plugin-bulk-import-backend,tech-preview,js-yaml,^4.3.0,npm,dependencies,overlays,runtime-prod,2026-08-25,FALSE,workspaces/bulk-import/metadata/red-hat-developer-hub-backstage-plugin-bulk-import-backend.yaml,
OK,2,low,2,bulk-import,red-hat-developer-hub-backstage-plugin-bulk-import-backend,tech-preview,knex,^3.0.0,npm,dependencies,overlays,runtime-prod,2026-06-26,FALSE,workspaces/bulk-import/metadata/red-hat-developer-hub-backstage-plugin-bulk-import-backend.yaml,
OK,2,low,2,bulk-import,red-hat-developer-hub-backstage-plugin-bulk-import-backend,tech-preview,luxon,^3.4.4,npm,dependencies,overlays,runtime-prod,2025-09-05,FALSE,workspaces/bulk-import/metadata/red-hat-developer-hub-backstage-plugin-bulk-import-backend.yaml,
OK,2,low,2,bulk-import,red-hat-developer-hub-backstage-plugin-bulk-import-backend,tech-preview,msw,1.3.5,npm,devDependencies,overlays,build,2026-07-08,FALSE,workspaces/bulk-import/metadata/red-hat-developer-hub-backstage-plugin-bulk-import-backend.yaml,
OK,2,low,2,bulk-import,red-hat-developer-hub-backstage-plugin-bulk-import-backend,tech-preview,openapi-backend,^5.10.6,npm,dependencies,overlays,runtime-prod,2026-08-23,FALSE,workspaces/bulk-import/metadata/red-hat-developer-hub-backstage-plugin-bulk-import-backend.yaml,
OK,2,low,2,bulk-import,red-hat-developer-hub-backstage-plugin-bulk-import-backend,tech-preview,openapicmd,2.9.2,npm,devDependencies,overlays,build,2026-04-14,FALSE,workspaces/bulk-import/metadata/red-hat-developer-hub-backstage-plugin-bulk-import-backend.yaml,
OK,2,low,2,bulk-import,red-hat-developer-hub-backstage-plugin-bulk-import-backend,tech-preview,prettier,3.8.4,npm,devDependencies,overlays,build,2026-07-21,FALSE,workspaces/bulk-import/metadata/red-hat-developer-hub-backstage-plugin-bulk-import-backend.yaml,
OK,2,low,2,bulk-import,red-hat-developer-hub-backstage-plugin-bulk-import-backend,tech-preview,supertest,6.3.4,npm,devDependencies,overlays,build,2026-01-06,FALSE,workspaces/bulk-import/metadata/red-hat-developer-hub-backstage-plugin-bulk-import-backend.yaml,
OK,2,low,2,cost-management,cost-management,tech-preview,@backstage/cli,^0.36.0,npm,devDependencies,overlays,build,2026-08-18,FALSE,workspaces/cost-management/metadata/cost-management.yaml,
OK,2,low,2,cost-management,cost-management,tech-preview,@backstage/core-app-api,^1.19.6,npm,devDependencies,overlays,build,2026-08-18,FALSE,workspaces/cost-management/metadata/cost-management.yaml,
OK,2,low,2,cost-management,cost-management,tech-preview,@backstage/core-components,^0.18.8,npm,dependencies,overlays,runtime-prod,2026-08-18,FALSE,workspaces/cost-management/metadata/cost-management.yaml,
OK,2,low,2,cost-management,cost-management,tech-preview,@backstage/core-plugin-api,^1.12.4,npm,dependencies,overlays,runtime-prod,2026-08-18,FALSE,workspaces/cost-management/metadata/cost-management.yaml,
OK,2,low,2,cost-management,cost-management,tech-preview,@backstage/dev-utils,^1.1.21,npm,devDependencies,overlays,build,2026-08-18,FALSE,workspaces/cost-management/metadata/cost-management.yaml,
OK,2,low,2,cost-management,cost-management,tech-preview,@backstage/plugin-permission-common,^0.9.7,npm,dependencies,overlays,runtime-prod,2026-08-18,FALSE,workspaces/cost-management/metadata/cost-management.yaml,
OK,2,low,2,cost-management,cost-management,tech-preview,@backstage/plugin-permission-react,^0.4.41,npm,dependencies,overlays,runtime-prod,2026-08-18,FALSE,workspaces/cost-management/metadata/cost-management.yaml,
OK,2,low,2,cost-management,cost-management,tech-preview,@backstage/plugin-search-react,^1.11.0,npm,devDependencies,overlays,build,2026-08-18,FALSE,workspaces/cost-management/metadata/cost-management.yaml,
OK,2,low,2,cost-management,cost-management,tech-preview,@backstage/test-utils,^1.7.16,npm,devDependencies,overlays,test-only,2026-08-18,FALSE,workspaces/cost-management/metadata/cost-management.yaml,
OK,2,low,2,cost-management,cost-management,tech-preview,@backstage/theme,^0.7.2,npm,dependencies,overlays,runtime-prod,2026-04-14,FALSE,workspaces/cost-management/metadata/cost-management.yaml,
OK,2,low,2,cost-management,cost-management,tech-preview,@material-table/core,^3.1.0,npm,dependencies,overlays,runtime-prod,2026-07-23,FALSE,workspaces/cost-management/metadata/cost-management.yaml,
OK,2,low,2,cost-management,cost-management,tech-preview,@patternfly/react-charts,^8.3.0,npm,dependencies,overlays,runtime-prod,2026-08-03,FALSE,workspaces/cost-management/metadata/cost-management.yaml,
OK,2,low,2,cost-management,cost-management,tech-preview,@patternfly/react-tokens,^6.1.0,npm,dependencies,overlays,runtime-prod,2026-08-03,FALSE,workspaces/cost-management/metadata/cost-management.yaml,
OK,2,low,2,cost-management,cost-management,tech-preview,@red-hat-developer-hub/plugin-cost-management,2.2.1,npm,dependencies,overlays,runtime-prod,2026-06-04,FALSE,workspaces/cost-management/metadata/cost-management.yaml,
OK,2,low,2,cost-management,cost-management,tech-preview,@red-hat-developer-hub/plugin-cost-management-common,^2.2.1,npm,dependencies,overlays,runtime-prod,2026-06-04,FALSE,workspaces/cost-management/metadata/cost-management.yaml,
OK,2,low,2,cost-management,cost-management,tech-preview,@testing-library/dom,^10.0.0,npm,devDependencies,overlays,test-only,2025-07-27,FALSE,workspaces/cost-management/metadata/cost-management.yaml,
OK,2,low,2,cost-management,cost-management,tech-preview,@testing-library/jest-dom,^6.0.0,npm,devDependencies,overlays,test-only,2026-08-09,FALSE,workspaces/cost-management/metadata/cost-management.yaml,
OK,2,low,2,cost-management,cost-management,tech-preview,@testing-library/react,^16.0.0,npm,devDependencies,overlays,test-only,2026-01-19,FALSE,workspaces/cost-management/metadata/cost-management.yaml,
OK,2,low,2,cost-management,cost-management,tech-preview,@testing-library/user-event,^14.0.0,npm,devDependencies,overlays,test-only,2026-08-22,FALSE,workspaces/cost-management/metadata/cost-management.yaml,
OK,2,low,2,cost-management,cost-management,tech-preview,date-fns,^3.6.0,npm,dependencies,overlays,runtime-prod,2026-05-29,FALSE,workspaces/cost-management/metadata/cost-management.yaml,
OK,2,low,2,cost-management,cost-management,tech-preview,lodash,^4.18.1,npm,dependencies,overlays,runtime-prod,2026-04-01,FALSE,workspaces/cost-management/metadata/cost-management.yaml,
OK,2,low,2,cost-management,cost-management,tech-preview,msw,^2.3.4,npm,devDependencies,overlays,build,2026-07-08,FALSE,workspaces/cost-management/metadata/cost-management.yaml,
OK,2,low,2,cost-management,cost-management,tech-preview,react,^16.13.1 || ^17.0.0 || ^18.0.0,npm,peerDependencies,overlays,runtime-prod,2026-07-21,FALSE,workspaces/cost-management/metadata/cost-management.yaml,
OK,2,low,2,cost-management,cost-management,tech-preview,react,^18.3.1,npm,devDependencies,overlays,build,2026-07-21,FALSE,workspaces/cost-management/metadata/cost-management.yaml,
OK,2,low,2,cost-management,cost-management,tech-preview,react-dom,^16.13.1 || ^17.0.0 || ^18.0.0,npm,peerDependencies,overlays,runtime-prod,2026-07-21,FALSE,workspaces/cost-management/metadata/cost-management.yaml,
OK,2,low,2,cost-management,cost-management,tech-preview,react-dom,^18.3.1,npm,devDependencies,overlays,build,2026-07-21,FALSE,workspaces/cost-management/metadata/cost-management.yaml,
OK,2,low,2,cost-management,cost-management,tech-preview,react-intl,^6.6.8,npm,dependencies,overlays,runtime-prod,2026-08-23,FALSE,workspaces/cost-management/metadata/cost-management.yaml,
OK,2,low,2,cost-management,cost-management,tech-preview,react-router-dom,^6.3.0,npm,peerDependencies,overlays,runtime-prod,2026-07-28,FALSE,workspaces/cost-management/metadata/cost-management.yaml,
OK,2,low,2,cost-management,cost-management,tech-preview,react-router-dom,^6.30.2,npm,devDependencies,overlays,build,2026-07-28,FALSE,workspaces/cost-management/metadata/cost-management.yaml,
OK,2,low,2,cost-management,cost-management,tech-preview,react-use,^17.2.4,npm,dependencies,overlays,runtime-prod,2026-06-10,FALSE,workspaces/cost-management/metadata/cost-management.yaml,
OK,2,low,2,cost-management,cost-management,tech-preview,yaml,^2.4.5,npm,dependencies,overlays,runtime-prod,2026-05-11,FALSE,workspaces/cost-management/metadata/cost-management.yaml,
OK,2,low,2,cost-management,cost-management-backend,tech-preview,@backstage/backend-defaults,^0.16.0,npm,dependencies,overlays,runtime-prod,2026-08-18,FALSE,workspaces/cost-management/metadata/cost-management-backend.yaml,
OK,2,low,2,cost-management,cost-management-backend,tech-preview,@backstage/backend-dynamic-feature-service,^0.8.0,npm,dependencies,overlays,runtime-prod,2026-08-18,FALSE,workspaces/cost-management/metadata/cost-management-backend.yaml,
OK,2,low,2,cost-management,cost-management-backend,tech-preview,@backstage/backend-plugin-api,^1.8.0,npm,dependencies,overlays,runtime-prod,2026-08-18,FALSE,workspaces/cost-management/metadata/cost-management-backend.yaml,
OK,2,low,2,cost-management,cost-management-backend,tech-preview,@backstage/backend-test-utils,^1.11.1,npm,devDependencies,overlays,test-only,2026-08-18,FALSE,workspaces/cost-management/metadata/cost-management-backend.yaml,
OK,2,low,2,cost-management,cost-management-backend,tech-preview,@backstage/cli,^0.36.0,npm,devDependencies,overlays,build,2026-08-18,FALSE,workspaces/cost-management/metadata/cost-management-backend.yaml,
OK,2,low,2,cost-management,cost-management-backend,tech-preview,@backstage/config,^1.3.6,npm,dependencies,overlays,runtime-prod,2026-05-19,FALSE,workspaces/cost-management/metadata/cost-management-backend.yaml,
OK,2,low,2,cost-management,cost-management-backend,tech-preview,@backstage/plugin-auth-backend,^0.27.3,npm,devDependencies,overlays,build,2026-08-18,FALSE,workspaces/cost-management/metadata/cost-management-backend.yaml,
OK,2,low,2,cost-management,cost-management-backend,tech-preview,@backstage/plugin-auth-backend-module-guest-provider,^0.2.17,npm,devDependencies,overlays,build,2026-08-18,FALSE,workspaces/cost-management/metadata/cost-management-backend.yaml,
OK,2,low,2,cost-management,cost-management-backend,tech-preview,@backstage/plugin-permission-common,^0.9.7,npm,dependencies,overlays,runtime-prod,2026-08-18,FALSE,workspaces/cost-management/metadata/cost-management-backend.yaml,
OK,2,low,2,cost-management,cost-management-backend,tech-preview,@backstage/plugin-permission-node,^0.10.11,npm,dependencies,overlays,runtime-prod,2026-08-18,FALSE,workspaces/cost-management/metadata/cost-management-backend.yaml,
OK,2,low,2,cost-management,cost-management-backend,tech-preview,@backstage/plugin-proxy-backend,^0.6.11,npm,devDependencies,overlays,build,2026-08-18,FALSE,workspaces/cost-management/metadata/cost-management-backend.yaml,
OK,2,low,2,cost-management,cost-management-backend,tech-preview,@red-hat-developer-hub/plugin-cost-management-backend,2.2.1,npm,dependencies,overlays,runtime-prod,2026-06-04,FALSE,workspaces/cost-management/metadata/cost-management-backend.yaml,
OK,2,low,2,cost-management,cost-management-backend,tech-preview,@red-hat-developer-hub/plugin-cost-management-common,^2.2.1,npm,dependencies,overlays,runtime-prod,2026-06-04,FALSE,workspaces/cost-management/metadata/cost-management-backend.yaml,
OK,2,low,2,cost-management,cost-management-backend,tech-preview,@types/express,4.17.25,npm,dependencies,overlays,test-only,2025-12-01,FALSE,workspaces/cost-management/metadata/cost-management-backend.yaml,
OK,2,low,2,cost-management,cost-management-backend,tech-preview,@types/lodash,4.17.24,npm,devDependencies,overlays,test-only,2026-08-01,FALSE,workspaces/cost-management/metadata/cost-management-backend.yaml,
OK,2,low,2,cost-management,cost-management-backend,tech-preview,@types/supertest,^6.0.0,npm,devDependencies,overlays,test-only,2026-07-14,FALSE,workspaces/cost-management/metadata/cost-management-backend.yaml,
OK,2,low,2,cost-management,cost-management-backend,tech-preview,express,^4.17.1,npm,dependencies,overlays,runtime-prod,2025-12-01,FALSE,workspaces/cost-management/metadata/cost-management-backend.yaml,
OK,2,low,2,cost-management,cost-management-backend,tech-preview,lodash,4.18.1,npm,dependencies,overlays,runtime-prod,2026-04-01,FALSE,workspaces/cost-management/metadata/cost-management-backend.yaml,
OK,2,low,2,cost-management,cost-management-backend,tech-preview,msw,^2.3.4,npm,devDependencies,overlays,build,2026-07-08,FALSE,workspaces/cost-management/metadata/cost-management-backend.yaml,
OK,2,low,2,cost-management,cost-management-backend,tech-preview,supertest,^7.0.0,npm,devDependencies,overlays,build,2026-01-06,FALSE,workspaces/cost-management/metadata/cost-management-backend.yaml,
OK,2,low,2,cost-management,cost-management-backend,tech-preview,winston,^3.2.1,npm,dependencies,overlays,runtime-prod,2025-12-07,FALSE,workspaces/cost-management/metadata/cost-management-backend.yaml,
OK,2,low,2,cost-management,cost-management-backend,tech-preview,yn,^4.0.0,npm,dependencies,overlays,runtime-prod,2025-08-22,FALSE,workspaces/cost-management/metadata/cost-management-backend.yaml,
OK,2,low,2,dynatrace-dql,dynatrace-backstage-plugin-dql,generally-available,@backstage/catalog-model,^1.7.6,npm,dependencies,overlays,runtime-prod,2026-08-18,FALSE,workspaces/dynatrace-dql/metadata/dynatrace-backstage-plugin-dql.yaml,
OK,2,low,2,dynatrace-dql,dynatrace-backstage-plugin-dql,generally-available,@backstage/cli,^0.35.3,npm,devDependencies,overlays,build,2026-08-18,FALSE,workspaces/dynatrace-dql/metadata/dynatrace-backstage-plugin-dql.yaml,
OK,2,low,2,dynatrace-dql,dynatrace-backstage-plugin-dql,generally-available,@backstage/core-app-api,^1.19.4,npm,devDependencies,overlays,build,2026-08-18,FALSE,workspaces/dynatrace-dql/metadata/dynatrace-backstage-plugin-dql.yaml,
OK,2,low,2,dynatrace-dql,dynatrace-backstage-plugin-dql,generally-available,@backstage/core-components,^0.18.6,npm,dependencies,overlays,runtime-prod,2026-08-18,FALSE,workspaces/dynatrace-dql/metadata/dynatrace-backstage-plugin-dql.yaml,
OK,2,low,2,dynatrace-dql,dynatrace-backstage-plugin-dql,generally-available,@backstage/core-plugin-api,^1.12.2,npm,dependencies,overlays,runtime-prod,2026-08-18,FALSE,workspaces/dynatrace-dql/metadata/dynatrace-backstage-plugin-dql.yaml,
OK,2,low,2,dynatrace-dql,dynatrace-backstage-plugin-dql,generally-available,@backstage/dev-utils,^1.1.19,npm,devDependencies,overlays,build,2026-08-18,FALSE,workspaces/dynatrace-dql/metadata/dynatrace-backstage-plugin-dql.yaml,
OK,2,low,2,dynatrace-dql,dynatrace-backstage-plugin-dql,generally-available,@backstage/errors,^1.2.7,npm,dependencies,overlays,runtime-prod,2026-05-19,FALSE,workspaces/dynatrace-dql/metadata/dynatrace-backstage-plugin-dql.yaml,
OK,2,low,2,dynatrace-dql,dynatrace-backstage-plugin-dql,generally-available,@backstage/plugin-catalog-react,^1.21.6,npm,dependencies,overlays,runtime-prod,2026-08-25,FALSE,workspaces/dynatrace-dql/metadata/dynatrace-backstage-plugin-dql.yaml,
OK,2,low,2,dynatrace-dql,dynatrace-backstage-plugin-dql,generally-available,@backstage/test-utils,^1.7.14,npm,devDependencies,overlays,test-only,2026-08-18,FALSE,workspaces/dynatrace-dql/metadata/dynatrace-backstage-plugin-dql.yaml,
OK,2,low,2,dynatrace-dql,dynatrace-backstage-plugin-dql,generally-available,@backstage/theme,^0.7.1,npm,dependencies,overlays,runtime-prod,2026-04-14,FALSE,workspaces/dynatrace-dql/metadata/dynatrace-backstage-plugin-dql.yaml,
OK,2,low,2,dynatrace-dql,dynatrace-backstage-plugin-dql,generally-available,@dynatrace/backstage-plugin-dql,2.7.0,npm,dependencies,overlays,runtime-prod,2026-06-03,FALSE,workspaces/dynatrace-dql/metadata/dynatrace-backstage-plugin-dql.yaml,
OK,2,low,2,dynatrace-dql,dynatrace-backstage-plugin-dql,generally-available,@dynatrace/backstage-plugin-dql-common,^2.7.0,npm,dependencies,overlays,runtime-prod,2026-06-03,FALSE,workspaces/dynatrace-dql/metadata/dynatrace-backstage-plugin-dql.yaml,
OK,2,low,2,dynatrace-dql,dynatrace-backstage-plugin-dql,generally-available,@testing-library/jest-dom,^5.10.1,npm,devDependencies,overlays,test-only,2026-08-09,FALSE,workspaces/dynatrace-dql/metadata/dynatrace-backstage-plugin-dql.yaml,
OK,2,low,2,dynatrace-dql,dynatrace-backstage-plugin-dql,generally-available,@testing-library/react,^14.0.0,npm,devDependencies,overlays,test-only,2026-01-19,FALSE,workspaces/dynatrace-dql/metadata/dynatrace-backstage-plugin-dql.yaml,
OK,2,low,2,dynatrace-dql,dynatrace-backstage-plugin-dql,generally-available,@testing-library/user-event,^14.0.0,npm,devDependencies,overlays,test-only,2026-08-22,FALSE,workspaces/dynatrace-dql/metadata/dynatrace-backstage-plugin-dql.yaml,
OK,2,low,2,dynatrace-dql,dynatrace-backstage-plugin-dql,generally-available,@types/lodash,^4.17.0,npm,devDependencies,overlays,test-only,2026-08-01,FALSE,workspaces/dynatrace-dql/metadata/dynatrace-backstage-plugin-dql.yaml,
OK,2,low,2,dynatrace-dql,dynatrace-backstage-plugin-dql,generally-available,lodash,>=4.18.1,npm,dependencies,overlays,runtime-prod,2026-04-01,FALSE,workspaces/dynatrace-dql/metadata/dynatrace-backstage-plugin-dql.yaml,
OK,2,low,2,dynatrace-dql,dynatrace-backstage-plugin-dql,generally-available,react,^17.0.0 || ^18.0.0,npm,peerDependencies,overlays,runtime-prod,2026-07-21,FALSE,workspaces/dynatrace-dql/metadata/dynatrace-backstage-plugin-dql.yaml,
OK,2,low,2,dynatrace-dql,dynatrace-backstage-plugin-dql,generally-available,react-use,^17.2.4,npm,dependencies,overlays,runtime-prod,2026-06-10,FALSE,workspaces/dynatrace-dql/metadata/dynatrace-backstage-plugin-dql.yaml,
OK,2,low,2,dynatrace-dql,dynatrace-backstage-plugin-dql,generally-available,zod,^3.22.4,npm,dependencies,overlays,runtime-prod,2026-05-04,FALSE,workspaces/dynatrace-dql/metadata/dynatrace-backstage-plugin-dql.yaml,
OK,2,low,2,dynatrace-dql,dynatrace-backstage-plugin-dql-backend,generally-available,@backstage/cli,^0.35.3,npm,devDependencies,overlays,build,2026-08-18,FALSE,workspaces/dynatrace-dql/metadata/dynatrace-backstage-plugin-dql-backend.yaml,
OK,2,low,2,dynatrace-dql,dynatrace-backstage-plugin-dql-backend,generally-available,@backstage/config,^1.3.6,npm,dependencies,overlays,runtime-prod,2026-05-19,FALSE,workspaces/dynatrace-dql/metadata/dynatrace-backstage-plugin-dql-backend.yaml,
OK,2,low,2,dynatrace-dql,dynatrace-backstage-plugin-dql-backend,generally-available,@backstage/test-utils,^1.7.14,npm,devDependencies,overlays,test-only,2026-08-18,FALSE,workspaces/dynatrace-dql/metadata/dynatrace-backstage-plugin-dql-backend.yaml,
OK,2,low,2,dynatrace-dql,dynatrace-backstage-plugin-dql-backend,generally-available,@dynatrace/backstage-plugin-dql-backend,2.7.0,npm,dependencies,overlays,runtime-prod,2026-06-03,FALSE,workspaces/dynatrace-dql/metadata/dynatrace-backstage-plugin-dql-backend.yaml,
OK,2,low,2,dynatrace-dql,dynatrace-backstage-plugin-dql-backend,generally-available,@dynatrace/backstage-plugin-dql-common,^2.7.0,npm,dependencies,overlays,runtime-prod,2026-06-03,FALSE,workspaces/dynatrace-dql/metadata/dynatrace-backstage-plugin-dql-backend.yaml,
OK,2,low,2,dynatrace-dql,dynatrace-backstage-plugin-dql-backend,generally-available,@types/express,^4.17.23,npm,dependencies,overlays,test-only,2025-12-01,FALSE,workspaces/dynatrace-dql/metadata/dynatrace-backstage-plugin-dql-backend.yaml,
OK,2,low,2,dynatrace-dql,dynatrace-backstage-plugin-dql-backend,generally-available,@types/node-fetch,^2.6.11,npm,devDependencies,overlays,test-only,2025-07-29,FALSE,workspaces/dynatrace-dql/metadata/dynatrace-backstage-plugin-dql-backend.yaml,
OK,2,low,2,dynatrace-dql,dynatrace-backstage-plugin-dql-backend,generally-available,@types/supertest,^6.0.0,npm,devDependencies,overlays,test-only,2026-07-14,FALSE,workspaces/dynatrace-dql/metadata/dynatrace-backstage-plugin-dql-backend.yaml,
OK,2,low,2,dynatrace-dql,dynatrace-backstage-plugin-dql-backend,generally-available,express,^4.17.1,npm,dependencies,overlays,runtime-prod,2025-12-01,FALSE,workspaces/dynatrace-dql/metadata/dynatrace-backstage-plugin-dql-backend.yaml,
OK,2,low,2,dynatrace-dql,dynatrace-backstage-plugin-dql-backend,generally-available,https-proxy-agent,7.0.6,npm,dependencies,overlays,runtime-prod,2026-06-08,FALSE,workspaces/dynatrace-dql/metadata/dynatrace-backstage-plugin-dql-backend.yaml,
OK,2,low,2,dynatrace-dql,dynatrace-backstage-plugin-dql-backend,generally-available,msw,^2.0.0,npm,devDependencies,overlays,build,2026-07-08,FALSE,workspaces/dynatrace-dql/metadata/dynatrace-backstage-plugin-dql-backend.yaml,
OK,2,low,2,dynatrace-dql,dynatrace-backstage-plugin-dql-backend,generally-available,winston,^3.2.1,npm,dependencies,overlays,runtime-prod,2025-12-07,FALSE,workspaces/dynatrace-dql/metadata/dynatrace-backstage-plugin-dql-backend.yaml,
OK,2,low,2,dynatrace-dql,dynatrace-backstage-plugin-dql-backend,generally-available,yn,^4.0.0,npm,dependencies,overlays,runtime-prod,2025-08-22,FALSE,workspaces/dynatrace-dql/metadata/dynatrace-backstage-plugin-dql-backend.yaml,
OK,2,low,2,dynatrace-dql,dynatrace-backstage-plugin-dql-backend,generally-available,zod,^3.22.4,npm,dependencies,overlays,runtime-prod,2026-05-04,FALSE,workspaces/dynatrace-dql/metadata/dynatrace-backstage-plugin-dql-backend.yaml,
OK,2,low,2,extensions,rhdh-bsp-ctlg-backend-mod-extensions,tech-preview,@backstage/backend-dynamic-feature-service,^0.8.3,npm,dependencies,overlays,runtime-prod,2026-08-18,FALSE,workspaces/extensions/metadata/rhdh-bsp-ctlg-backend-mod-extensions.yaml,
OK,2,low,2,extensions,rhdh-bsp-ctlg-backend-mod-extensions,tech-preview,@backstage/backend-plugin-api,^1.9.2,npm,dependencies,overlays,runtime-prod,2026-08-18,FALSE,workspaces/extensions/metadata/rhdh-bsp-ctlg-backend-mod-extensions.yaml,
OK,2,low,2,extensions,rhdh-bsp-ctlg-backend-mod-extensions,tech-preview,@backstage/backend-test-utils,^1.11.4,npm,devDependencies,overlays,test-only,2026-08-18,FALSE,workspaces/extensions/metadata/rhdh-bsp-ctlg-backend-mod-extensions.yaml,
OK,2,low,2,extensions,rhdh-bsp-ctlg-backend-mod-extensions,tech-preview,@backstage/catalog-client,^1.16.0,npm,dependencies,overlays,runtime-prod,2026-07-14,FALSE,workspaces/extensions/metadata/rhdh-bsp-ctlg-backend-mod-extensions.yaml,
OK,2,low,2,extensions,rhdh-bsp-ctlg-backend-mod-extensions,tech-preview,@backstage/catalog-model,^1.9.0,npm,dependencies,overlays,runtime-prod,2026-08-18,FALSE,workspaces/extensions/metadata/rhdh-bsp-ctlg-backend-mod-extensions.yaml,
OK,2,low,2,extensions,rhdh-bsp-ctlg-backend-mod-extensions,tech-preview,@backstage/cli,^0.36.3,npm,devDependencies,overlays,build,2026-08-18,FALSE,workspaces/extensions/metadata/rhdh-bsp-ctlg-backend-mod-extensions.yaml,
OK,2,low,2,extensions,rhdh-bsp-ctlg-backend-mod-extensions,tech-preview,@backstage/cli-common,^0.2.2,npm,dependencies,overlays,runtime-prod,2026-07-14,FALSE,workspaces/extensions/metadata/rhdh-bsp-ctlg-backend-mod-extensions.yaml,
OK,2,low,2,extensions,rhdh-bsp-ctlg-backend-mod-extensions,tech-preview,@backstage/config,^1.3.8,npm,dependencies,overlays,runtime-prod,2026-05-19,FALSE,workspaces/extensions/metadata/rhdh-bsp-ctlg-backend-mod-extensions.yaml,
OK,2,low,2,extensions,rhdh-bsp-ctlg-backend-mod-extensions,tech-preview,@backstage/plugin-catalog-common,^1.1.10,npm,dependencies,overlays,runtime-prod,2026-05-19,FALSE,workspaces/extensions/metadata/rhdh-bsp-ctlg-backend-mod-extensions.yaml,
OK,2,low,2,extensions,rhdh-bsp-ctlg-backend-mod-extensions,tech-preview,@backstage/plugin-catalog-node,^2.2.2,npm,dependencies,overlays,runtime-prod,2026-08-18,FALSE,workspaces/extensions/metadata/rhdh-bsp-ctlg-backend-mod-extensions.yaml,
OK,2,low,2,extensions,rhdh-bsp-ctlg-backend-mod-extensions,tech-preview,@backstage/types,^1.2.2,npm,dependencies,overlays,runtime-prod,2025-09-16,FALSE,workspaces/extensions/metadata/rhdh-bsp-ctlg-backend-mod-extensions.yaml,
OK,2,low,2,extensions,rhdh-bsp-ctlg-backend-mod-extensions,tech-preview,@red-hat-developer-hub/backstage-plugin-catalog-backend-module-extensions,0.19.1,npm,dependencies,overlays,runtime-prod,2026-07-27,FALSE,workspaces/extensions/metadata/rhdh-bsp-ctlg-backend-mod-extensions.yaml,
OK,2,low,2,extensions,rhdh-bsp-ctlg-backend-mod-extensions,tech-preview,@red-hat-developer-hub/backstage-plugin-extensions-common,^0.19.1,npm,dependencies,overlays,runtime-prod,2026-07-27,FALSE,workspaces/extensions/metadata/rhdh-bsp-ctlg-backend-mod-extensions.yaml,
OK,2,low,2,extensions,rhdh-bsp-ctlg-backend-mod-extensions,tech-preview,glob,^8.1.0,npm,dependencies,overlays,runtime-prod,2026-02-19,FALSE,workspaces/extensions/metadata/rhdh-bsp-ctlg-backend-mod-extensions.yaml,
OK,2,low,2,extensions,rhdh-bsp-ctlg-backend-mod-extensions,tech-preview,js-yaml,^4.1.0,npm,dependencies,overlays,runtime-prod,2026-08-25,FALSE,workspaces/extensions/metadata/rhdh-bsp-ctlg-backend-mod-extensions.yaml,
OK,2,low,2,extensions,rhdh-bsp-ctlg-backend-mod-extensions,tech-preview,semver,^7.6.3,npm,dependencies,overlays,runtime-prod,2026-06-19,FALSE,workspaces/extensions/metadata/rhdh-bsp-ctlg-backend-mod-extensions.yaml,
OK,2,low,2,extensions,rhdh-bsp-extensions,tech-preview,@backstage/catalog-client,^1.16.0,npm,dependencies,overlays,runtime-prod,2026-07-14,FALSE,workspaces/extensions/metadata/rhdh-bsp-extensions.yaml,
OK,2,low,2,extensions,rhdh-bsp-extensions,tech-preview,@backstage/cli,^0.36.3,npm,devDependencies,overlays,build,2026-08-18,FALSE,workspaces/extensions/metadata/rhdh-bsp-extensions.yaml,
OK,2,low,2,extensions,rhdh-bsp-extensions,tech-preview,@backstage/core-compat-api,^0.5.12,npm,dependencies,overlays,runtime-prod,2026-08-18,FALSE,workspaces/extensions/metadata/rhdh-bsp-extensions.yaml,
OK,2,low,2,extensions,rhdh-bsp-extensions,tech-preview,@backstage/core-components,^0.18.11,npm,dependencies,overlays,runtime-prod,2026-08-18,FALSE,workspaces/extensions/metadata/rhdh-bsp-extensions.yaml,
OK,2,low,2,extensions,rhdh-bsp-extensions,tech-preview,@backstage/core-plugin-api,^1.12.7,npm,dependencies,overlays,runtime-prod,2026-08-18,FALSE,workspaces/extensions/metadata/rhdh-bsp-extensions.yaml,
OK,2,low,2,extensions,rhdh-bsp-extensions,tech-preview,@backstage/dev-utils,^1.1.24,npm,devDependencies,overlays,build,2026-08-18,FALSE,workspaces/extensions/metadata/rhdh-bsp-extensions.yaml,
OK,2,low,2,extensions,rhdh-bsp-extensions,tech-preview,@backstage/frontend-defaults,^0.5.3,npm,dependencies,overlays,runtime-prod,2026-08-18,FALSE,workspaces/extensions/metadata/rhdh-bsp-extensions.yaml,
OK,2,low,2,extensions,rhdh-bsp-extensions,tech-preview,@backstage/frontend-plugin-api,^0.17.2,npm,dependencies,overlays,runtime-prod,2026-08-18,FALSE,workspaces/extensions/metadata/rhdh-bsp-extensions.yaml,
OK,2,low,2,extensions,rhdh-bsp-extensions,tech-preview,@backstage/plugin-app-react,^0.2.4,npm,dependencies,overlays,runtime-prod,2026-08-18,FALSE,workspaces/extensions/metadata/rhdh-bsp-extensions.yaml,
OK,2,low,2,extensions,rhdh-bsp-extensions,tech-preview,@backstage/plugin-catalog-react,^3.1.0,npm,dependencies,overlays,runtime-prod,2026-08-25,FALSE,workspaces/extensions/metadata/rhdh-bsp-extensions.yaml,
OK,2,low,2,extensions,rhdh-bsp-extensions,tech-preview,@backstage/test-utils,^1.7.19,npm,devDependencies,overlays,test-only,2026-08-18,FALSE,workspaces/extensions/metadata/rhdh-bsp-extensions.yaml,
OK,2,low,2,extensions,rhdh-bsp-extensions,tech-preview,@backstage/theme,^0.7.3,npm,dependencies,overlays,runtime-prod,2026-04-14,FALSE,workspaces/extensions/metadata/rhdh-bsp-extensions.yaml,
OK,2,low,2,extensions,rhdh-bsp-extensions,tech-preview,@backstage/types,^1.2.2,npm,dependencies,overlays,runtime-prod,2025-09-16,FALSE,workspaces/extensions/metadata/rhdh-bsp-extensions.yaml,
OK,2,low,2,extensions,rhdh-bsp-extensions,tech-preview,@backstage/ui,^0.16.0,npm,dependencies,overlays,runtime-prod,2026-08-18,FALSE,workspaces/extensions/metadata/rhdh-bsp-extensions.yaml,
OK,2,low,2,extensions,rhdh-bsp-extensions,tech-preview,@material-table/core,^6.4.4,npm,dependencies,overlays,runtime-prod,2026-07-23,FALSE,workspaces/extensions/metadata/rhdh-bsp-extensions.yaml,
OK,2,low,2,extensions,rhdh-bsp-extensions,tech-preview,@mui/icons-material,5.18.0,npm,dependencies,overlays,runtime-prod,2026-08-06,FALSE,workspaces/extensions/metadata/rhdh-bsp-extensions.yaml,
OK,2,low,2,extensions,rhdh-bsp-extensions,tech-preview,@mui/material,5.18.0,npm,dependencies,overlays,runtime-prod,2026-08-06,FALSE,workspaces/extensions/metadata/rhdh-bsp-extensions.yaml,
OK,2,low,2,extensions,rhdh-bsp-extensions,tech-preview,@red-hat-developer-hub/backstage-plugin-extensions,0.19.1,npm,dependencies,overlays,runtime-prod,2026-07-27,FALSE,workspaces/extensions/metadata/rhdh-bsp-extensions.yaml,
OK,2,low,2,extensions,rhdh-bsp-extensions,tech-preview,@red-hat-developer-hub/backstage-plugin-extensions-common,^0.19.1,npm,dependencies,overlays,runtime-prod,2026-07-27,FALSE,workspaces/extensions/metadata/rhdh-bsp-extensions.yaml,
OK,2,low,2,extensions,rhdh-bsp-extensions,tech-preview,@red-hat-developer-hub/backstage-plugin-theme,^0.14.11,npm,devDependencies,overlays,build,2026-08-04,FALSE,workspaces/extensions/metadata/rhdh-bsp-extensions.yaml,
OK,2,low,2,extensions,rhdh-bsp-extensions,tech-preview,@tanstack/react-query,^5.60.5,npm,dependencies,overlays,runtime-prod,2026-08-26,FALSE,workspaces/extensions/metadata/rhdh-bsp-extensions.yaml,
OK,2,low,2,extensions,rhdh-bsp-extensions,tech-preview,@testing-library/jest-dom,^6.0.0,npm,devDependencies,overlays,test-only,2026-08-09,FALSE,workspaces/extensions/metadata/rhdh-bsp-extensions.yaml,
OK,2,low,2,extensions,rhdh-bsp-extensions,tech-preview,@testing-library/react,^14.0.0,npm,devDependencies,overlays,test-only,2026-01-19,FALSE,workspaces/extensions/metadata/rhdh-bsp-extensions.yaml,
OK,2,low,2,extensions,rhdh-bsp-extensions,tech-preview,monaco-editor,^0.55.0,npm,dependencies,overlays,runtime-prod,2026-07-20,FALSE,workspaces/extensions/metadata/rhdh-bsp-extensions.yaml,
OK,2,low,2,extensions,rhdh-bsp-extensions,tech-preview,react,^17.0.0 || ^18.0.0,npm,devDependencies,overlays,build,2026-07-21,FALSE,workspaces/extensions/metadata/rhdh-bsp-extensions.yaml,
OK,2,low,2,extensions,rhdh-bsp-extensions,tech-preview,react,^17.0.0 || ^18.0.0,npm,peerDependencies,overlays,runtime-prod,2026-07-21,FALSE,workspaces/extensions/metadata/rhdh-bsp-extensions.yaml,
OK,2,low,2,extensions,rhdh-bsp-extensions,tech-preview,react-dom,^17.0.0 || ^18.0.0,npm,peerDependencies,overlays,runtime-prod,2026-07-21,FALSE,workspaces/extensions/metadata/rhdh-bsp-extensions.yaml,
OK,2,low,2,extensions,rhdh-bsp-extensions,tech-preview,react-router-dom,^6.3.0,npm,devDependencies,overlays,build,2026-07-28,FALSE,workspaces/extensions/metadata/rhdh-bsp-extensions.yaml,
OK,2,low,2,extensions,rhdh-bsp-extensions,tech-preview,react-router-dom,^6.3.0,npm,peerDependencies,overlays,runtime-prod,2026-07-28,FALSE,workspaces/extensions/metadata/rhdh-bsp-extensions.yaml,
OK,2,low,2,extensions,rhdh-bsp-extensions,tech-preview,yaml,^2.7.0,npm,dependencies,overlays,runtime-prod,2026-05-11,FALSE,workspaces/extensions/metadata/rhdh-bsp-extensions.yaml,
OK,2,low,2,extensions,rhdh-bsp-extensions-backend,tech-preview,@backstage/backend-defaults,^0.17.4,npm,dependencies,overlays,runtime-prod,2026-08-18,FALSE,workspaces/extensions/metadata/rhdh-bsp-extensions-backend.yaml,
OK,2,low,2,extensions,rhdh-bsp-extensions-backend,tech-preview,@backstage/backend-dynamic-feature-service,^0.8.3,npm,dependencies,overlays,runtime-prod,2026-08-18,FALSE,workspaces/extensions/metadata/rhdh-bsp-extensions-backend.yaml,
OK,2,low,2,extensions,rhdh-bsp-extensions-backend,tech-preview,@backstage/backend-plugin-api,^1.9.2,npm,dependencies,overlays,runtime-prod,2026-08-18,FALSE,workspaces/extensions/metadata/rhdh-bsp-extensions-backend.yaml,
OK,2,low,2,extensions,rhdh-bsp-extensions-backend,tech-preview,@backstage/backend-test-utils,^1.11.4,npm,devDependencies,overlays,test-only,2026-08-18,FALSE,workspaces/extensions/metadata/rhdh-bsp-extensions-backend.yaml,
OK,2,low,2,extensions,rhdh-bsp-extensions-backend,tech-preview,@backstage/catalog-client,^1.16.0,npm,dependencies,overlays,runtime-prod,2026-07-14,FALSE,workspaces/extensions/metadata/rhdh-bsp-extensions-backend.yaml,
OK,2,low,2,extensions,rhdh-bsp-extensions-backend,tech-preview,@backstage/catalog-model,^1.9.0,npm,dependencies,overlays,runtime-prod,2026-08-18,FALSE,workspaces/extensions/metadata/rhdh-bsp-extensions-backend.yaml,
OK,2,low,2,extensions,rhdh-bsp-extensions-backend,tech-preview,@backstage/cli,^0.36.3,npm,devDependencies,overlays,build,2026-08-18,FALSE,workspaces/extensions/metadata/rhdh-bsp-extensions-backend.yaml,
OK,2,low,2,extensions,rhdh-bsp-extensions-backend,tech-preview,@backstage/config,^1.3.8,npm,devDependencies,overlays,build,2026-05-19,FALSE,workspaces/extensions/metadata/rhdh-bsp-extensions-backend.yaml,
OK,2,low,2,extensions,rhdh-bsp-extensions-backend,tech-preview,@backstage/errors,^1.3.1,npm,dependencies,overlays,runtime-prod,2026-05-19,FALSE,workspaces/extensions/metadata/rhdh-bsp-extensions-backend.yaml,
OK,2,low,2,extensions,rhdh-bsp-extensions-backend,tech-preview,@backstage/plugin-catalog-node,^2.2.2,npm,dependencies,overlays,runtime-prod,2026-08-18,FALSE,workspaces/extensions/metadata/rhdh-bsp-extensions-backend.yaml,
OK,2,low,2,extensions,rhdh-bsp-extensions-backend,tech-preview,@backstage/plugin-catalog-node,^2.2.2,npm,devDependencies,overlays,build,2026-08-18,FALSE,workspaces/extensions/metadata/rhdh-bsp-extensions-backend.yaml,
OK,2,low,2,extensions,rhdh-bsp-extensions-backend,tech-preview,@backstage/plugin-permission-common,^0.9.9,npm,dependencies,overlays,runtime-prod,2026-08-18,FALSE,workspaces/extensions/metadata/rhdh-bsp-extensions-backend.yaml,
OK,2,low,2,extensions,rhdh-bsp-extensions-backend,tech-preview,@backstage/plugin-permission-node,^0.11.1,npm,dependencies,overlays,runtime-prod,2026-08-18,FALSE,workspaces/extensions/metadata/rhdh-bsp-extensions-backend.yaml,
OK,2,low,2,extensions,rhdh-bsp-extensions-backend,tech-preview,@backstage/types,^1.2.2,npm,devDependencies,overlays,build,2025-09-16,FALSE,workspaces/extensions/metadata/rhdh-bsp-extensions-backend.yaml,
OK,2,low,2,extensions,rhdh-bsp-extensions-backend,tech-preview,@red-hat-developer-hub/backstage-plugin-extensions-backend,0.19.1,npm,dependencies,overlays,runtime-prod,2026-07-27,FALSE,workspaces/extensions/metadata/rhdh-bsp-extensions-backend.yaml,
OK,2,low,2,extensions,rhdh-bsp-extensions-backend,tech-preview,@red-hat-developer-hub/backstage-plugin-extensions-common,^0.19.1,npm,dependencies,overlays,runtime-prod,2026-07-27,FALSE,workspaces/extensions/metadata/rhdh-bsp-extensions-backend.yaml,
OK,2,low,2,extensions,rhdh-bsp-extensions-backend,tech-preview,@types/express,*,npm,devDependencies,overlays,test-only,2025-12-01,FALSE,workspaces/extensions/metadata/rhdh-bsp-extensions-backend.yaml,
OK,2,low,2,extensions,rhdh-bsp-extensions-backend,tech-preview,@types/supertest,^2.0.12,npm,devDependencies,overlays,test-only,2026-07-14,FALSE,workspaces/extensions/metadata/rhdh-bsp-extensions-backend.yaml,
OK,2,low,2,extensions,rhdh-bsp-extensions-backend,tech-preview,express,^4.17.1,npm,dependencies,overlays,runtime-prod,2025-12-01,FALSE,workspaces/extensions/metadata/rhdh-bsp-extensions-backend.yaml,
OK,2,low,2,extensions,rhdh-bsp-extensions-backend,tech-preview,msw,^1.0.0,npm,devDependencies,overlays,build,2026-07-08,FALSE,workspaces/extensions/metadata/rhdh-bsp-extensions-backend.yaml,
OK,2,low,2,extensions,rhdh-bsp-extensions-backend,tech-preview,supertest,^6.2.4,npm,devDependencies,overlays,build,2026-01-06,FALSE,workspaces/extensions/metadata/rhdh-bsp-extensions-backend.yaml,
OK,2,low,2,extensions,rhdh-bsp-extensions-backend,tech-preview,yaml,^2.7.1,npm,dependencies,overlays,runtime-prod,2026-05-11,FALSE,workspaces/extensions/metadata/rhdh-bsp-extensions-backend.yaml,
OK,2,low,2,extensions,rhdh-bsp-extensions-backend,tech-preview,zod,^3.22.4,npm,dependencies,overlays,runtime-prod,2026-05-04,FALSE,workspaces/extensions/metadata/rhdh-bsp-extensions-backend.yaml,
OK,2,low,2,global-header,red-hat-developer-hub-backstage-plugin-global-header,generally-available,@backstage/catalog-model,^1.9.0,npm,dependencies,overlays,runtime-prod,2026-08-18,FALSE,workspaces/global-header/metadata/red-hat-developer-hub-backstage-plugin-global-header.yaml,
OK,2,low,2,global-header,red-hat-developer-hub-backstage-plugin-global-header,generally-available,@backstage/cli,^0.36.3,npm,devDependencies,overlays,build,2026-08-18,FALSE,workspaces/global-header/metadata/red-hat-developer-hub-backstage-plugin-global-header.yaml,
OK,2,low,2,global-header,red-hat-developer-hub-backstage-plugin-global-header,generally-available,@backstage/config,^1.3.8,npm,devDependencies,overlays,build,2026-05-19,FALSE,workspaces/global-header/metadata/red-hat-developer-hub-backstage-plugin-global-header.yaml,
OK,2,low,2,global-header,red-hat-developer-hub-backstage-plugin-global-header,generally-available,@backstage/core-app-api,^1.20.2,npm,devDependencies,overlays,build,2026-08-18,FALSE,workspaces/global-header/metadata/red-hat-developer-hub-backstage-plugin-global-header.yaml,
OK,2,low,2,global-header,red-hat-developer-hub-backstage-plugin-global-header,generally-available,@backstage/core-components,^0.18.11,npm,dependencies,overlays,runtime-prod,2026-08-18,FALSE,workspaces/global-header/metadata/red-hat-developer-hub-backstage-plugin-global-header.yaml,
OK,2,low,2,global-header,red-hat-developer-hub-backstage-plugin-global-header,generally-available,@backstage/core-plugin-api,^1.12.7,npm,dependencies,overlays,runtime-prod,2026-08-18,FALSE,workspaces/global-header/metadata/red-hat-developer-hub-backstage-plugin-global-header.yaml,
OK,2,low,2,global-header,red-hat-developer-hub-backstage-plugin-global-header,generally-available,@backstage/dev-utils,^1.1.24,npm,devDependencies,overlays,build,2026-08-18,FALSE,workspaces/global-header/metadata/red-hat-developer-hub-backstage-plugin-global-header.yaml,
OK,2,low,2,global-header,red-hat-developer-hub-backstage-plugin-global-header,generally-available,@backstage/frontend-defaults,^0.5.3,npm,devDependencies,overlays,build,2026-08-18,FALSE,workspaces/global-header/metadata/red-hat-developer-hub-backstage-plugin-global-header.yaml,
OK,2,low,2,global-header,red-hat-developer-hub-backstage-plugin-global-header,generally-available,@backstage/frontend-plugin-api,^0.17.2,npm,dependencies,overlays,runtime-prod,2026-08-18,FALSE,workspaces/global-header/metadata/red-hat-developer-hub-backstage-plugin-global-header.yaml,
OK,2,low,2,global-header,red-hat-developer-hub-backstage-plugin-global-header,generally-available,@backstage/frontend-test-utils,^0.6.1,npm,devDependencies,overlays,test-only,2026-08-18,FALSE,workspaces/global-header/metadata/red-hat-developer-hub-backstage-plugin-global-header.yaml,
OK,2,low,2,global-header,red-hat-developer-hub-backstage-plugin-global-header,generally-available,@backstage/plugin-app-react,^0.2.4,npm,dependencies,overlays,runtime-prod,2026-08-18,FALSE,workspaces/global-header/metadata/red-hat-developer-hub-backstage-plugin-global-header.yaml,
OK,2,low,2,global-header,red-hat-developer-hub-backstage-plugin-global-header,generally-available,@backstage/plugin-catalog-react,^3.1.0,npm,dependencies,overlays,runtime-prod,2026-08-25,FALSE,workspaces/global-header/metadata/red-hat-developer-hub-backstage-plugin-global-header.yaml,
OK,2,low,2,global-header,red-hat-developer-hub-backstage-plugin-global-header,generally-available,@backstage/plugin-notifications,^0.5.18,npm,dependencies,overlays,runtime-prod,2026-08-18,FALSE,workspaces/global-header/metadata/red-hat-developer-hub-backstage-plugin-global-header.yaml,
OK,2,low,2,global-header,red-hat-developer-hub-backstage-plugin-global-header,generally-available,@backstage/plugin-notifications-common,^0.2.3,npm,dependencies,overlays,runtime-prod,2026-05-19,FALSE,workspaces/global-header/metadata/red-hat-developer-hub-backstage-plugin-global-header.yaml,
OK,2,low,2,global-header,red-hat-developer-hub-backstage-plugin-global-header,generally-available,@backstage/plugin-search,^1.7.5,npm,dependencies,overlays,runtime-prod,2026-08-18,FALSE,workspaces/global-header/metadata/red-hat-developer-hub-backstage-plugin-global-header.yaml,
OK,2,low,2,global-header,red-hat-developer-hub-backstage-plugin-global-header,generally-available,@backstage/plugin-search-backend,^2.1.3,npm,dependencies,overlays,runtime-prod,2026-08-20,FALSE,workspaces/global-header/metadata/red-hat-developer-hub-backstage-plugin-global-header.yaml,
OK,2,low,2,global-header,red-hat-developer-hub-backstage-plugin-global-header,generally-available,@backstage/plugin-search-backend-module-catalog,^0.3.16,npm,dependencies,overlays,runtime-prod,2026-08-18,FALSE,workspaces/global-header/metadata/red-hat-developer-hub-backstage-plugin-global-header.yaml,
OK,2,low,2,global-header,red-hat-developer-hub-backstage-plugin-global-header,generally-available,@backstage/plugin-search-backend-module-pg,^0.5.56,npm,dependencies,overlays,runtime-prod,2026-08-18,FALSE,workspaces/global-header/metadata/red-hat-developer-hub-backstage-plugin-global-header.yaml,
OK,2,low,2,global-header,red-hat-developer-hub-backstage-plugin-global-header,generally-available,@backstage/plugin-search-backend-module-techdocs,^0.4.15,npm,dependencies,overlays,runtime-prod,2026-08-18,FALSE,workspaces/global-header/metadata/red-hat-developer-hub-backstage-plugin-global-header.yaml,
OK,2,low,2,global-header,red-hat-developer-hub-backstage-plugin-global-header,generally-available,@backstage/plugin-search-common,^1.2.24,npm,dependencies,overlays,runtime-prod,2026-05-19,FALSE,workspaces/global-header/metadata/red-hat-developer-hub-backstage-plugin-global-header.yaml,
OK,2,low,2,global-header,red-hat-developer-hub-backstage-plugin-global-header,generally-available,@backstage/plugin-search-common,^1.2.24,npm,devDependencies,overlays,build,2026-05-19,FALSE,workspaces/global-header/metadata/red-hat-developer-hub-backstage-plugin-global-header.yaml,
OK,2,low,2,global-header,red-hat-developer-hub-backstage-plugin-global-header,generally-available,@backstage/plugin-search-react,^1.11.5,npm,dependencies,overlays,runtime-prod,2026-08-18,FALSE,workspaces/global-header/metadata/red-hat-developer-hub-backstage-plugin-global-header.yaml,
OK,2,low,2,global-header,red-hat-developer-hub-backstage-plugin-global-header,generally-available,@backstage/plugin-signals-react,^0.0.23,npm,dependencies,overlays,runtime-prod,2026-08-18,FALSE,workspaces/global-header/metadata/red-hat-developer-hub-backstage-plugin-global-header.yaml,
OK,2,low,2,global-header,red-hat-developer-hub-backstage-plugin-global-header,generally-available,@backstage/plugin-user-settings,^0.9.4,npm,dependencies,overlays,runtime-prod,2026-08-18,FALSE,workspaces/global-header/metadata/red-hat-developer-hub-backstage-plugin-global-header.yaml,
OK,2,low,2,global-header,red-hat-developer-hub-backstage-plugin-global-header,generally-available,@backstage/test-utils,^1.7.19,npm,devDependencies,overlays,test-only,2026-08-18,FALSE,workspaces/global-header/metadata/red-hat-developer-hub-backstage-plugin-global-header.yaml,
OK,2,low,2,global-header,red-hat-developer-hub-backstage-plugin-global-header,generally-available,@backstage/theme,^0.7.3,npm,dependencies,overlays,runtime-prod,2026-04-14,FALSE,workspaces/global-header/metadata/red-hat-developer-hub-backstage-plugin-global-header.yaml,
OK,2,low,2,global-header,red-hat-developer-hub-backstage-plugin-global-header,generally-available,@backstage/ui,^0.16.0,npm,devDependencies,overlays,build,2026-08-18,FALSE,workspaces/global-header/metadata/red-hat-developer-hub-backstage-plugin-global-header.yaml,
OK,2,low,2,global-header,red-hat-developer-hub-backstage-plugin-global-header,generally-available,@mui/icons-material,5.18.0,npm,dependencies,overlays,runtime-prod,2026-08-06,FALSE,workspaces/global-header/metadata/red-hat-developer-hub-backstage-plugin-global-header.yaml,
OK,2,low,2,global-header,red-hat-developer-hub-backstage-plugin-global-header,generally-available,@mui/material,5.18.0,npm,dependencies,overlays,runtime-prod,2026-08-06,FALSE,workspaces/global-header/metadata/red-hat-developer-hub-backstage-plugin-global-header.yaml,
OK,2,low,2,global-header,red-hat-developer-hub-backstage-plugin-global-header,generally-available,@mui/styled-engine,5.18.0,npm,dependencies,overlays,runtime-prod,2026-08-05,FALSE,workspaces/global-header/metadata/red-hat-developer-hub-backstage-plugin-global-header.yaml,
OK,2,low,2,global-header,red-hat-developer-hub-backstage-plugin-global-header,generally-available,@openshift/dynamic-plugin-sdk,^5.0.1,npm,devDependencies,overlays,build,2026-07-31,FALSE,workspaces/global-header/metadata/red-hat-developer-hub-backstage-plugin-global-header.yaml,
OK,2,low,2,global-header,red-hat-developer-hub-backstage-plugin-global-header,generally-available,@red-hat-developer-hub/backstage-plugin-global-header,2.0.0,npm,dependencies,overlays,runtime-prod,2026-07-31,FALSE,workspaces/global-header/metadata/red-hat-developer-hub-backstage-plugin-global-header.yaml,
OK,2,low,2,global-header,red-hat-developer-hub-backstage-plugin-global-header,generally-available,@red-hat-developer-hub/backstage-plugin-theme,^0.14.11,npm,devDependencies,overlays,build,2026-08-04,FALSE,workspaces/global-header/metadata/red-hat-developer-hub-backstage-plugin-global-header.yaml,
OK,2,low,2,global-header,red-hat-developer-hub-backstage-plugin-global-header,generally-available,@scalprum/react-core,0.11.3,npm,dependencies,overlays,runtime-prod,2026-08-05,FALSE,workspaces/global-header/metadata/red-hat-developer-hub-backstage-plugin-global-header.yaml,
OK,2,low,2,global-header,red-hat-developer-hub-backstage-plugin-global-header,generally-available,@testing-library/jest-dom,^6.0.0,npm,devDependencies,overlays,test-only,2026-08-09,FALSE,workspaces/global-header/metadata/red-hat-developer-hub-backstage-plugin-global-header.yaml,
OK,2,low,2,global-header,red-hat-developer-hub-backstage-plugin-global-header,generally-available,@testing-library/react,^14.0.0,npm,devDependencies,overlays,test-only,2026-01-19,FALSE,workspaces/global-header/metadata/red-hat-developer-hub-backstage-plugin-global-header.yaml,
OK,2,low,2,global-header,red-hat-developer-hub-backstage-plugin-global-header,generally-available,@testing-library/user-event,^14.0.0,npm,devDependencies,overlays,test-only,2026-08-22,FALSE,workspaces/global-header/metadata/red-hat-developer-hub-backstage-plugin-global-header.yaml,
OK,2,low,2,global-header,red-hat-developer-hub-backstage-plugin-global-header,generally-available,msw,^1.0.0,npm,devDependencies,overlays,build,2026-07-08,FALSE,workspaces/global-header/metadata/red-hat-developer-hub-backstage-plugin-global-header.yaml,
OK,2,low,2,global-header,red-hat-developer-hub-backstage-plugin-global-header,generally-available,react,^16.13.1 || ^17.0.0 || ^18.0.0,npm,devDependencies,overlays,build,2026-07-21,FALSE,workspaces/global-header/metadata/red-hat-developer-hub-backstage-plugin-global-header.yaml,
OK,2,low,2,global-header,red-hat-developer-hub-backstage-plugin-global-header,generally-available,react,^16.13.1 || ^17.0.0 || ^18.0.0,npm,peerDependencies,overlays,runtime-prod,2026-07-21,FALSE,workspaces/global-header/metadata/red-hat-developer-hub-backstage-plugin-global-header.yaml,
OK,2,low,2,global-header,red-hat-developer-hub-backstage-plugin-global-header,generally-available,react-dom,^16.13.1 || ^17.0.0 || ^18.0.0,npm,peerDependencies,overlays,runtime-prod,2026-07-21,FALSE,workspaces/global-header/metadata/red-hat-developer-hub-backstage-plugin-global-header.yaml,
OK,2,low,2,global-header,red-hat-developer-hub-backstage-plugin-global-header,generally-available,react-router-dom,^6.0.0,npm,devDependencies,overlays,build,2026-07-28,FALSE,workspaces/global-header/metadata/red-hat-developer-hub-backstage-plugin-global-header.yaml,
OK,2,low,2,global-header,red-hat-developer-hub-backstage-plugin-global-header,generally-available,react-router-dom,^6.0.0,npm,peerDependencies,overlays,runtime-prod,2026-07-28,FALSE,workspaces/global-header/metadata/red-hat-developer-hub-backstage-plugin-global-header.yaml,
OK,2,low,2,global-header,red-hat-developer-hub-backstage-plugin-global-header,generally-available,react-use,^17.5.0,npm,dependencies,overlays,runtime-prod,2026-06-10,FALSE,workspaces/global-header/metadata/red-hat-developer-hub-backstage-plugin-global-header.yaml,
OK,2,low,2,homepage,red-hat-developer-hub-backstage-plugin-homepage,generally-available,@backstage/catalog-client,^1.16.0,npm,dependencies,overlays,runtime-prod,2026-07-14,FALSE,workspaces/homepage/metadata/red-hat-developer-hub-backstage-plugin-homepage.yaml,
OK,2,low,2,homepage,red-hat-developer-hub-backstage-plugin-homepage,generally-available,@backstage/catalog-model,^1.9.0,npm,dependencies,overlays,runtime-prod,2026-08-18,FALSE,workspaces/homepage/metadata/red-hat-developer-hub-backstage-plugin-homepage.yaml,
OK,2,low,2,homepage,red-hat-developer-hub-backstage-plugin-homepage,generally-available,@backstage/cli,^0.36.3,npm,devDependencies,overlays,build,2026-08-18,FALSE,workspaces/homepage/metadata/red-hat-developer-hub-backstage-plugin-homepage.yaml,
OK,2,low,2,homepage,red-hat-developer-hub-backstage-plugin-homepage,generally-available,@backstage/core-app-api,^1.20.2,npm,devDependencies,overlays,build,2026-08-18,FALSE,workspaces/homepage/metadata/red-hat-developer-hub-backstage-plugin-homepage.yaml,
OK,2,low,2,homepage,red-hat-developer-hub-backstage-plugin-homepage,generally-available,@backstage/core-compat-api,^0.5.12,npm,dependencies,overlays,runtime-prod,2026-08-18,FALSE,workspaces/homepage/metadata/red-hat-developer-hub-backstage-plugin-homepage.yaml,
OK,2,low,2,homepage,red-hat-developer-hub-backstage-plugin-homepage,generally-available,@backstage/core-components,^0.18.11,npm,dependencies,overlays,runtime-prod,2026-08-18,FALSE,workspaces/homepage/metadata/red-hat-developer-hub-backstage-plugin-homepage.yaml,
OK,2,low,2,homepage,red-hat-developer-hub-backstage-plugin-homepage,generally-available,@backstage/core-plugin-api,^1.12.7,npm,dependencies,overlays,runtime-prod,2026-08-18,FALSE,workspaces/homepage/metadata/red-hat-developer-hub-backstage-plugin-homepage.yaml,
OK,2,low,2,homepage,red-hat-developer-hub-backstage-plugin-homepage,generally-available,@backstage/dev-utils,^1.1.24,npm,devDependencies,overlays,build,2026-08-18,FALSE,workspaces/homepage/metadata/red-hat-developer-hub-backstage-plugin-homepage.yaml,
OK,2,low,2,homepage,red-hat-developer-hub-backstage-plugin-homepage,generally-available,@backstage/frontend-defaults,^0.5.3,npm,devDependencies,overlays,build,2026-08-18,FALSE,workspaces/homepage/metadata/red-hat-developer-hub-backstage-plugin-homepage.yaml,
OK,2,low,2,homepage,red-hat-developer-hub-backstage-plugin-homepage,generally-available,@backstage/frontend-plugin-api,^0.17.2,npm,dependencies,overlays,runtime-prod,2026-08-18,FALSE,workspaces/homepage/metadata/red-hat-developer-hub-backstage-plugin-homepage.yaml,
OK,2,low,2,homepage,red-hat-developer-hub-backstage-plugin-homepage,generally-available,@backstage/plugin-app-react,^0.2.4,npm,dependencies,overlays,runtime-prod,2026-08-18,FALSE,workspaces/homepage/metadata/red-hat-developer-hub-backstage-plugin-homepage.yaml,
OK,2,low,2,homepage,red-hat-developer-hub-backstage-plugin-homepage,generally-available,@backstage/plugin-catalog,^2.0.6,npm,devDependencies,overlays,build,2026-08-18,FALSE,workspaces/homepage/metadata/red-hat-developer-hub-backstage-plugin-homepage.yaml,
OK,2,low,2,homepage,red-hat-developer-hub-backstage-plugin-homepage,generally-available,@backstage/plugin-catalog-react,^3.1.0,npm,dependencies,overlays,runtime-prod,2026-08-25,FALSE,workspaces/homepage/metadata/red-hat-developer-hub-backstage-plugin-homepage.yaml,
OK,2,low,2,homepage,red-hat-developer-hub-backstage-plugin-homepage,generally-available,@backstage/plugin-home,^0.9.7,npm,dependencies,overlays,runtime-prod,2026-08-18,FALSE,workspaces/homepage/metadata/red-hat-developer-hub-backstage-plugin-homepage.yaml,
OK,2,low,2,homepage,red-hat-developer-hub-backstage-plugin-homepage,generally-available,@backstage/plugin-home-react,^0.1.39,npm,dependencies,overlays,runtime-prod,2026-08-18,FALSE,workspaces/homepage/metadata/red-hat-developer-hub-backstage-plugin-homepage.yaml,
OK,2,low,2,homepage,red-hat-developer-hub-backstage-plugin-homepage,generally-available,@backstage/plugin-search,^1.7.5,npm,devDependencies,overlays,build,2026-08-18,FALSE,workspaces/homepage/metadata/red-hat-developer-hub-backstage-plugin-homepage.yaml,
OK,2,low,2,homepage,red-hat-developer-hub-backstage-plugin-homepage,generally-available,@backstage/plugin-search-react,^1.11.5,npm,dependencies,overlays,runtime-prod,2026-08-18,FALSE,workspaces/homepage/metadata/red-hat-developer-hub-backstage-plugin-homepage.yaml,
OK,2,low,2,homepage,red-hat-developer-hub-backstage-plugin-homepage,generally-available,@backstage/plugin-user-settings,^0.9.4,npm,dependencies,overlays,runtime-prod,2026-08-18,FALSE,workspaces/homepage/metadata/red-hat-developer-hub-backstage-plugin-homepage.yaml,
OK,2,low,2,homepage,red-hat-developer-hub-backstage-plugin-homepage,generally-available,@backstage/test-utils,^1.7.19,npm,devDependencies,overlays,test-only,2026-08-18,FALSE,workspaces/homepage/metadata/red-hat-developer-hub-backstage-plugin-homepage.yaml,
OK,2,low,2,homepage,red-hat-developer-hub-backstage-plugin-homepage,generally-available,@backstage/theme,^0.7.3,npm,dependencies,overlays,runtime-prod,2026-04-14,FALSE,workspaces/homepage/metadata/red-hat-developer-hub-backstage-plugin-homepage.yaml,
OK,2,low,2,homepage,red-hat-developer-hub-backstage-plugin-homepage,generally-available,@backstage/ui,^0.16.0,npm,devDependencies,overlays,build,2026-08-18,FALSE,workspaces/homepage/metadata/red-hat-developer-hub-backstage-plugin-homepage.yaml,
OK,2,low,2,homepage,red-hat-developer-hub-backstage-plugin-homepage,generally-available,@mui/icons-material,5.18.0,npm,dependencies,overlays,runtime-prod,2026-08-06,FALSE,workspaces/homepage/metadata/red-hat-developer-hub-backstage-plugin-homepage.yaml,
OK,2,low,2,homepage,red-hat-developer-hub-backstage-plugin-homepage,generally-available,@mui/material,5.18.0,npm,dependencies,overlays,runtime-prod,2026-08-06,FALSE,workspaces/homepage/metadata/red-hat-developer-hub-backstage-plugin-homepage.yaml,
OK,2,low,2,homepage,red-hat-developer-hub-backstage-plugin-homepage,generally-available,@openshift/dynamic-plugin-sdk,5.0.1,npm,devDependencies,overlays,build,2026-07-31,FALSE,workspaces/homepage/metadata/red-hat-developer-hub-backstage-plugin-homepage.yaml,
OK,2,low,2,homepage,red-hat-developer-hub-backstage-plugin-homepage,generally-available,@red-hat-developer-hub/backstage-plugin-homepage,1.17.1,npm,dependencies,overlays,runtime-prod,2026-08-21,FALSE,workspaces/homepage/metadata/red-hat-developer-hub-backstage-plugin-homepage.yaml,
OK,2,low,2,homepage,red-hat-developer-hub-backstage-plugin-homepage,generally-available,@red-hat-developer-hub/backstage-plugin-homepage-common,^0.4.0,npm,dependencies,overlays,runtime-prod,2026-08-21,FALSE,workspaces/homepage/metadata/red-hat-developer-hub-backstage-plugin-homepage.yaml,
OK,2,low,2,homepage,red-hat-developer-hub-backstage-plugin-homepage,generally-available,@red-hat-developer-hub/backstage-plugin-theme,^0.15.0,npm,devDependencies,overlays,build,2026-08-04,FALSE,workspaces/homepage/metadata/red-hat-developer-hub-backstage-plugin-homepage.yaml,
OK,2,low,2,homepage,red-hat-developer-hub-backstage-plugin-homepage,generally-available,@scalprum/react-core,0.11.3,npm,dependencies,overlays,runtime-prod,2026-08-05,FALSE,workspaces/homepage/metadata/red-hat-developer-hub-backstage-plugin-homepage.yaml,
OK,2,low,2,homepage,red-hat-developer-hub-backstage-plugin-homepage,generally-available,@testing-library/jest-dom,6.9.1,npm,devDependencies,overlays,test-only,2026-08-09,FALSE,workspaces/homepage/metadata/red-hat-developer-hub-backstage-plugin-homepage.yaml,
OK,2,low,2,homepage,red-hat-developer-hub-backstage-plugin-homepage,generally-available,@testing-library/react,14.3.1,npm,devDependencies,overlays,test-only,2026-01-19,FALSE,workspaces/homepage/metadata/red-hat-developer-hub-backstage-plugin-homepage.yaml,
OK,2,low,2,homepage,red-hat-developer-hub-backstage-plugin-homepage,generally-available,@testing-library/user-event,14.6.1,npm,devDependencies,overlays,test-only,2026-08-22,FALSE,workspaces/homepage/metadata/red-hat-developer-hub-backstage-plugin-homepage.yaml,
OK,2,low,2,homepage,red-hat-developer-hub-backstage-plugin-homepage,generally-available,msw,1.3.5,npm,devDependencies,overlays,build,2026-07-08,FALSE,workspaces/homepage/metadata/red-hat-developer-hub-backstage-plugin-homepage.yaml,
OK,2,low,2,homepage,red-hat-developer-hub-backstage-plugin-homepage,generally-available,react,^16.13.1 || ^17.0.0 || ^18.0.0,npm,devDependencies,overlays,build,2026-07-21,FALSE,workspaces/homepage/metadata/red-hat-developer-hub-backstage-plugin-homepage.yaml,
OK,2,low,2,homepage,red-hat-developer-hub-backstage-plugin-homepage,generally-available,react,16.13.1 || ^17.0.0 || ^18.2.0,npm,peerDependencies,overlays,runtime-prod,2026-07-21,FALSE,workspaces/homepage/metadata/red-hat-developer-hub-backstage-plugin-homepage.yaml,
OK,2,low,2,homepage,red-hat-developer-hub-backstage-plugin-homepage,generally-available,react-dom,*,npm,peerDependencies,overlays,runtime-prod,2026-07-21,FALSE,workspaces/homepage/metadata/red-hat-developer-hub-backstage-plugin-homepage.yaml,
OK,2,low,2,homepage,red-hat-developer-hub-backstage-plugin-homepage,generally-available,react-grid-layout,1.5.3,npm,dependencies,overlays,runtime-prod,2026-07-29,FALSE,workspaces/homepage/metadata/red-hat-developer-hub-backstage-plugin-homepage.yaml,
OK,2,low,2,homepage,red-hat-developer-hub-backstage-plugin-homepage,generally-available,react-router-dom,6.30.4,npm,peerDependencies,overlays,runtime-prod,2026-07-28,FALSE,workspaces/homepage/metadata/red-hat-developer-hub-backstage-plugin-homepage.yaml,
OK,2,low,2,homepage,red-hat-developer-hub-backstage-plugin-homepage,generally-available,react-use,17.6.1,npm,dependencies,overlays,runtime-prod,2026-06-10,FALSE,workspaces/homepage/metadata/red-hat-developer-hub-backstage-plugin-homepage.yaml,
OK,2,low,2,homepage,red-hat-developer-hub-backstage-plugin-homepage-backend,tech-preview,@backstage/backend-defaults,^0.17.4,npm,dependencies,overlays,runtime-prod,2026-08-18,FALSE,workspaces/homepage/metadata/red-hat-developer-hub-backstage-plugin-homepage-backend.yaml,
OK,2,low,2,homepage,red-hat-developer-hub-backstage-plugin-homepage-backend,tech-preview,@backstage/backend-plugin-api,^1.9.2,npm,dependencies,overlays,runtime-prod,2026-08-18,FALSE,workspaces/homepage/metadata/red-hat-developer-hub-backstage-plugin-homepage-backend.yaml,
OK,2,low,2,homepage,red-hat-developer-hub-backstage-plugin-homepage-backend,tech-preview,@backstage/backend-test-utils,^1.11.4,npm,devDependencies,overlays,test-only,2026-08-18,FALSE,workspaces/homepage/metadata/red-hat-developer-hub-backstage-plugin-homepage-backend.yaml,
OK,2,low,2,homepage,red-hat-developer-hub-backstage-plugin-homepage-backend,tech-preview,@backstage/catalog-client,^1.16.0,npm,dependencies,overlays,runtime-prod,2026-07-14,FALSE,workspaces/homepage/metadata/red-hat-developer-hub-backstage-plugin-homepage-backend.yaml,
OK,2,low,2,homepage,red-hat-developer-hub-backstage-plugin-homepage-backend,tech-preview,@backstage/catalog-model,^1.9.0,npm,dependencies,overlays,runtime-prod,2026-08-18,FALSE,workspaces/homepage/metadata/red-hat-developer-hub-backstage-plugin-homepage-backend.yaml,
OK,2,low,2,homepage,red-hat-developer-hub-backstage-plugin-homepage-backend,tech-preview,@backstage/cli,^0.36.3,npm,devDependencies,overlays,build,2026-08-18,FALSE,workspaces/homepage/metadata/red-hat-developer-hub-backstage-plugin-homepage-backend.yaml,
OK,2,low,2,homepage,red-hat-developer-hub-backstage-plugin-homepage-backend,tech-preview,@backstage/errors,^1.3.1,npm,dependencies,overlays,runtime-prod,2026-05-19,FALSE,workspaces/homepage/metadata/red-hat-developer-hub-backstage-plugin-homepage-backend.yaml,
OK,2,low,2,homepage,red-hat-developer-hub-backstage-plugin-homepage-backend,tech-preview,@backstage/plugin-catalog-node,^2.2.2,npm,dependencies,overlays,runtime-prod,2026-08-18,FALSE,workspaces/homepage/metadata/red-hat-developer-hub-backstage-plugin-homepage-backend.yaml,
OK,2,low,2,homepage,red-hat-developer-hub-backstage-plugin-homepage-backend,tech-preview,@backstage/plugin-permission-common,^0.9.9,npm,dependencies,overlays,runtime-prod,2026-08-18,FALSE,workspaces/homepage/metadata/red-hat-developer-hub-backstage-plugin-homepage-backend.yaml,
OK,2,low,2,homepage,red-hat-developer-hub-backstage-plugin-homepage-backend,tech-preview,@backstage/plugin-permission-node,^0.11.1,npm,dependencies,overlays,runtime-prod,2026-08-18,FALSE,workspaces/homepage/metadata/red-hat-developer-hub-backstage-plugin-homepage-backend.yaml,
OK,2,low,2,homepage,red-hat-developer-hub-backstage-plugin-homepage-backend,tech-preview,@backstage/types,^1.2.2,npm,dependencies,overlays,runtime-prod,2025-09-16,FALSE,workspaces/homepage/metadata/red-hat-developer-hub-backstage-plugin-homepage-backend.yaml,
OK,2,low,2,homepage,red-hat-developer-hub-backstage-plugin-homepage-backend,tech-preview,@red-hat-developer-hub/backstage-plugin-homepage-backend,0.4.0,npm,dependencies,overlays,runtime-prod,2026-08-21,FALSE,workspaces/homepage/metadata/red-hat-developer-hub-backstage-plugin-homepage-backend.yaml,
OK,2,low,2,homepage,red-hat-developer-hub-backstage-plugin-homepage-backend,tech-preview,@red-hat-developer-hub/backstage-plugin-homepage-common,^0.4.0,npm,dependencies,overlays,runtime-prod,2026-08-21,FALSE,workspaces/homepage/metadata/red-hat-developer-hub-backstage-plugin-homepage-backend.yaml,
OK,2,low,2,homepage,red-hat-developer-hub-backstage-plugin-homepage-backend,tech-preview,@types/express,^4.17.6,npm,devDependencies,overlays,test-only,2025-12-01,FALSE,workspaces/homepage/metadata/red-hat-developer-hub-backstage-plugin-homepage-backend.yaml,
OK,2,low,2,homepage,red-hat-developer-hub-backstage-plugin-homepage-backend,tech-preview,@types/supertest,^2.0.12,npm,devDependencies,overlays,test-only,2026-07-14,FALSE,workspaces/homepage/metadata/red-hat-developer-hub-backstage-plugin-homepage-backend.yaml,
OK,2,low,2,homepage,red-hat-developer-hub-backstage-plugin-homepage-backend,tech-preview,express,^4.14.0,npm,dependencies,overlays,runtime-prod,2025-12-01,FALSE,workspaces/homepage/metadata/red-hat-developer-hub-backstage-plugin-homepage-backend.yaml,
OK,2,low,2,homepage,red-hat-developer-hub-backstage-plugin-homepage-backend,tech-preview,supertest,^6.2.4,npm,devDependencies,overlays,build,2026-01-06,FALSE,workspaces/homepage/metadata/red-hat-developer-hub-backstage-plugin-homepage-backend.yaml,
OK,2,low,2,homepage,red-hat-developer-hub-backstage-plugin-homepage-backend,tech-preview,zod,^3.25.76 || ^4.0.0,npm,dependencies,overlays,runtime-prod,2026-05-04,FALSE,workspaces/homepage/metadata/red-hat-developer-hub-backstage-plugin-homepage-backend.yaml,
OK,2,low,2,intelligent-assistant,rhdh-bsp-intelligent-assistant,generally-available,@backstage/cli,^0.36.3,npm,devDependencies,overlays,build,2026-08-18,FALSE,workspaces/intelligent-assistant/metadata/rhdh-bsp-intelligent-assistant.yaml,
OK,2,low,2,intelligent-assistant,rhdh-bsp-intelligent-assistant,generally-available,@backstage/core-app-api,^1.20.2,npm,devDependencies,overlays,build,2026-08-18,FALSE,workspaces/intelligent-assistant/metadata/rhdh-bsp-intelligent-assistant.yaml,
OK,2,low,2,intelligent-assistant,rhdh-bsp-intelligent-assistant,generally-available,@backstage/core-components,^0.18.11,npm,dependencies,overlays,runtime-prod,2026-08-18,FALSE,workspaces/intelligent-assistant/metadata/rhdh-bsp-intelligent-assistant.yaml,
OK,2,low,2,intelligent-assistant,rhdh-bsp-intelligent-assistant,generally-available,@backstage/core-plugin-api,^1.12.7,npm,dependencies,overlays,runtime-prod,2026-08-18,FALSE,workspaces/intelligent-assistant/metadata/rhdh-bsp-intelligent-assistant.yaml,
OK,2,low,2,intelligent-assistant,rhdh-bsp-intelligent-assistant,generally-available,@backstage/dev-utils,^1.1.24,npm,devDependencies,overlays,build,2026-08-18,FALSE,workspaces/intelligent-assistant/metadata/rhdh-bsp-intelligent-assistant.yaml,
OK,2,low,2,intelligent-assistant,rhdh-bsp-intelligent-assistant,generally-available,@backstage/frontend-plugin-api,^0.17.2,npm,dependencies,overlays,runtime-prod,2026-08-18,FALSE,workspaces/intelligent-assistant/metadata/rhdh-bsp-intelligent-assistant.yaml,
OK,2,low,2,intelligent-assistant,rhdh-bsp-intelligent-assistant,generally-available,@backstage/plugin-app-react,^0.2.4,npm,dependencies,overlays,runtime-prod,2026-08-18,FALSE,workspaces/intelligent-assistant/metadata/rhdh-bsp-intelligent-assistant.yaml,
OK,2,low,2,intelligent-assistant,rhdh-bsp-intelligent-assistant,generally-available,@backstage/plugin-permission-react,^0.5.2,npm,dependencies,overlays,runtime-prod,2026-08-18,FALSE,workspaces/intelligent-assistant/metadata/rhdh-bsp-intelligent-assistant.yaml,
OK,2,low,2,intelligent-assistant,rhdh-bsp-intelligent-assistant,generally-available,@backstage/test-utils,^1.7.19,npm,devDependencies,overlays,test-only,2026-08-18,FALSE,workspaces/intelligent-assistant/metadata/rhdh-bsp-intelligent-assistant.yaml,
OK,2,low,2,intelligent-assistant,rhdh-bsp-intelligent-assistant,generally-available,@backstage/theme,^0.7.3,npm,dependencies,overlays,runtime-prod,2026-04-14,FALSE,workspaces/intelligent-assistant/metadata/rhdh-bsp-intelligent-assistant.yaml,
OK,2,low,2,intelligent-assistant,rhdh-bsp-intelligent-assistant,generally-available,@emotion/is-prop-valid,^1.3.1,npm,devDependencies,overlays,build,2025-09-04,FALSE,workspaces/intelligent-assistant/metadata/rhdh-bsp-intelligent-assistant.yaml,
OK,2,low,2,intelligent-assistant,rhdh-bsp-intelligent-assistant,generally-available,@ianvs/prettier-plugin-sort-imports,^4.4.0,npm,devDependencies,overlays,build,2026-02-04,FALSE,workspaces/intelligent-assistant/metadata/rhdh-bsp-intelligent-assistant.yaml,
OK,2,low,2,intelligent-assistant,rhdh-bsp-intelligent-assistant,generally-available,@mui/icons-material,^6.1.8,npm,dependencies,overlays,runtime-prod,2026-08-06,FALSE,workspaces/intelligent-assistant/metadata/rhdh-bsp-intelligent-assistant.yaml,
OK,2,low,2,intelligent-assistant,rhdh-bsp-intelligent-assistant,generally-available,@mui/material,^5.12.2,npm,dependencies,overlays,runtime-prod,2026-08-06,FALSE,workspaces/intelligent-assistant/metadata/rhdh-bsp-intelligent-assistant.yaml,
OK,2,low,2,intelligent-assistant,rhdh-bsp-intelligent-assistant,generally-available,@patternfly/chatbot,6.6.0,npm,dependencies,overlays,runtime-prod,2026-07-02,FALSE,workspaces/intelligent-assistant/metadata/rhdh-bsp-intelligent-assistant.yaml,
OK,2,low,2,intelligent-assistant,rhdh-bsp-intelligent-assistant,generally-available,@patternfly/react-core,6.6.0,npm,dependencies,overlays,runtime-prod,2026-08-03,FALSE,workspaces/intelligent-assistant/metadata/rhdh-bsp-intelligent-assistant.yaml,
OK,2,low,2,intelligent-assistant,rhdh-bsp-intelligent-assistant,generally-available,@patternfly/react-icons,^6.5.0,npm,dependencies,overlays,runtime-prod,2026-08-03,FALSE,workspaces/intelligent-assistant/metadata/rhdh-bsp-intelligent-assistant.yaml,
OK,2,low,2,intelligent-assistant,rhdh-bsp-intelligent-assistant,generally-available,@patternfly/react-table,^6.4.1,npm,dependencies,overlays,runtime-prod,2026-08-03,FALSE,workspaces/intelligent-assistant/metadata/rhdh-bsp-intelligent-assistant.yaml,
OK,2,low,2,intelligent-assistant,rhdh-bsp-intelligent-assistant,generally-available,@red-hat-developer-hub/backstage-plugin-app-react,^0.1.0,npm,dependencies,overlays,runtime-prod,2026-08-19,FALSE,workspaces/intelligent-assistant/metadata/rhdh-bsp-intelligent-assistant.yaml,
OK,2,low,2,intelligent-assistant,rhdh-bsp-intelligent-assistant,generally-available,@red-hat-developer-hub/backstage-plugin-intelligent-assistant,4.0.0,npm,dependencies,overlays,runtime-prod,2026-08-14,FALSE,workspaces/intelligent-assistant/metadata/rhdh-bsp-intelligent-assistant.yaml,
OK,2,low,2,intelligent-assistant,rhdh-bsp-intelligent-assistant,generally-available,@red-hat-developer-hub/backstage-plugin-intelligent-assistant-common,^4.0.0,npm,dependencies,overlays,runtime-prod,2026-08-14,FALSE,workspaces/intelligent-assistant/metadata/rhdh-bsp-intelligent-assistant.yaml,
OK,2,low,2,intelligent-assistant,rhdh-bsp-intelligent-assistant,generally-available,@red-hat-developer-hub/backstage-plugin-theme,^0.14.10,npm,dependencies,overlays,runtime-prod,2026-08-04,FALSE,workspaces/intelligent-assistant/metadata/rhdh-bsp-intelligent-assistant.yaml,
OK,2,low,2,intelligent-assistant,rhdh-bsp-intelligent-assistant,generally-available,@tanstack/react-query,^5.59.15,npm,dependencies,overlays,runtime-prod,2026-08-26,FALSE,workspaces/intelligent-assistant/metadata/rhdh-bsp-intelligent-assistant.yaml,
OK,2,low,2,intelligent-assistant,rhdh-bsp-intelligent-assistant,generally-available,@testing-library/dom,^10.0.0,npm,devDependencies,overlays,test-only,2025-07-27,FALSE,workspaces/intelligent-assistant/metadata/rhdh-bsp-intelligent-assistant.yaml,
OK,2,low,2,intelligent-assistant,rhdh-bsp-intelligent-assistant,generally-available,@testing-library/jest-dom,^6.0.0,npm,devDependencies,overlays,test-only,2026-08-09,FALSE,workspaces/intelligent-assistant/metadata/rhdh-bsp-intelligent-assistant.yaml,
OK,2,low,2,intelligent-assistant,rhdh-bsp-intelligent-assistant,generally-available,@testing-library/react,^15.0.0,npm,devDependencies,overlays,test-only,2026-01-19,FALSE,workspaces/intelligent-assistant/metadata/rhdh-bsp-intelligent-assistant.yaml,
OK,2,low,2,intelligent-assistant,rhdh-bsp-intelligent-assistant,generally-available,@testing-library/user-event,14.6.1,npm,devDependencies,overlays,test-only,2026-08-22,FALSE,workspaces/intelligent-assistant/metadata/rhdh-bsp-intelligent-assistant.yaml,
OK,2,low,2,intelligent-assistant,rhdh-bsp-intelligent-assistant,generally-available,html2canvas-pro,^1.5.0,npm,dependencies,overlays,runtime-prod,2026-08-24,FALSE,workspaces/intelligent-assistant/metadata/rhdh-bsp-intelligent-assistant.yaml,
OK,2,low,2,intelligent-assistant,rhdh-bsp-intelligent-assistant,generally-available,monaco-editor,^0.56.0,npm,dependencies,overlays,runtime-prod,2026-07-20,FALSE,workspaces/intelligent-assistant/metadata/rhdh-bsp-intelligent-assistant.yaml,
OK,2,low,2,intelligent-assistant,rhdh-bsp-intelligent-assistant,generally-available,prettier,3.9.6,npm,devDependencies,overlays,build,2026-07-21,FALSE,workspaces/intelligent-assistant/metadata/rhdh-bsp-intelligent-assistant.yaml,
OK,2,low,2,intelligent-assistant,rhdh-bsp-intelligent-assistant,generally-available,react,^18.0.0,npm,devDependencies,overlays,build,2026-07-21,FALSE,workspaces/intelligent-assistant/metadata/rhdh-bsp-intelligent-assistant.yaml,
OK,2,low,2,intelligent-assistant,rhdh-bsp-intelligent-assistant,generally-available,react,^18.0.0,npm,peerDependencies,overlays,runtime-prod,2026-07-21,FALSE,workspaces/intelligent-assistant/metadata/rhdh-bsp-intelligent-assistant.yaml,
OK,2,low,2,intelligent-assistant,rhdh-bsp-intelligent-assistant,generally-available,react-dom,^18.0.0,npm,devDependencies,overlays,build,2026-07-21,FALSE,workspaces/intelligent-assistant/metadata/rhdh-bsp-intelligent-assistant.yaml,
OK,2,low,2,intelligent-assistant,rhdh-bsp-intelligent-assistant,generally-available,react-dropzone,^14.4.0,npm,dependencies,overlays,runtime-prod,2026-08-20,FALSE,workspaces/intelligent-assistant/metadata/rhdh-bsp-intelligent-assistant.yaml,
OK,2,low,2,intelligent-assistant,rhdh-bsp-intelligent-assistant,generally-available,react-router-dom,^6.0.0,npm,devDependencies,overlays,build,2026-07-28,FALSE,workspaces/intelligent-assistant/metadata/rhdh-bsp-intelligent-assistant.yaml,
OK,2,low,2,intelligent-assistant,rhdh-bsp-intelligent-assistant,generally-available,react-router-dom,^6.0.0,npm,peerDependencies,overlays,runtime-prod,2026-07-28,FALSE,workspaces/intelligent-assistant/metadata/rhdh-bsp-intelligent-assistant.yaml,
OK,2,low,2,intelligent-assistant,rhdh-bsp-intelligent-assistant,generally-available,react-use,^17.2.4,npm,dependencies,overlays,runtime-prod,2026-06-10,FALSE,workspaces/intelligent-assistant/metadata/rhdh-bsp-intelligent-assistant.yaml,
OK,2,low,2,intelligent-assistant,rhdh-bsp-intelligent-assistant-backend,generally-available,@backstage/backend-defaults,^0.17.4,npm,dependencies,overlays,runtime-prod,2026-08-18,FALSE,workspaces/intelligent-assistant/metadata/rhdh-bsp-intelligent-assistant-backend.yaml,
OK,2,low,2,intelligent-assistant,rhdh-bsp-intelligent-assistant-backend,generally-available,@backstage/backend-plugin-api,^1.9.2,npm,dependencies,overlays,runtime-prod,2026-08-18,FALSE,workspaces/intelligent-assistant/metadata/rhdh-bsp-intelligent-assistant-backend.yaml,
OK,2,low,2,intelligent-assistant,rhdh-bsp-intelligent-assistant-backend,generally-available,@backstage/backend-test-utils,^1.11.4,npm,devDependencies,overlays,test-only,2026-08-18,FALSE,workspaces/intelligent-assistant/metadata/rhdh-bsp-intelligent-assistant-backend.yaml,
OK,2,low,2,intelligent-assistant,rhdh-bsp-intelligent-assistant-backend,generally-available,@backstage/cli,^0.36.3,npm,devDependencies,overlays,build,2026-08-18,FALSE,workspaces/intelligent-assistant/metadata/rhdh-bsp-intelligent-assistant-backend.yaml,
OK,2,low,2,intelligent-assistant,rhdh-bsp-intelligent-assistant-backend,generally-available,@backstage/config,^1.3.8,npm,dependencies,overlays,runtime-prod,2026-05-19,FALSE,workspaces/intelligent-assistant/metadata/rhdh-bsp-intelligent-assistant-backend.yaml,
OK,2,low,2,intelligent-assistant,rhdh-bsp-intelligent-assistant-backend,generally-available,@backstage/errors,^1.3.1,npm,dependencies,overlays,runtime-prod,2026-05-19,FALSE,workspaces/intelligent-assistant/metadata/rhdh-bsp-intelligent-assistant-backend.yaml,
OK,2,low,2,intelligent-assistant,rhdh-bsp-intelligent-assistant-backend,generally-available,@backstage/plugin-permission-common,^0.9.9,npm,dependencies,overlays,runtime-prod,2026-08-18,FALSE,workspaces/intelligent-assistant/metadata/rhdh-bsp-intelligent-assistant-backend.yaml,
OK,2,low,2,intelligent-assistant,rhdh-bsp-intelligent-assistant-backend,generally-available,@backstage/plugin-permission-node,^0.11.1,npm,dependencies,overlays,runtime-prod,2026-08-18,FALSE,workspaces/intelligent-assistant/metadata/rhdh-bsp-intelligent-assistant-backend.yaml,
OK,2,low,2,intelligent-assistant,rhdh-bsp-intelligent-assistant-backend,generally-available,@ianvs/prettier-plugin-sort-imports,^4.4.0,npm,devDependencies,overlays,build,2026-02-04,FALSE,workspaces/intelligent-assistant/metadata/rhdh-bsp-intelligent-assistant-backend.yaml,
OK,2,low,2,intelligent-assistant,rhdh-bsp-intelligent-assistant-backend,generally-available,@langchain/core,^0.3.80,npm,dependencies,overlays,runtime-prod,2026-08-20,FALSE,workspaces/intelligent-assistant/metadata/rhdh-bsp-intelligent-assistant-backend.yaml,
OK,2,low,2,intelligent-assistant,rhdh-bsp-intelligent-assistant-backend,generally-available,@langchain/openai,^0.6.0,npm,dependencies,overlays,runtime-prod,2026-08-20,FALSE,workspaces/intelligent-assistant/metadata/rhdh-bsp-intelligent-assistant-backend.yaml,
OK,2,low,2,intelligent-assistant,rhdh-bsp-intelligent-assistant-backend,generally-available,@red-hat-developer-hub/backstage-plugin-intelligent-assistant-backend,4.0.0,npm,dependencies,overlays,runtime-prod,2026-08-14,FALSE,workspaces/intelligent-assistant/metadata/rhdh-bsp-intelligent-assistant-backend.yaml,
OK,2,low,2,intelligent-assistant,rhdh-bsp-intelligent-assistant-backend,generally-available,@red-hat-developer-hub/backstage-plugin-intelligent-assistant-common,^4.0.0,npm,dependencies,overlays,runtime-prod,2026-08-14,FALSE,workspaces/intelligent-assistant/metadata/rhdh-bsp-intelligent-assistant-backend.yaml,
OK,2,low,2,intelligent-assistant,rhdh-bsp-intelligent-assistant-backend,generally-available,@types/express,4.17.25,npm,devDependencies,overlays,test-only,2025-12-01,FALSE,workspaces/intelligent-assistant/metadata/rhdh-bsp-intelligent-assistant-backend.yaml,
OK,2,low,2,intelligent-assistant,rhdh-bsp-intelligent-assistant-backend,generally-available,@types/multer,^1.4.12,npm,devDependencies,overlays,test-only,2026-07-01,FALSE,workspaces/intelligent-assistant/metadata/rhdh-bsp-intelligent-assistant-backend.yaml,
OK,2,low,2,intelligent-assistant,rhdh-bsp-intelligent-assistant-backend,generally-available,@types/supertest,2.0.16,npm,devDependencies,overlays,test-only,2026-07-14,FALSE,workspaces/intelligent-assistant/metadata/rhdh-bsp-intelligent-assistant-backend.yaml,
OK,2,low,2,intelligent-assistant,rhdh-bsp-intelligent-assistant-backend,generally-available,express,^4.21.1,npm,dependencies,overlays,runtime-prod,2025-12-01,FALSE,workspaces/intelligent-assistant/metadata/rhdh-bsp-intelligent-assistant-backend.yaml,
OK,2,low,2,intelligent-assistant,rhdh-bsp-intelligent-assistant-backend,generally-available,express-rate-limit,^8.2.2,npm,dependencies,overlays,runtime-prod,2026-08-04,FALSE,workspaces/intelligent-assistant/metadata/rhdh-bsp-intelligent-assistant-backend.yaml,
OK,2,low,2,intelligent-assistant,rhdh-bsp-intelligent-assistant-backend,generally-available,form-data,^4.0.6,npm,dependencies,overlays,runtime-prod,2026-06-12,FALSE,workspaces/intelligent-assistant/metadata/rhdh-bsp-intelligent-assistant-backend.yaml,
OK,2,low,2,intelligent-assistant,rhdh-bsp-intelligent-assistant-backend,generally-available,htmlparser2,^9.1.0,npm,dependencies,overlays,runtime-prod,2026-03-20,FALSE,workspaces/intelligent-assistant/metadata/rhdh-bsp-intelligent-assistant-backend.yaml,
OK,2,low,2,intelligent-assistant,rhdh-bsp-intelligent-assistant-backend,generally-available,http-proxy-middleware,^3.0.7,npm,dependencies,overlays,runtime-prod,2026-07-04,FALSE,workspaces/intelligent-assistant/metadata/rhdh-bsp-intelligent-assistant-backend.yaml,
OK,2,low,2,intelligent-assistant,rhdh-bsp-intelligent-assistant-backend,generally-available,js-yaml,^4.1.1,npm,dependencies,overlays,runtime-prod,2026-08-25,FALSE,workspaces/intelligent-assistant/metadata/rhdh-bsp-intelligent-assistant-backend.yaml,
OK,2,low,2,intelligent-assistant,rhdh-bsp-intelligent-assistant-backend,generally-available,knex,^3.1.0,npm,dependencies,overlays,runtime-prod,2026-06-26,FALSE,workspaces/intelligent-assistant/metadata/rhdh-bsp-intelligent-assistant-backend.yaml,
OK,2,low,2,intelligent-assistant,rhdh-bsp-intelligent-assistant-backend,generally-available,msw,2.14.6,npm,devDependencies,overlays,build,2026-07-08,FALSE,workspaces/intelligent-assistant/metadata/rhdh-bsp-intelligent-assistant-backend.yaml,
OK,2,low,2,intelligent-assistant,rhdh-bsp-intelligent-assistant-backend,generally-available,multer,^2.2.0,npm,dependencies,overlays,runtime-prod,2026-06-15,FALSE,workspaces/intelligent-assistant/metadata/rhdh-bsp-intelligent-assistant-backend.yaml,
OK,2,low,2,intelligent-assistant,rhdh-bsp-intelligent-assistant-backend,generally-available,pdfjs-dist,^4.10.38,npm,dependencies,overlays,runtime-prod,2026-07-28,FALSE,workspaces/intelligent-assistant/metadata/rhdh-bsp-intelligent-assistant-backend.yaml,
OK,2,low,2,intelligent-assistant,rhdh-bsp-intelligent-assistant-backend,generally-available,prettier,3.9.6,npm,devDependencies,overlays,build,2026-07-21,FALSE,workspaces/intelligent-assistant/metadata/rhdh-bsp-intelligent-assistant-backend.yaml,
OK,2,low,2,intelligent-assistant,rhdh-bsp-intelligent-assistant-backend,generally-available,supertest,6.3.4,npm,devDependencies,overlays,build,2026-01-06,FALSE,workspaces/intelligent-assistant/metadata/rhdh-bsp-intelligent-assistant-backend.yaml,
OK,2,low,2,keycloak,backstage-community-plugin-auth-backend-module-keycloak-provider,generally-available,@backstage-community/plugin-auth-backend-module-keycloak-provider,0.4.0,npm,dependencies,overlays,runtime-prod,2026-08-19,FALSE,workspaces/keycloak/metadata/backstage-community-plugin-auth-backend-module-keycloak-provider.yaml,
OK,2,low,2,keycloak,backstage-community-plugin-auth-backend-module-keycloak-provider,generally-available,@backstage/backend-plugin-api,^1.9.2,npm,dependencies,overlays,runtime-prod,2026-08-18,FALSE,workspaces/keycloak/metadata/backstage-community-plugin-auth-backend-module-keycloak-provider.yaml,
OK,2,low,2,keycloak,backstage-community-plugin-auth-backend-module-keycloak-provider,generally-available,@backstage/backend-test-utils,^1.11.4,npm,devDependencies,overlays,test-only,2026-08-18,FALSE,workspaces/keycloak/metadata/backstage-community-plugin-auth-backend-module-keycloak-provider.yaml,
OK,2,low,2,keycloak,backstage-community-plugin-auth-backend-module-keycloak-provider,generally-available,@backstage/cli,^0.36.3,npm,devDependencies,overlays,build,2026-08-18,FALSE,workspaces/keycloak/metadata/backstage-community-plugin-auth-backend-module-keycloak-provider.yaml,
OK,2,low,2,keycloak,backstage-community-plugin-auth-backend-module-keycloak-provider,generally-available,@backstage/plugin-auth-node,^0.7.2,npm,dependencies,overlays,runtime-prod,2026-08-18,FALSE,workspaces/keycloak/metadata/backstage-community-plugin-auth-backend-module-keycloak-provider.yaml,
OK,2,low,2,keycloak,backstage-community-plugin-auth-backend-module-keycloak-provider,generally-available,@types/express,^5.0.6,npm,devDependencies,overlays,test-only,2025-12-01,FALSE,workspaces/keycloak/metadata/backstage-community-plugin-auth-backend-module-keycloak-provider.yaml,
OK,2,low,2,keycloak,backstage-community-plugin-auth-backend-module-keycloak-provider,generally-available,jose,^5.0.0,npm,dependencies,overlays,runtime-prod,2026-08-21,FALSE,workspaces/keycloak/metadata/backstage-community-plugin-auth-backend-module-keycloak-provider.yaml,
OK,2,low,2,keycloak,backstage-community-plugin-auth-backend-module-keycloak-provider,generally-available,openid-client,^5.6.5,npm,dependencies,overlays,runtime-prod,2026-08-20,FALSE,workspaces/keycloak/metadata/backstage-community-plugin-auth-backend-module-keycloak-provider.yaml,
OK,2,low,2,keycloak,backstage-community-plugin-auth-backend-module-keycloak-provider,generally-available,zod,^3.25.76 || ^4.0.0,npm,dependencies,overlays,runtime-prod,2026-05-04,FALSE,workspaces/keycloak/metadata/backstage-community-plugin-auth-backend-module-keycloak-provider.yaml,
OK,2,low,2,keycloak,backstage-community-plugin-catalog-backend-module-keycloak,generally-available,@backstage-community/plugin-catalog-backend-module-keycloak,3.21.0,npm,dependencies,overlays,runtime-prod,2026-08-19,FALSE,workspaces/keycloak/metadata/backstage-community-plugin-catalog-backend-module-keycloak.yaml,
OK,2,low,2,keycloak,backstage-community-plugin-catalog-backend-module-keycloak,generally-available,@backstage/backend-defaults,^0.17.3,npm,devDependencies,overlays,build,2026-08-18,FALSE,workspaces/keycloak/metadata/backstage-community-plugin-catalog-backend-module-keycloak.yaml,
OK,2,low,2,keycloak,backstage-community-plugin-catalog-backend-module-keycloak,generally-available,@backstage/backend-plugin-api,^1.9.2,npm,dependencies,overlays,runtime-prod,2026-08-18,FALSE,workspaces/keycloak/metadata/backstage-community-plugin-catalog-backend-module-keycloak.yaml,
OK,2,low,2,keycloak,backstage-community-plugin-catalog-backend-module-keycloak,generally-available,@backstage/backend-test-utils,^1.11.4,npm,devDependencies,overlays,test-only,2026-08-18,FALSE,workspaces/keycloak/metadata/backstage-community-plugin-catalog-backend-module-keycloak.yaml,
OK,2,low,2,keycloak,backstage-community-plugin-catalog-backend-module-keycloak,generally-available,@backstage/catalog-model,^1.9.0,npm,dependencies,overlays,runtime-prod,2026-08-18,FALSE,workspaces/keycloak/metadata/backstage-community-plugin-catalog-backend-module-keycloak.yaml,
OK,2,low,2,keycloak,backstage-community-plugin-catalog-backend-module-keycloak,generally-available,@backstage/cli,^0.36.3,npm,devDependencies,overlays,build,2026-08-18,FALSE,workspaces/keycloak/metadata/backstage-community-plugin-catalog-backend-module-keycloak.yaml,
OK,2,low,2,keycloak,backstage-community-plugin-catalog-backend-module-keycloak,generally-available,@backstage/config,^1.3.8,npm,devDependencies,overlays,build,2026-05-19,FALSE,workspaces/keycloak/metadata/backstage-community-plugin-catalog-backend-module-keycloak.yaml,
OK,2,low,2,keycloak,backstage-community-plugin-catalog-backend-module-keycloak,generally-available,@backstage/errors,^1.3.1,npm,dependencies,overlays,runtime-prod,2026-05-19,FALSE,workspaces/keycloak/metadata/backstage-community-plugin-catalog-backend-module-keycloak.yaml,
OK,2,low,2,keycloak,backstage-community-plugin-catalog-backend-module-keycloak,generally-available,@backstage/plugin-catalog-backend,^3.8.0,npm,devDependencies,overlays,build,2026-08-18,FALSE,workspaces/keycloak/metadata/backstage-community-plugin-catalog-backend-module-keycloak.yaml,
OK,2,low,2,keycloak,backstage-community-plugin-catalog-backend-module-keycloak,generally-available,@backstage/plugin-catalog-backend-module-logs,^0.1.23,npm,dependencies,overlays,runtime-prod,2026-08-18,FALSE,workspaces/keycloak/metadata/backstage-community-plugin-catalog-backend-module-keycloak.yaml,
OK,2,low,2,keycloak,backstage-community-plugin-catalog-backend-module-keycloak,generally-available,@backstage/plugin-catalog-node,^2.2.2,npm,dependencies,overlays,runtime-prod,2026-08-18,FALSE,workspaces/keycloak/metadata/backstage-community-plugin-catalog-backend-module-keycloak.yaml,
OK,2,low,2,keycloak,backstage-community-plugin-catalog-backend-module-keycloak,generally-available,@backstage/types,^1.2.2,npm,devDependencies,overlays,build,2025-09-16,FALSE,workspaces/keycloak/metadata/backstage-community-plugin-catalog-backend-module-keycloak.yaml,
OK,2,low,2,keycloak,backstage-community-plugin-catalog-backend-module-keycloak,generally-available,@keycloak/keycloak-admin-client,26.6.3,npm,dependencies,overlays,runtime-prod,2026-08-19,FALSE,workspaces/keycloak/metadata/backstage-community-plugin-catalog-backend-module-keycloak.yaml,
OK,2,low,2,keycloak,backstage-community-plugin-catalog-backend-module-keycloak,generally-available,@opentelemetry/api,^1.9.0,npm,dependencies,overlays,runtime-prod,2026-03-25,FALSE,workspaces/keycloak/metadata/backstage-community-plugin-catalog-backend-module-keycloak.yaml,
OK,2,low,2,keycloak,backstage-community-plugin-catalog-backend-module-keycloak,generally-available,@types/lodash,4.17.24,npm,devDependencies,overlays,test-only,2026-08-01,FALSE,workspaces/keycloak/metadata/backstage-community-plugin-catalog-backend-module-keycloak.yaml,
OK,2,low,2,keycloak,backstage-community-plugin-catalog-backend-module-keycloak,generally-available,jsonwebtoken,^9.0.0,npm,dependencies,overlays,runtime-prod,2025-12-04,FALSE,workspaces/keycloak/metadata/backstage-community-plugin-catalog-backend-module-keycloak.yaml,
OK,2,low,2,keycloak,backstage-community-plugin-catalog-backend-module-keycloak,generally-available,lodash,^4.17.21,npm,dependencies,overlays,runtime-prod,2026-04-01,FALSE,workspaces/keycloak/metadata/backstage-community-plugin-catalog-backend-module-keycloak.yaml,
OK,2,low,2,keycloak,backstage-community-plugin-catalog-backend-module-keycloak,generally-available,open-cli,^9.0.0,npm,devDependencies,overlays,build,2026-03-25,FALSE,workspaces/keycloak/metadata/backstage-community-plugin-catalog-backend-module-keycloak.yaml,
OK,2,low,2,keycloak,backstage-community-plugin-catalog-backend-module-keycloak,generally-available,p-limit,^6.1.0,npm,dependencies,overlays,runtime-prod,2026-07-20,FALSE,workspaces/keycloak/metadata/backstage-community-plugin-catalog-backend-module-keycloak.yaml,
OK,2,low,2,keycloak,backstage-community-plugin-catalog-backend-module-keycloak,generally-available,uuid,^13.0.0,npm,dependencies,overlays,runtime-prod,2026-08-18,FALSE,workspaces/keycloak/metadata/backstage-community-plugin-catalog-backend-module-keycloak.yaml,
OK,2,low,2,orchestrator,rhdh-bsp-orchestrator,generally-available,@backstage/cli,^0.36.3,npm,devDependencies,overlays,build,2026-08-18,FALSE,workspaces/orchestrator/metadata/rhdh-bsp-orchestrator.yaml,
OK,2,low,2,orchestrator,rhdh-bsp-orchestrator,generally-available,@backstage/core-compat-api,^0.5.12,npm,devDependencies,overlays,build,2026-08-18,FALSE,workspaces/orchestrator/metadata/rhdh-bsp-orchestrator.yaml,
OK,2,low,2,orchestrator,rhdh-bsp-orchestrator,generally-available,@backstage/core-components,^0.18.11,npm,dependencies,overlays,runtime-prod,2026-08-18,FALSE,workspaces/orchestrator/metadata/rhdh-bsp-orchestrator.yaml,
OK,2,low,2,orchestrator,rhdh-bsp-orchestrator,generally-available,@backstage/core-plugin-api,^1.12.7,npm,dependencies,overlays,runtime-prod,2026-08-18,FALSE,workspaces/orchestrator/metadata/rhdh-bsp-orchestrator.yaml,
OK,2,low,2,orchestrator,rhdh-bsp-orchestrator,generally-available,@backstage/dev-utils,^1.1.24,npm,devDependencies,overlays,build,2026-08-18,FALSE,workspaces/orchestrator/metadata/rhdh-bsp-orchestrator.yaml,
OK,2,low,2,orchestrator,rhdh-bsp-orchestrator,generally-available,@backstage/errors,^1.3.1,npm,dependencies,overlays,runtime-prod,2026-05-19,FALSE,workspaces/orchestrator/metadata/rhdh-bsp-orchestrator.yaml,
OK,2,low,2,orchestrator,rhdh-bsp-orchestrator,generally-available,@backstage/frontend-defaults,^0.5.3,npm,devDependencies,overlays,build,2026-08-18,FALSE,workspaces/orchestrator/metadata/rhdh-bsp-orchestrator.yaml,
OK,2,low,2,orchestrator,rhdh-bsp-orchestrator,generally-available,@backstage/frontend-plugin-api,^0.17.2,npm,dependencies,overlays,runtime-prod,2026-08-18,FALSE,workspaces/orchestrator/metadata/rhdh-bsp-orchestrator.yaml,
OK,2,low,2,orchestrator,rhdh-bsp-orchestrator,generally-available,@backstage/plugin-app-react,^0.2.4,npm,dependencies,overlays,runtime-prod,2026-08-18,FALSE,workspaces/orchestrator/metadata/rhdh-bsp-orchestrator.yaml,
OK,2,low,2,orchestrator,rhdh-bsp-orchestrator,generally-available,@backstage/plugin-catalog,^2.0.6,npm,dependencies,overlays,runtime-prod,2026-08-18,FALSE,workspaces/orchestrator/metadata/rhdh-bsp-orchestrator.yaml,
OK,2,low,2,orchestrator,rhdh-bsp-orchestrator,generally-available,@backstage/plugin-catalog-react,^3.1.0,npm,dependencies,overlays,runtime-prod,2026-08-25,FALSE,workspaces/orchestrator/metadata/rhdh-bsp-orchestrator.yaml,
OK,2,low,2,orchestrator,rhdh-bsp-orchestrator,generally-available,@backstage/plugin-permission-common,^0.9.9,npm,dependencies,overlays,runtime-prod,2026-08-18,FALSE,workspaces/orchestrator/metadata/rhdh-bsp-orchestrator.yaml,
OK,2,low,2,orchestrator,rhdh-bsp-orchestrator,generally-available,@backstage/plugin-permission-react,^0.5.2,npm,dependencies,overlays,runtime-prod,2026-08-18,FALSE,workspaces/orchestrator/metadata/rhdh-bsp-orchestrator.yaml,
OK,2,low,2,orchestrator,rhdh-bsp-orchestrator,generally-available,@backstage/plugin-search,^1.7.5,npm,devDependencies,overlays,build,2026-08-18,FALSE,workspaces/orchestrator/metadata/rhdh-bsp-orchestrator.yaml,
OK,2,low,2,orchestrator,rhdh-bsp-orchestrator,generally-available,@backstage/plugin-user-settings,^0.9.4,npm,devDependencies,overlays,build,2026-08-18,FALSE,workspaces/orchestrator/metadata/rhdh-bsp-orchestrator.yaml,
OK,2,low,2,orchestrator,rhdh-bsp-orchestrator,generally-available,@backstage/test-utils,^1.7.19,npm,devDependencies,overlays,test-only,2026-08-18,FALSE,workspaces/orchestrator/metadata/rhdh-bsp-orchestrator.yaml,
OK,2,low,2,orchestrator,rhdh-bsp-orchestrator,generally-available,@backstage/types,^1.2.2,npm,dependencies,overlays,runtime-prod,2025-09-16,FALSE,workspaces/orchestrator/metadata/rhdh-bsp-orchestrator.yaml,
OK,2,low,2,orchestrator,rhdh-bsp-orchestrator,generally-available,@backstage/ui,^0.16.0,npm,devDependencies,overlays,build,2026-08-18,FALSE,workspaces/orchestrator/metadata/rhdh-bsp-orchestrator.yaml,
OK,2,low,2,orchestrator,rhdh-bsp-orchestrator,generally-available,@dagrejs/dagre,^2.0.4,npm,dependencies,overlays,runtime-prod,2026-08-08,FALSE,workspaces/orchestrator/metadata/rhdh-bsp-orchestrator.yaml,
OK,2,low,2,orchestrator,rhdh-bsp-orchestrator,generally-available,@mui/icons-material,^5.17.1,npm,dependencies,overlays,runtime-prod,2026-08-06,FALSE,workspaces/orchestrator/metadata/rhdh-bsp-orchestrator.yaml,
OK,2,low,2,orchestrator,rhdh-bsp-orchestrator,generally-available,@mui/icons-material,^5.17.1,npm,peerDependencies,overlays,runtime-prod,2026-08-06,FALSE,workspaces/orchestrator/metadata/rhdh-bsp-orchestrator.yaml,
OK,2,low,2,orchestrator,rhdh-bsp-orchestrator,generally-available,@mui/material,^5.17.1,npm,dependencies,overlays,runtime-prod,2026-08-06,FALSE,workspaces/orchestrator/metadata/rhdh-bsp-orchestrator.yaml,
OK,2,low,2,orchestrator,rhdh-bsp-orchestrator,generally-available,@mui/material,^5.17.1,npm,peerDependencies,overlays,runtime-prod,2026-08-06,FALSE,workspaces/orchestrator/metadata/rhdh-bsp-orchestrator.yaml,
OK,2,low,2,orchestrator,rhdh-bsp-orchestrator,generally-available,@red-hat-developer-hub/backstage-plugin-orchestrator,6.0.0,npm,dependencies,overlays,runtime-prod,2026-08-13,FALSE,workspaces/orchestrator/metadata/rhdh-bsp-orchestrator.yaml,
OK,2,low,2,orchestrator,rhdh-bsp-orchestrator,generally-available,@red-hat-developer-hub/backstage-plugin-orchestrator-common,^3.9.0,npm,dependencies,overlays,runtime-prod,2026-08-11,FALSE,workspaces/orchestrator/metadata/rhdh-bsp-orchestrator.yaml,
OK,2,low,2,orchestrator,rhdh-bsp-orchestrator,generally-available,@red-hat-developer-hub/backstage-plugin-orchestrator-form-api,^2.10.0,npm,dependencies,overlays,runtime-prod,2026-08-13,FALSE,workspaces/orchestrator/metadata/rhdh-bsp-orchestrator.yaml,
OK,2,low,2,orchestrator,rhdh-bsp-orchestrator,generally-available,@red-hat-developer-hub/backstage-plugin-orchestrator-form-react,^2.11.0,npm,dependencies,overlays,runtime-prod,2026-08-13,FALSE,workspaces/orchestrator/metadata/rhdh-bsp-orchestrator.yaml,
OK,2,low,2,orchestrator,rhdh-bsp-orchestrator,generally-available,@red-hat-developer-hub/backstage-plugin-orchestrator-form-widgets,^2.0.0,npm,devDependencies,overlays,build,2026-08-13,FALSE,workspaces/orchestrator/metadata/rhdh-bsp-orchestrator.yaml,
OK,2,low,2,orchestrator,rhdh-bsp-orchestrator,generally-available,@red-hat-developer-hub/backstage-plugin-theme,^0.14.11,npm,devDependencies,overlays,build,2026-08-04,FALSE,workspaces/orchestrator/metadata/rhdh-bsp-orchestrator.yaml,
OK,2,low,2,orchestrator,rhdh-bsp-orchestrator,generally-available,@testing-library/dom,^10.0.0,npm,devDependencies,overlays,test-only,2025-07-27,FALSE,workspaces/orchestrator/metadata/rhdh-bsp-orchestrator.yaml,
OK,2,low,2,orchestrator,rhdh-bsp-orchestrator,generally-available,@testing-library/jest-dom,^6.0.0,npm,devDependencies,overlays,test-only,2026-08-09,FALSE,workspaces/orchestrator/metadata/rhdh-bsp-orchestrator.yaml,
OK,2,low,2,orchestrator,rhdh-bsp-orchestrator,generally-available,@testing-library/react,^15.0.0,npm,devDependencies,overlays,test-only,2026-01-19,FALSE,workspaces/orchestrator/metadata/rhdh-bsp-orchestrator.yaml,
OK,2,low,2,orchestrator,rhdh-bsp-orchestrator,generally-available,@types/luxon,^3.7.1,npm,devDependencies,overlays,test-only,2026-08-21,FALSE,workspaces/orchestrator/metadata/rhdh-bsp-orchestrator.yaml,
OK,2,low,2,orchestrator,rhdh-bsp-orchestrator,generally-available,@types/react,^18.2.58,npm,devDependencies,overlays,test-only,2026-07-30,FALSE,workspaces/orchestrator/metadata/rhdh-bsp-orchestrator.yaml,
OK,2,low,2,orchestrator,rhdh-bsp-orchestrator,generally-available,@types/react-dom,^18.2.19,npm,devDependencies,overlays,test-only,2026-08-23,FALSE,workspaces/orchestrator/metadata/rhdh-bsp-orchestrator.yaml,
OK,2,low,2,orchestrator,rhdh-bsp-orchestrator,generally-available,axios,^1.15.0,npm,dependencies,overlays,runtime-prod,2026-08-26,FALSE,workspaces/orchestrator/metadata/rhdh-bsp-orchestrator.yaml,
OK,2,low,2,orchestrator,rhdh-bsp-orchestrator,generally-available,js-yaml,^4.1.0,npm,dependencies,overlays,runtime-prod,2026-08-25,FALSE,workspaces/orchestrator/metadata/rhdh-bsp-orchestrator.yaml,
OK,2,low,2,orchestrator,rhdh-bsp-orchestrator,generally-available,json-schema-library,^9.0.0,npm,dependencies,overlays,runtime-prod,2026-07-18,FALSE,workspaces/orchestrator/metadata/rhdh-bsp-orchestrator.yaml,
OK,2,low,2,orchestrator,rhdh-bsp-orchestrator,generally-available,lodash,^4.18.1,npm,dependencies,overlays,runtime-prod,2026-04-01,FALSE,workspaces/orchestrator/metadata/rhdh-bsp-orchestrator.yaml,
OK,2,low,2,orchestrator,rhdh-bsp-orchestrator,generally-available,luxon,^3.7.2,npm,dependencies,overlays,runtime-prod,2025-09-05,FALSE,workspaces/orchestrator/metadata/rhdh-bsp-orchestrator.yaml,
OK,2,low,2,orchestrator,rhdh-bsp-orchestrator,generally-available,prettier,3.9.6,npm,devDependencies,overlays,build,2026-07-21,FALSE,workspaces/orchestrator/metadata/rhdh-bsp-orchestrator.yaml,
OK,2,low,2,orchestrator,rhdh-bsp-orchestrator,generally-available,react,^16.13.1 || ^17.0.0 || ^18.0.0,npm,peerDependencies,overlays,runtime-prod,2026-07-21,FALSE,workspaces/orchestrator/metadata/rhdh-bsp-orchestrator.yaml,
OK,2,low,2,orchestrator,rhdh-bsp-orchestrator,generally-available,react,^18.0.0,npm,devDependencies,overlays,build,2026-07-21,FALSE,workspaces/orchestrator/metadata/rhdh-bsp-orchestrator.yaml,
OK,2,low,2,orchestrator,rhdh-bsp-orchestrator,generally-available,react-dom,^16.13.1 || ^17.0.0 || ^18.0.0,npm,peerDependencies,overlays,runtime-prod,2026-07-21,FALSE,workspaces/orchestrator/metadata/rhdh-bsp-orchestrator.yaml,
OK,2,low,2,orchestrator,rhdh-bsp-orchestrator,generally-available,react-dom,^18.0.0,npm,devDependencies,overlays,build,2026-07-21,FALSE,workspaces/orchestrator/metadata/rhdh-bsp-orchestrator.yaml,
OK,2,low,2,orchestrator,rhdh-bsp-orchestrator,generally-available,react-router-dom,^6.3.0,npm,devDependencies,overlays,build,2026-07-28,FALSE,workspaces/orchestrator/metadata/rhdh-bsp-orchestrator.yaml,
OK,2,low,2,orchestrator,rhdh-bsp-orchestrator,generally-available,react-router-dom,^6.3.0,npm,peerDependencies,overlays,runtime-prod,2026-07-28,FALSE,workspaces/orchestrator/metadata/rhdh-bsp-orchestrator.yaml,
OK,2,low,2,orchestrator,rhdh-bsp-orchestrator,generally-available,react-use,^17.4.0,npm,dependencies,overlays,runtime-prod,2026-06-10,FALSE,workspaces/orchestrator/metadata/rhdh-bsp-orchestrator.yaml,
OK,2,low,2,orchestrator,rhdh-bsp-orchestrator,generally-available,swr,^2.0.0,npm,dependencies,overlays,runtime-prod,2026-08-12,FALSE,workspaces/orchestrator/metadata/rhdh-bsp-orchestrator.yaml,
OK,2,low,2,orchestrator,rhdh-bsp-orchestrator,generally-available,tss-react,^4.9.18,npm,dependencies,overlays,runtime-prod,2026-05-12,FALSE,workspaces/orchestrator/metadata/rhdh-bsp-orchestrator.yaml,
OK,2,low,2,orchestrator,rhdh-bsp-orchestrator,generally-available,uuid,^14.0.0,npm,dependencies,overlays,runtime-prod,2026-08-18,FALSE,workspaces/orchestrator/metadata/rhdh-bsp-orchestrator.yaml,
OK,2,low,2,orchestrator,rhdh-bsp-orchestrator,generally-available,vscode-languageserver-types,3.17.5,npm,dependencies,overlays,runtime-prod,2026-06-03,FALSE,workspaces/orchestrator/metadata/rhdh-bsp-orchestrator.yaml,
OK,2,low,2,orchestrator,rhdh-bsp-orchestrator-backend,generally-available,@backstage-community/plugin-rbac-common,^1.28.0,npm,peerDependencies,overlays,runtime-prod,2026-08-07,FALSE,workspaces/orchestrator/metadata/rhdh-bsp-orchestrator-backend.yaml,
OK,2,low,2,orchestrator,rhdh-bsp-orchestrator-backend,generally-available,@backstage-community/plugin-rbac-common,^1.29.0,npm,devDependencies,overlays,build,2026-08-07,FALSE,workspaces/orchestrator/metadata/rhdh-bsp-orchestrator-backend.yaml,
OK,2,low,2,orchestrator,rhdh-bsp-orchestrator-backend,generally-available,@backstage/backend-defaults,^0.17.3,npm,dependencies,overlays,runtime-prod,2026-08-18,FALSE,workspaces/orchestrator/metadata/rhdh-bsp-orchestrator-backend.yaml,
OK,2,low,2,orchestrator,rhdh-bsp-orchestrator-backend,generally-available,@backstage/backend-plugin-api,^1.9.2,npm,dependencies,overlays,runtime-prod,2026-08-18,FALSE,workspaces/orchestrator/metadata/rhdh-bsp-orchestrator-backend.yaml,
OK,2,low,2,orchestrator,rhdh-bsp-orchestrator-backend,generally-available,@backstage/backend-test-utils,^1.11.4,npm,devDependencies,overlays,test-only,2026-08-18,FALSE,workspaces/orchestrator/metadata/rhdh-bsp-orchestrator-backend.yaml,
OK,2,low,2,orchestrator,rhdh-bsp-orchestrator-backend,generally-available,@backstage/catalog-client,^1.16.0,npm,dependencies,overlays,runtime-prod,2026-07-14,FALSE,workspaces/orchestrator/metadata/rhdh-bsp-orchestrator-backend.yaml,
OK,2,low,2,orchestrator,rhdh-bsp-orchestrator-backend,generally-available,@backstage/cli,^0.36.3,npm,devDependencies,overlays,build,2026-08-18,FALSE,workspaces/orchestrator/metadata/rhdh-bsp-orchestrator-backend.yaml,
OK,2,low,2,orchestrator,rhdh-bsp-orchestrator-backend,generally-available,@backstage/core-plugin-api,^1.12.7,npm,dependencies,overlays,runtime-prod,2026-08-18,FALSE,workspaces/orchestrator/metadata/rhdh-bsp-orchestrator-backend.yaml,
OK,2,low,2,orchestrator,rhdh-bsp-orchestrator-backend,generally-available,@backstage/errors,^1.3.1,npm,dependencies,overlays,runtime-prod,2026-05-19,FALSE,workspaces/orchestrator/metadata/rhdh-bsp-orchestrator-backend.yaml,
OK,2,low,2,orchestrator,rhdh-bsp-orchestrator-backend,generally-available,@backstage/integration,^2.0.3,npm,dependencies,overlays,runtime-prod,2026-08-18,FALSE,workspaces/orchestrator/metadata/rhdh-bsp-orchestrator-backend.yaml,
OK,2,low,2,orchestrator,rhdh-bsp-orchestrator-backend,generally-available,@backstage/plugin-catalog-node,^2.2.2,npm,dependencies,overlays,runtime-prod,2026-08-18,FALSE,workspaces/orchestrator/metadata/rhdh-bsp-orchestrator-backend.yaml,
OK,2,low,2,orchestrator,rhdh-bsp-orchestrator-backend,generally-available,@backstage/plugin-mcp-actions-backend,^0.1.14,npm,devDependencies,overlays,build,2026-08-18,FALSE,workspaces/orchestrator/metadata/rhdh-bsp-orchestrator-backend.yaml,
OK,2,low,2,orchestrator,rhdh-bsp-orchestrator-backend,generally-available,@backstage/plugin-permission-common,^0.9.9,npm,dependencies,overlays,runtime-prod,2026-08-18,FALSE,workspaces/orchestrator/metadata/rhdh-bsp-orchestrator-backend.yaml,
OK,2,low,2,orchestrator,rhdh-bsp-orchestrator-backend,generally-available,@backstage/plugin-permission-node,^0.11.1,npm,dependencies,overlays,runtime-prod,2026-08-18,FALSE,workspaces/orchestrator/metadata/rhdh-bsp-orchestrator-backend.yaml,
OK,2,low,2,orchestrator,rhdh-bsp-orchestrator-backend,generally-available,@backstage/plugin-scaffolder-backend,^4.0.1,npm,dependencies,overlays,runtime-prod,2026-08-24,FALSE,workspaces/orchestrator/metadata/rhdh-bsp-orchestrator-backend.yaml,
OK,2,low,2,orchestrator,rhdh-bsp-orchestrator-backend,generally-available,@backstage/plugin-scaffolder-node,^0.13.4,npm,dependencies,overlays,runtime-prod,2026-08-18,FALSE,workspaces/orchestrator/metadata/rhdh-bsp-orchestrator-backend.yaml,
OK,2,low,2,orchestrator,rhdh-bsp-orchestrator-backend,generally-available,@modelcontextprotocol/sdk,^1.25.2,npm,devDependencies,overlays,build,2026-07-27,FALSE,workspaces/orchestrator/metadata/rhdh-bsp-orchestrator-backend.yaml,
OK,2,low,2,orchestrator,rhdh-bsp-orchestrator-backend,generally-available,@red-hat-developer-hub/backstage-plugin-orchestrator-backend,8.12.1,npm,dependencies,overlays,runtime-prod,2026-08-13,FALSE,workspaces/orchestrator/metadata/rhdh-bsp-orchestrator-backend.yaml,
OK,2,low,2,orchestrator,rhdh-bsp-orchestrator-backend,generally-available,@red-hat-developer-hub/backstage-plugin-orchestrator-common,^3.9.0,npm,dependencies,overlays,runtime-prod,2026-08-11,FALSE,workspaces/orchestrator/metadata/rhdh-bsp-orchestrator-backend.yaml,
OK,2,low,2,orchestrator,rhdh-bsp-orchestrator-backend,generally-available,@red-hat-developer-hub/backstage-plugin-orchestrator-node,^1.4.1,npm,dependencies,overlays,runtime-prod,2026-08-11,FALSE,workspaces/orchestrator/metadata/rhdh-bsp-orchestrator-backend.yaml,
OK,2,low,2,orchestrator,rhdh-bsp-orchestrator-backend,generally-available,@types/express,4.17.25,npm,devDependencies,overlays,test-only,2025-12-01,FALSE,workspaces/orchestrator/metadata/rhdh-bsp-orchestrator-backend.yaml,
OK,2,low,2,orchestrator,rhdh-bsp-orchestrator-backend,generally-available,@types/luxon,^3.7.1,npm,devDependencies,overlays,test-only,2026-08-21,FALSE,workspaces/orchestrator/metadata/rhdh-bsp-orchestrator-backend.yaml,
OK,2,low,2,orchestrator,rhdh-bsp-orchestrator-backend,generally-available,@types/supertest,^7.2.0,npm,devDependencies,overlays,test-only,2026-07-14,FALSE,workspaces/orchestrator/metadata/rhdh-bsp-orchestrator-backend.yaml,
OK,2,low,2,orchestrator,rhdh-bsp-orchestrator-backend,generally-available,@urql/core,^6.0.1,npm,dependencies,overlays,runtime-prod,2026-06-22,FALSE,workspaces/orchestrator/metadata/rhdh-bsp-orchestrator-backend.yaml,
OK,2,low,2,orchestrator,rhdh-bsp-orchestrator-backend,generally-available,ajv,^8.17.1,npm,dependencies,overlays,runtime-prod,2026-04-24,FALSE,workspaces/orchestrator/metadata/rhdh-bsp-orchestrator-backend.yaml,
OK,2,low,2,orchestrator,rhdh-bsp-orchestrator-backend,generally-available,cloudevents,^10.0.0,npm,dependencies,overlays,runtime-prod,2025-06-10,FALSE,workspaces/orchestrator/metadata/rhdh-bsp-orchestrator-backend.yaml,
OK,2,low,2,orchestrator,rhdh-bsp-orchestrator-backend,generally-available,express,^4.21.2,npm,dependencies,overlays,runtime-prod,2025-12-01,FALSE,workspaces/orchestrator/metadata/rhdh-bsp-orchestrator-backend.yaml,
OK,2,low,2,orchestrator,rhdh-bsp-orchestrator-backend,generally-available,fs-extra,^10.1.0,npm,dependencies,overlays,runtime-prod,2026-07-23,FALSE,workspaces/orchestrator/metadata/rhdh-bsp-orchestrator-backend.yaml,
OK,2,low,2,orchestrator,rhdh-bsp-orchestrator-backend,generally-available,isomorphic-git,^1.23.0,npm,dependencies,overlays,runtime-prod,2026-08-23,FALSE,workspaces/orchestrator/metadata/rhdh-bsp-orchestrator-backend.yaml,
OK,2,low,2,orchestrator,rhdh-bsp-orchestrator-backend,generally-available,js-yaml,^4.1.0,npm,dependencies,overlays,runtime-prod,2026-08-25,FALSE,workspaces/orchestrator/metadata/rhdh-bsp-orchestrator-backend.yaml,
OK,2,low,2,orchestrator,rhdh-bsp-orchestrator-backend,generally-available,lodash,^4.18.1,npm,dependencies,overlays,runtime-prod,2026-04-01,FALSE,workspaces/orchestrator/metadata/rhdh-bsp-orchestrator-backend.yaml,
OK,2,low,2,orchestrator,rhdh-bsp-orchestrator-backend,generally-available,luxon,^3.7.2,npm,dependencies,overlays,runtime-prod,2025-09-05,FALSE,workspaces/orchestrator/metadata/rhdh-bsp-orchestrator-backend.yaml,
OK,2,low,2,orchestrator,rhdh-bsp-orchestrator-backend,generally-available,openapi-backend,^5.10.5,npm,dependencies,overlays,runtime-prod,2026-08-23,FALSE,workspaces/orchestrator/metadata/rhdh-bsp-orchestrator-backend.yaml,
OK,2,low,2,orchestrator,rhdh-bsp-orchestrator-backend,generally-available,prettier,3.9.6,npm,devDependencies,overlays,build,2026-07-21,FALSE,workspaces/orchestrator/metadata/rhdh-bsp-orchestrator-backend.yaml,
OK,2,low,2,orchestrator,rhdh-bsp-orchestrator-backend,generally-available,supertest,^7.2.2,npm,devDependencies,overlays,build,2026-01-06,FALSE,workspaces/orchestrator/metadata/rhdh-bsp-orchestrator-backend.yaml,
OK,2,low,2,orchestrator,rhdh-bsp-orchestrator-backend,generally-available,yn,^5.0.0,npm,dependencies,overlays,runtime-prod,2025-08-22,FALSE,workspaces/orchestrator/metadata/rhdh-bsp-orchestrator-backend.yaml,
OK,2,low,2,orchestrator,rhdh-bsp-orchestrator-backend,generally-available,zod,^4.3.6,npm,dependencies,overlays,runtime-prod,2026-05-04,FALSE,workspaces/orchestrator/metadata/rhdh-bsp-orchestrator-backend.yaml,
OK,2,low,2,orchestrator,rhdh-bsp-orchestrator-backend-mod-loki,generally-available,@backstage/backend-plugin-api,^1.9.2,npm,dependencies,overlays,runtime-prod,2026-08-18,FALSE,workspaces/orchestrator/metadata/rhdh-bsp-orchestrator-backend-mod-loki.yaml,
OK,2,low,2,orchestrator,rhdh-bsp-orchestrator-backend-mod-loki,generally-available,@backstage/backend-test-utils,^1.11.4,npm,devDependencies,overlays,test-only,2026-08-18,FALSE,workspaces/orchestrator/metadata/rhdh-bsp-orchestrator-backend-mod-loki.yaml,
OK,2,low,2,orchestrator,rhdh-bsp-orchestrator-backend-mod-loki,generally-available,@backstage/cli,^0.36.3,npm,devDependencies,overlays,build,2026-08-18,FALSE,workspaces/orchestrator/metadata/rhdh-bsp-orchestrator-backend-mod-loki.yaml,
OK,2,low,2,orchestrator,rhdh-bsp-orchestrator-backend-mod-loki,generally-available,@backstage/config,^1.3.8,npm,devDependencies,overlays,build,2026-05-19,FALSE,workspaces/orchestrator/metadata/rhdh-bsp-orchestrator-backend-mod-loki.yaml,
OK,2,low,2,orchestrator,rhdh-bsp-orchestrator-backend-mod-loki,generally-available,@backstage/errors,^1.3.1,npm,dependencies,overlays,runtime-prod,2026-05-19,FALSE,workspaces/orchestrator/metadata/rhdh-bsp-orchestrator-backend-mod-loki.yaml,
OK,2,low,2,orchestrator,rhdh-bsp-orchestrator-backend-mod-loki,generally-available,@red-hat-developer-hub/backstage-plugin-orchestrator-backend-module-loki,1.4.1,npm,dependencies,overlays,runtime-prod,2026-08-11,FALSE,workspaces/orchestrator/metadata/rhdh-bsp-orchestrator-backend-mod-loki.yaml,
OK,2,low,2,orchestrator,rhdh-bsp-orchestrator-backend-mod-loki,generally-available,@red-hat-developer-hub/backstage-plugin-orchestrator-common,^3.9.0,npm,dependencies,overlays,runtime-prod,2026-08-11,FALSE,workspaces/orchestrator/metadata/rhdh-bsp-orchestrator-backend-mod-loki.yaml,
OK,2,low,2,orchestrator,rhdh-bsp-orchestrator-backend-mod-loki,generally-available,@red-hat-developer-hub/backstage-plugin-orchestrator-node,^1.4.1,npm,dependencies,overlays,runtime-prod,2026-08-11,FALSE,workspaces/orchestrator/metadata/rhdh-bsp-orchestrator-backend-mod-loki.yaml,
OK,2,low,2,orchestrator,rhdh-bsp-orchestrator-backend-mod-loki,generally-available,luxon,^3.7.2,npm,dependencies,overlays,runtime-prod,2025-09-05,FALSE,workspaces/orchestrator/metadata/rhdh-bsp-orchestrator-backend-mod-loki.yaml,
OK,2,low,2,orchestrator,rhdh-bsp-orchestrator-backend-mod-loki,generally-available,undici,^7.24.0,npm,dependencies,overlays,runtime-prod,2026-08-03,FALSE,workspaces/orchestrator/metadata/rhdh-bsp-orchestrator-backend-mod-loki.yaml,
OK,2,low,2,orchestrator,rhdh-bsp-orchestrator-form-widgets,generally-available,@backstage/cli,^0.36.3,npm,devDependencies,overlays,build,2026-08-18,FALSE,workspaces/orchestrator/metadata/rhdh-bsp-orchestrator-form-widgets.yaml,
OK,2,low,2,orchestrator,rhdh-bsp-orchestrator-form-widgets,generally-available,@backstage/core-app-api,^1.20.3,npm,devDependencies,overlays,build,2026-08-18,FALSE,workspaces/orchestrator/metadata/rhdh-bsp-orchestrator-form-widgets.yaml,
OK,2,low,2,orchestrator,rhdh-bsp-orchestrator-form-widgets,generally-available,@backstage/core-components,^0.18.11,npm,dependencies,overlays,runtime-prod,2026-08-18,FALSE,workspaces/orchestrator/metadata/rhdh-bsp-orchestrator-form-widgets.yaml,
OK,2,low,2,orchestrator,rhdh-bsp-orchestrator-form-widgets,generally-available,@backstage/core-plugin-api,^1.12.7,npm,dependencies,overlays,runtime-prod,2026-08-18,FALSE,workspaces/orchestrator/metadata/rhdh-bsp-orchestrator-form-widgets.yaml,
OK,2,low,2,orchestrator,rhdh-bsp-orchestrator-form-widgets,generally-available,@backstage/dev-utils,^1.1.24,npm,devDependencies,overlays,build,2026-08-18,FALSE,workspaces/orchestrator/metadata/rhdh-bsp-orchestrator-form-widgets.yaml,
OK,2,low,2,orchestrator,rhdh-bsp-orchestrator-form-widgets,generally-available,@backstage/frontend-plugin-api,^0.17.2,npm,dependencies,overlays,runtime-prod,2026-08-18,FALSE,workspaces/orchestrator/metadata/rhdh-bsp-orchestrator-form-widgets.yaml,
OK,2,low,2,orchestrator,rhdh-bsp-orchestrator-form-widgets,generally-available,@backstage/test-utils,^1.7.19,npm,devDependencies,overlays,test-only,2026-08-18,FALSE,workspaces/orchestrator/metadata/rhdh-bsp-orchestrator-form-widgets.yaml,
OK,2,low,2,orchestrator,rhdh-bsp-orchestrator-form-widgets,generally-available,@backstage/theme,^0.7.3,npm,dependencies,overlays,runtime-prod,2026-04-14,FALSE,workspaces/orchestrator/metadata/rhdh-bsp-orchestrator-form-widgets.yaml,
OK,2,low,2,orchestrator,rhdh-bsp-orchestrator-form-widgets,generally-available,@backstage/types,^1.2.2,npm,dependencies,overlays,runtime-prod,2025-09-16,FALSE,workspaces/orchestrator/metadata/rhdh-bsp-orchestrator-form-widgets.yaml,
OK,2,low,2,orchestrator,rhdh-bsp-orchestrator-form-widgets,generally-available,@mui/icons-material,^5.17.1,npm,dependencies,overlays,runtime-prod,2026-08-06,FALSE,workspaces/orchestrator/metadata/rhdh-bsp-orchestrator-form-widgets.yaml,
OK,2,low,2,orchestrator,rhdh-bsp-orchestrator-form-widgets,generally-available,@mui/material,^5.17.1,npm,dependencies,overlays,runtime-prod,2026-08-06,FALSE,workspaces/orchestrator/metadata/rhdh-bsp-orchestrator-form-widgets.yaml,
OK,2,low,2,orchestrator,rhdh-bsp-orchestrator-form-widgets,generally-available,@red-hat-developer-hub/backstage-plugin-orchestrator-common,^3.9.0,npm,dependencies,overlays,runtime-prod,2026-08-11,FALSE,workspaces/orchestrator/metadata/rhdh-bsp-orchestrator-form-widgets.yaml,
OK,2,low,2,orchestrator,rhdh-bsp-orchestrator-form-widgets,generally-available,@red-hat-developer-hub/backstage-plugin-orchestrator-form-api,^2.10.0,npm,dependencies,overlays,runtime-prod,2026-08-13,FALSE,workspaces/orchestrator/metadata/rhdh-bsp-orchestrator-form-widgets.yaml,
OK,2,low,2,orchestrator,rhdh-bsp-orchestrator-form-widgets,generally-available,@red-hat-developer-hub/backstage-plugin-orchestrator-form-react,^2.11.0,npm,dependencies,overlays,runtime-prod,2026-08-13,FALSE,workspaces/orchestrator/metadata/rhdh-bsp-orchestrator-form-widgets.yaml,
OK,2,low,2,orchestrator,rhdh-bsp-orchestrator-form-widgets,generally-available,@red-hat-developer-hub/backstage-plugin-orchestrator-form-widgets,2.0.0,npm,dependencies,overlays,runtime-prod,2026-08-13,FALSE,workspaces/orchestrator/metadata/rhdh-bsp-orchestrator-form-widgets.yaml,
OK,2,low,2,orchestrator,rhdh-bsp-orchestrator-form-widgets,generally-available,@rjsf/utils,^5.21.2,npm,dependencies,overlays,runtime-prod,2026-08-14,FALSE,workspaces/orchestrator/metadata/rhdh-bsp-orchestrator-form-widgets.yaml,
OK,2,low,2,orchestrator,rhdh-bsp-orchestrator-form-widgets,generally-available,@testing-library/jest-dom,^6.0.0,npm,devDependencies,overlays,test-only,2026-08-09,FALSE,workspaces/orchestrator/metadata/rhdh-bsp-orchestrator-form-widgets.yaml,
OK,2,low,2,orchestrator,rhdh-bsp-orchestrator-form-widgets,generally-available,@testing-library/react,^14.0.0,npm,devDependencies,overlays,test-only,2026-01-19,FALSE,workspaces/orchestrator/metadata/rhdh-bsp-orchestrator-form-widgets.yaml,
OK,2,low,2,orchestrator,rhdh-bsp-orchestrator-form-widgets,generally-available,@testing-library/user-event,^14.0.0,npm,devDependencies,overlays,test-only,2026-08-22,FALSE,workspaces/orchestrator/metadata/rhdh-bsp-orchestrator-form-widgets.yaml,
OK,2,low,2,orchestrator,rhdh-bsp-orchestrator-form-widgets,generally-available,express,^5.1.0,npm,devDependencies,overlays,build,2025-12-01,FALSE,workspaces/orchestrator/metadata/rhdh-bsp-orchestrator-form-widgets.yaml,
OK,2,low,2,orchestrator,rhdh-bsp-orchestrator-form-widgets,generally-available,jsonata,^2.2.0,npm,dependencies,overlays,runtime-prod,2026-07-16,FALSE,workspaces/orchestrator/metadata/rhdh-bsp-orchestrator-form-widgets.yaml,
OK,2,low,2,orchestrator,rhdh-bsp-orchestrator-form-widgets,generally-available,lodash,^4.18.1,npm,dependencies,overlays,runtime-prod,2026-04-01,FALSE,workspaces/orchestrator/metadata/rhdh-bsp-orchestrator-form-widgets.yaml,
OK,2,low,2,orchestrator,rhdh-bsp-orchestrator-form-widgets,generally-available,msw,^1.0.0,npm,devDependencies,overlays,build,2026-07-08,FALSE,workspaces/orchestrator/metadata/rhdh-bsp-orchestrator-form-widgets.yaml,
OK,2,low,2,orchestrator,rhdh-bsp-orchestrator-form-widgets,generally-available,react,^16.13.1 || ^17.0.0 || ^18.0.0,npm,peerDependencies,overlays,runtime-prod,2026-07-21,FALSE,workspaces/orchestrator/metadata/rhdh-bsp-orchestrator-form-widgets.yaml,
OK,2,low,2,orchestrator,rhdh-bsp-orchestrator-form-widgets,generally-available,react,^18.0.0,npm,devDependencies,overlays,build,2026-07-21,FALSE,workspaces/orchestrator/metadata/rhdh-bsp-orchestrator-form-widgets.yaml,
OK,2,low,2,orchestrator,rhdh-bsp-orchestrator-form-widgets,generally-available,react-dom,^16.13.1 || ^17.0.0 || ^18.0.0,npm,peerDependencies,overlays,runtime-prod,2026-07-21,FALSE,workspaces/orchestrator/metadata/rhdh-bsp-orchestrator-form-widgets.yaml,
OK,2,low,2,orchestrator,rhdh-bsp-orchestrator-form-widgets,generally-available,react-dom,^18.0.0,npm,devDependencies,overlays,build,2026-07-21,FALSE,workspaces/orchestrator/metadata/rhdh-bsp-orchestrator-form-widgets.yaml,
OK,2,low,2,orchestrator,rhdh-bsp-orchestrator-form-widgets,generally-available,react-router-dom,^6.3.0,npm,devDependencies,overlays,build,2026-07-28,FALSE,workspaces/orchestrator/metadata/rhdh-bsp-orchestrator-form-widgets.yaml,
OK,2,low,2,orchestrator,rhdh-bsp-orchestrator-form-widgets,generally-available,react-router-dom,^6.3.0,npm,peerDependencies,overlays,runtime-prod,2026-07-28,FALSE,workspaces/orchestrator/metadata/rhdh-bsp-orchestrator-form-widgets.yaml,
OK,2,low,2,orchestrator,rhdh-bsp-orchestrator-form-widgets,generally-available,react-use,^17.2.4,npm,dependencies,overlays,runtime-prod,2026-06-10,FALSE,workspaces/orchestrator/metadata/rhdh-bsp-orchestrator-form-widgets.yaml,
OK,2,low,2,orchestrator,rhdh-bsp-orchestrator-form-widgets,generally-available,tss-react,^4.9.18,npm,dependencies,overlays,runtime-prod,2026-05-12,FALSE,workspaces/orchestrator/metadata/rhdh-bsp-orchestrator-form-widgets.yaml,
OK,2,low,2,orchestrator,rhdh-bsp-scaffolder-backend-mod-orchestrator,generally-available,@backstage/backend-defaults,^0.17.3,npm,devDependencies,overlays,build,2026-08-18,FALSE,workspaces/orchestrator/metadata/rhdh-bsp-scaffolder-backend-mod-orchestrator.yaml,
OK,2,low,2,orchestrator,rhdh-bsp-scaffolder-backend-mod-orchestrator,generally-available,@backstage/backend-plugin-api,^1.9.2,npm,dependencies,overlays,runtime-prod,2026-08-18,FALSE,workspaces/orchestrator/metadata/rhdh-bsp-scaffolder-backend-mod-orchestrator.yaml,
OK,2,low,2,orchestrator,rhdh-bsp-scaffolder-backend-mod-orchestrator,generally-available,@backstage/backend-test-utils,^1.11.4,npm,devDependencies,overlays,test-only,2026-08-18,FALSE,workspaces/orchestrator/metadata/rhdh-bsp-scaffolder-backend-mod-orchestrator.yaml,
OK,2,low,2,orchestrator,rhdh-bsp-scaffolder-backend-mod-orchestrator,generally-available,@backstage/catalog-model,^1.9.0,npm,dependencies,overlays,runtime-prod,2026-08-18,FALSE,workspaces/orchestrator/metadata/rhdh-bsp-scaffolder-backend-mod-orchestrator.yaml,
OK,2,low,2,orchestrator,rhdh-bsp-scaffolder-backend-mod-orchestrator,generally-available,@backstage/cli,^0.36.3,npm,devDependencies,overlays,build,2026-08-18,FALSE,workspaces/orchestrator/metadata/rhdh-bsp-scaffolder-backend-mod-orchestrator.yaml,
OK,2,low,2,orchestrator,rhdh-bsp-scaffolder-backend-mod-orchestrator,generally-available,@backstage/plugin-permission-common,^0.9.9,npm,dependencies,overlays,runtime-prod,2026-08-18,FALSE,workspaces/orchestrator/metadata/rhdh-bsp-scaffolder-backend-mod-orchestrator.yaml,
OK,2,low,2,orchestrator,rhdh-bsp-scaffolder-backend-mod-orchestrator,generally-available,@backstage/plugin-scaffolder-backend,^4.0.1,npm,devDependencies,overlays,build,2026-08-24,FALSE,workspaces/orchestrator/metadata/rhdh-bsp-scaffolder-backend-mod-orchestrator.yaml,
OK,2,low,2,orchestrator,rhdh-bsp-scaffolder-backend-mod-orchestrator,generally-available,@backstage/plugin-scaffolder-node,^0.13.4,npm,dependencies,overlays,runtime-prod,2026-08-18,FALSE,workspaces/orchestrator/metadata/rhdh-bsp-scaffolder-backend-mod-orchestrator.yaml,
OK,2,low,2,orchestrator,rhdh-bsp-scaffolder-backend-mod-orchestrator,generally-available,@backstage/plugin-scaffolder-node-test-utils,^0.3.12,npm,devDependencies,overlays,test-only,2026-08-18,FALSE,workspaces/orchestrator/metadata/rhdh-bsp-scaffolder-backend-mod-orchestrator.yaml,
OK,2,low,2,orchestrator,rhdh-bsp-scaffolder-backend-mod-orchestrator,generally-available,@backstage/types,^1.2.2,npm,dependencies,overlays,runtime-prod,2025-09-16,FALSE,workspaces/orchestrator/metadata/rhdh-bsp-scaffolder-backend-mod-orchestrator.yaml,
OK,2,low,2,orchestrator,rhdh-bsp-scaffolder-backend-mod-orchestrator,generally-available,@red-hat-developer-hub/backstage-plugin-orchestrator-common,^3.9.0,npm,dependencies,overlays,runtime-prod,2026-08-11,FALSE,workspaces/orchestrator/metadata/rhdh-bsp-scaffolder-backend-mod-orchestrator.yaml,
OK,2,low,2,orchestrator,rhdh-bsp-scaffolder-backend-mod-orchestrator,generally-available,@red-hat-developer-hub/backstage-plugin-scaffolder-backend-module-orchestrator,1.7.2,npm,dependencies,overlays,runtime-prod,2026-08-13,FALSE,workspaces/orchestrator/metadata/rhdh-bsp-scaffolder-backend-mod-orchestrator.yaml,
OK,2,low,2,orchestrator,rhdh-bsp-scaffolder-backend-mod-orchestrator,generally-available,axios,^1.15.0,npm,dependencies,overlays,runtime-prod,2026-08-26,FALSE,workspaces/orchestrator/metadata/rhdh-bsp-scaffolder-backend-mod-orchestrator.yaml,
OK,2,low,2,orchestrator,rhdh-bsp-scaffolder-backend-mod-orchestrator,generally-available,js-yaml,^4.1.0,npm,dependencies,overlays,runtime-prod,2026-08-25,FALSE,workspaces/orchestrator/metadata/rhdh-bsp-scaffolder-backend-mod-orchestrator.yaml,
OK,2,low,2,pingidentity,backstage-community-plugin-catalog-backend-module-pingidentity,tech-preview,@backstage-community/plugin-catalog-backend-module-pingidentity,0.13.0,npm,dependencies,overlays,runtime-prod,2026-07-29,FALSE,workspaces/pingidentity/metadata/backstage-community-plugin-catalog-backend-module-pingidentity.yaml,
OK,2,low,2,pingidentity,backstage-community-plugin-catalog-backend-module-pingidentity,tech-preview,@backstage/backend-defaults,^0.17.3,npm,devDependencies,overlays,build,2026-08-18,FALSE,workspaces/pingidentity/metadata/backstage-community-plugin-catalog-backend-module-pingidentity.yaml,
OK,2,low,2,pingidentity,backstage-community-plugin-catalog-backend-module-pingidentity,tech-preview,@backstage/backend-plugin-api,^1.9.2,npm,dependencies,overlays,runtime-prod,2026-08-18,FALSE,workspaces/pingidentity/metadata/backstage-community-plugin-catalog-backend-module-pingidentity.yaml,
OK,2,low,2,pingidentity,backstage-community-plugin-catalog-backend-module-pingidentity,tech-preview,@backstage/backend-test-utils,^1.11.4,npm,devDependencies,overlays,test-only,2026-08-18,FALSE,workspaces/pingidentity/metadata/backstage-community-plugin-catalog-backend-module-pingidentity.yaml,
OK,2,low,2,pingidentity,backstage-community-plugin-catalog-backend-module-pingidentity,tech-preview,@backstage/catalog-model,^1.9.0,npm,dependencies,overlays,runtime-prod,2026-08-18,FALSE,workspaces/pingidentity/metadata/backstage-community-plugin-catalog-backend-module-pingidentity.yaml,
OK,2,low,2,pingidentity,backstage-community-plugin-catalog-backend-module-pingidentity,tech-preview,@backstage/cli,^0.36.3,npm,devDependencies,overlays,build,2026-08-18,FALSE,workspaces/pingidentity/metadata/backstage-community-plugin-catalog-backend-module-pingidentity.yaml,
OK,2,low,2,pingidentity,backstage-community-plugin-catalog-backend-module-pingidentity,tech-preview,@backstage/config,^1.3.8,npm,dependencies,overlays,runtime-prod,2026-05-19,FALSE,workspaces/pingidentity/metadata/backstage-community-plugin-catalog-backend-module-pingidentity.yaml,
OK,2,low,2,pingidentity,backstage-community-plugin-catalog-backend-module-pingidentity,tech-preview,@backstage/plugin-catalog-backend,^3.8.0,npm,devDependencies,overlays,build,2026-08-18,FALSE,workspaces/pingidentity/metadata/backstage-community-plugin-catalog-backend-module-pingidentity.yaml,
OK,2,low,2,pingidentity,backstage-community-plugin-catalog-backend-module-pingidentity,tech-preview,@backstage/plugin-catalog-node,^2.2.2,npm,dependencies,overlays,runtime-prod,2026-08-18,FALSE,workspaces/pingidentity/metadata/backstage-community-plugin-catalog-backend-module-pingidentity.yaml,
OK,2,low,2,pingidentity,backstage-community-plugin-catalog-backend-module-pingidentity,tech-preview,@types/node-fetch,^2.6.11,npm,devDependencies,overlays,test-only,2025-07-29,FALSE,workspaces/pingidentity/metadata/backstage-community-plugin-catalog-backend-module-pingidentity.yaml,
OK,2,low,2,pingidentity,backstage-community-plugin-catalog-backend-module-pingidentity,tech-preview,msw,1.3.5,npm,devDependencies,overlays,build,2026-07-08,FALSE,workspaces/pingidentity/metadata/backstage-community-plugin-catalog-backend-module-pingidentity.yaml,
OK,2,low,2,pingidentity,backstage-community-plugin-catalog-backend-module-pingidentity,tech-preview,uuid,^13.0.0,npm,dependencies,overlays,runtime-prod,2026-08-18,FALSE,workspaces/pingidentity/metadata/backstage-community-plugin-catalog-backend-module-pingidentity.yaml,
OK,2,low,2,quickstart,rhdh-bsp-quickstart,generally-available,@backstage-community/plugin-rbac-common,^1.19.0,npm,dependencies,overlays,runtime-prod,2026-08-07,FALSE,workspaces/quickstart/metadata/rhdh-bsp-quickstart.yaml,
OK,2,low,2,quickstart,rhdh-bsp-quickstart,generally-available,@backstage/cli,^0.36.3,npm,devDependencies,overlays,build,2026-08-18,FALSE,workspaces/quickstart/metadata/rhdh-bsp-quickstart.yaml,
OK,2,low,2,quickstart,rhdh-bsp-quickstart,generally-available,@backstage/core-app-api,^1.20.2,npm,devDependencies,overlays,build,2026-08-18,FALSE,workspaces/quickstart/metadata/rhdh-bsp-quickstart.yaml,
OK,2,low,2,quickstart,rhdh-bsp-quickstart,generally-available,@backstage/core-components,^0.18.11,npm,dependencies,overlays,runtime-prod,2026-08-18,FALSE,workspaces/quickstart/metadata/rhdh-bsp-quickstart.yaml,
OK,2,low,2,quickstart,rhdh-bsp-quickstart,generally-available,@backstage/core-plugin-api,^1.12.7,npm,dependencies,overlays,runtime-prod,2026-08-18,FALSE,workspaces/quickstart/metadata/rhdh-bsp-quickstart.yaml,
OK,2,low,2,quickstart,rhdh-bsp-quickstart,generally-available,@backstage/dev-utils,^1.1.24,npm,devDependencies,overlays,build,2026-08-18,FALSE,workspaces/quickstart/metadata/rhdh-bsp-quickstart.yaml,
OK,2,low,2,quickstart,rhdh-bsp-quickstart,generally-available,@backstage/frontend-defaults,^0.5.3,npm,devDependencies,overlays,build,2026-08-18,FALSE,workspaces/quickstart/metadata/rhdh-bsp-quickstart.yaml,
OK,2,low,2,quickstart,rhdh-bsp-quickstart,generally-available,@backstage/frontend-plugin-api,^0.17.2,npm,dependencies,overlays,runtime-prod,2026-08-18,FALSE,workspaces/quickstart/metadata/rhdh-bsp-quickstart.yaml,
OK,2,low,2,quickstart,rhdh-bsp-quickstart,generally-available,@backstage/plugin-app-react,^0.2.4,npm,dependencies,overlays,runtime-prod,2026-08-18,FALSE,workspaces/quickstart/metadata/rhdh-bsp-quickstart.yaml,
OK,2,low,2,quickstart,rhdh-bsp-quickstart,generally-available,@backstage/plugin-permission-common,^0.9.9,npm,devDependencies,overlays,build,2026-08-18,FALSE,workspaces/quickstart/metadata/rhdh-bsp-quickstart.yaml,
OK,2,low,2,quickstart,rhdh-bsp-quickstart,generally-available,@backstage/plugin-permission-react,^0.5.2,npm,dependencies,overlays,runtime-prod,2026-08-18,FALSE,workspaces/quickstart/metadata/rhdh-bsp-quickstart.yaml,
OK,2,low,2,quickstart,rhdh-bsp-quickstart,generally-available,@backstage/test-utils,^1.7.19,npm,devDependencies,overlays,test-only,2026-08-18,FALSE,workspaces/quickstart/metadata/rhdh-bsp-quickstart.yaml,
OK,2,low,2,quickstart,rhdh-bsp-quickstart,generally-available,@backstage/theme,^0.7.3,npm,dependencies,overlays,runtime-prod,2026-04-14,FALSE,workspaces/quickstart/metadata/rhdh-bsp-quickstart.yaml,
OK,2,low,2,quickstart,rhdh-bsp-quickstart,generally-available,@mui/icons-material,5.18.0,npm,dependencies,overlays,runtime-prod,2026-08-06,FALSE,workspaces/quickstart/metadata/rhdh-bsp-quickstart.yaml,
OK,2,low,2,quickstart,rhdh-bsp-quickstart,generally-available,@mui/material,5.18.0,npm,dependencies,overlays,runtime-prod,2026-08-06,FALSE,workspaces/quickstart/metadata/rhdh-bsp-quickstart.yaml,
OK,2,low,2,quickstart,rhdh-bsp-quickstart,generally-available,@patternfly/react-icons,^6.5.0,npm,dependencies,overlays,runtime-prod,2026-08-03,FALSE,workspaces/quickstart/metadata/rhdh-bsp-quickstart.yaml,
OK,2,low,2,quickstart,rhdh-bsp-quickstart,generally-available,@red-hat-developer-hub/backstage-plugin-app-react,^0.1.0,npm,dependencies,overlays,runtime-prod,2026-08-19,FALSE,workspaces/quickstart/metadata/rhdh-bsp-quickstart.yaml,
OK,2,low,2,quickstart,rhdh-bsp-quickstart,generally-available,@red-hat-developer-hub/backstage-plugin-global-header,^2.0.0,npm,dependencies,overlays,runtime-prod,2026-07-31,FALSE,workspaces/quickstart/metadata/rhdh-bsp-quickstart.yaml,
OK,2,low,2,quickstart,rhdh-bsp-quickstart,generally-available,@red-hat-developer-hub/backstage-plugin-quickstart,2.0.1,npm,dependencies,overlays,runtime-prod,2026-08-04,FALSE,workspaces/quickstart/metadata/rhdh-bsp-quickstart.yaml,
OK,2,low,2,quickstart,rhdh-bsp-quickstart,generally-available,@red-hat-developer-hub/backstage-plugin-theme,^0.14.11,npm,dependencies,overlays,runtime-prod,2026-08-04,FALSE,workspaces/quickstart/metadata/rhdh-bsp-quickstart.yaml,
OK,2,low,2,quickstart,rhdh-bsp-quickstart,generally-available,@testing-library/jest-dom,^6.0.0,npm,devDependencies,overlays,test-only,2026-08-09,FALSE,workspaces/quickstart/metadata/rhdh-bsp-quickstart.yaml,
OK,2,low,2,quickstart,rhdh-bsp-quickstart,generally-available,@testing-library/react,^14.0.0,npm,devDependencies,overlays,test-only,2026-01-19,FALSE,workspaces/quickstart/metadata/rhdh-bsp-quickstart.yaml,
OK,2,low,2,quickstart,rhdh-bsp-quickstart,generally-available,@testing-library/user-event,^14.0.0,npm,devDependencies,overlays,test-only,2026-08-22,FALSE,workspaces/quickstart/metadata/rhdh-bsp-quickstart.yaml,
OK,2,low,2,quickstart,rhdh-bsp-quickstart,generally-available,msw,^1.0.0,npm,devDependencies,overlays,build,2026-07-08,FALSE,workspaces/quickstart/metadata/rhdh-bsp-quickstart.yaml,
OK,2,low,2,quickstart,rhdh-bsp-quickstart,generally-available,react,^16.13.1 || ^17.0.0 || ^18.0.0,npm,devDependencies,overlays,build,2026-07-21,FALSE,workspaces/quickstart/metadata/rhdh-bsp-quickstart.yaml,
OK,2,low,2,quickstart,rhdh-bsp-quickstart,generally-available,react,^16.13.1 || ^17.0.0 || ^18.0.0,npm,peerDependencies,overlays,runtime-prod,2026-07-21,FALSE,workspaces/quickstart/metadata/rhdh-bsp-quickstart.yaml,
OK,2,low,2,quickstart,rhdh-bsp-quickstart,generally-available,react-dom,16.13.1 || ^17.0.0 || ^18.0.0,npm,devDependencies,overlays,build,2026-07-21,FALSE,workspaces/quickstart/metadata/rhdh-bsp-quickstart.yaml,
OK,2,low,2,quickstart,rhdh-bsp-quickstart,generally-available,react-dom,16.13.1 || ^17.0.0 || ^18.0.0,npm,peerDependencies,overlays,runtime-prod,2026-07-21,FALSE,workspaces/quickstart/metadata/rhdh-bsp-quickstart.yaml,
OK,2,low,2,quickstart,rhdh-bsp-quickstart,generally-available,react-router-dom,^6.0.0,npm,devDependencies,overlays,build,2026-07-28,FALSE,workspaces/quickstart/metadata/rhdh-bsp-quickstart.yaml,
OK,2,low,2,quickstart,rhdh-bsp-quickstart,generally-available,react-router-dom,^6.0.0,npm,peerDependencies,overlays,runtime-prod,2026-07-28,FALSE,workspaces/quickstart/metadata/rhdh-bsp-quickstart.yaml,
OK,2,low,2,quickstart,rhdh-bsp-quickstart,generally-available,react-use,^17.6.0,npm,dependencies,overlays,runtime-prod,2026-06-10,FALSE,workspaces/quickstart/metadata/rhdh-bsp-quickstart.yaml,
OK,2,low,2,rbac,backstage-community-plugin-rbac,generally-available,@axe-core/playwright,^4.11.0,npm,devDependencies,overlays,build,2026-08-11,FALSE,workspaces/rbac/metadata/backstage-community-plugin-rbac.yaml,
OK,2,low,2,rbac,backstage-community-plugin-rbac,generally-available,@backstage-community/plugin-rbac,2.1.2,npm,dependencies,overlays,runtime-prod,2026-08-20,FALSE,workspaces/rbac/metadata/backstage-community-plugin-rbac.yaml,
OK,2,low,2,rbac,backstage-community-plugin-rbac,generally-available,@backstage-community/plugin-rbac-common,^1.29.1,npm,dependencies,overlays,runtime-prod,2026-08-07,FALSE,workspaces/rbac/metadata/backstage-community-plugin-rbac.yaml,
OK,2,low,2,rbac,backstage-community-plugin-rbac,generally-available,@backstage/catalog-model,^1.9.0,npm,dependencies,overlays,runtime-prod,2026-08-18,FALSE,workspaces/rbac/metadata/backstage-community-plugin-rbac.yaml,
OK,2,low,2,rbac,backstage-community-plugin-rbac,generally-available,@backstage/cli,^0.36.3,npm,devDependencies,overlays,build,2026-08-18,FALSE,workspaces/rbac/metadata/backstage-community-plugin-rbac.yaml,
OK,2,low,2,rbac,backstage-community-plugin-rbac,generally-available,@backstage/core-app-api,^1.20.2,npm,devDependencies,overlays,build,2026-08-18,FALSE,workspaces/rbac/metadata/backstage-community-plugin-rbac.yaml,
OK,2,low,2,rbac,backstage-community-plugin-rbac,generally-available,@backstage/core-components,^0.18.11,npm,dependencies,overlays,runtime-prod,2026-08-18,FALSE,workspaces/rbac/metadata/backstage-community-plugin-rbac.yaml,
OK,2,low,2,rbac,backstage-community-plugin-rbac,generally-available,@backstage/core-plugin-api,^1.12.7,npm,dependencies,overlays,runtime-prod,2026-08-18,FALSE,workspaces/rbac/metadata/backstage-community-plugin-rbac.yaml,
OK,2,low,2,rbac,backstage-community-plugin-rbac,generally-available,@backstage/dev-utils,^1.1.24,npm,devDependencies,overlays,build,2026-08-18,FALSE,workspaces/rbac/metadata/backstage-community-plugin-rbac.yaml,
OK,2,low,2,rbac,backstage-community-plugin-rbac,generally-available,@backstage/frontend-defaults,^0.5.3,npm,devDependencies,overlays,build,2026-08-18,FALSE,workspaces/rbac/metadata/backstage-community-plugin-rbac.yaml,
OK,2,low,2,rbac,backstage-community-plugin-rbac,generally-available,@backstage/frontend-plugin-api,^0.17.2,npm,dependencies,overlays,runtime-prod,2026-08-18,FALSE,workspaces/rbac/metadata/backstage-community-plugin-rbac.yaml,
OK,2,low,2,rbac,backstage-community-plugin-rbac,generally-available,@backstage/plugin-app-react,^0.2.4,npm,dependencies,overlays,runtime-prod,2026-08-18,FALSE,workspaces/rbac/metadata/backstage-community-plugin-rbac.yaml,
OK,2,low,2,rbac,backstage-community-plugin-rbac,generally-available,@backstage/plugin-catalog,^2.0.6,npm,dependencies,overlays,runtime-prod,2026-08-18,FALSE,workspaces/rbac/metadata/backstage-community-plugin-rbac.yaml,
OK,2,low,2,rbac,backstage-community-plugin-rbac,generally-available,@backstage/plugin-catalog-common,^1.1.10,npm,dependencies,overlays,runtime-prod,2026-05-19,FALSE,workspaces/rbac/metadata/backstage-community-plugin-rbac.yaml,
OK,2,low,2,rbac,backstage-community-plugin-rbac,generally-available,@backstage/plugin-permission-common,^0.9.9,npm,dependencies,overlays,runtime-prod,2026-08-18,FALSE,workspaces/rbac/metadata/backstage-community-plugin-rbac.yaml,
OK,2,low,2,rbac,backstage-community-plugin-rbac,generally-available,@backstage/plugin-permission-react,^0.5.2,npm,dependencies,overlays,runtime-prod,2026-08-18,FALSE,workspaces/rbac/metadata/backstage-community-plugin-rbac.yaml,
OK,2,low,2,rbac,backstage-community-plugin-rbac,generally-available,@backstage/test-utils,^1.7.19,npm,devDependencies,overlays,test-only,2026-08-18,FALSE,workspaces/rbac/metadata/backstage-community-plugin-rbac.yaml,
OK,2,low,2,rbac,backstage-community-plugin-rbac,generally-available,@backstage/theme,^0.7.3,npm,dependencies,overlays,runtime-prod,2026-04-14,FALSE,workspaces/rbac/metadata/backstage-community-plugin-rbac.yaml,
OK,2,low,2,rbac,backstage-community-plugin-rbac,generally-available,@backstage/ui,^0.16.0,npm,devDependencies,overlays,build,2026-08-18,FALSE,workspaces/rbac/metadata/backstage-community-plugin-rbac.yaml,
OK,2,low,2,rbac,backstage-community-plugin-rbac,generally-available,@mui/icons-material,5.18.0,npm,dependencies,overlays,runtime-prod,2026-08-06,FALSE,workspaces/rbac/metadata/backstage-community-plugin-rbac.yaml,
OK,2,low,2,rbac,backstage-community-plugin-rbac,generally-available,@mui/material,^5.14.18,npm,dependencies,overlays,runtime-prod,2026-08-06,FALSE,workspaces/rbac/metadata/backstage-community-plugin-rbac.yaml,
OK,2,low,2,rbac,backstage-community-plugin-rbac,generally-available,@playwright/test,1.61.1,npm,devDependencies,overlays,build,2026-07-30,FALSE,workspaces/rbac/metadata/backstage-community-plugin-rbac.yaml,
OK,2,low,2,rbac,backstage-community-plugin-rbac,generally-available,@rjsf/core,^5.21.2,npm,dependencies,overlays,runtime-prod,2026-08-14,FALSE,workspaces/rbac/metadata/backstage-community-plugin-rbac.yaml,
OK,2,low,2,rbac,backstage-community-plugin-rbac,generally-available,@rjsf/mui,^5.21.2,npm,dependencies,overlays,runtime-prod,2026-08-14,FALSE,workspaces/rbac/metadata/backstage-community-plugin-rbac.yaml,
OK,2,low,2,rbac,backstage-community-plugin-rbac,generally-available,@rjsf/utils,^5.21.2,npm,dependencies,overlays,runtime-prod,2026-08-14,FALSE,workspaces/rbac/metadata/backstage-community-plugin-rbac.yaml,
OK,2,low,2,rbac,backstage-community-plugin-rbac,generally-available,@rjsf/validator-ajv8,^5.21.2,npm,dependencies,overlays,runtime-prod,2026-08-14,FALSE,workspaces/rbac/metadata/backstage-community-plugin-rbac.yaml,
OK,2,low,2,rbac,backstage-community-plugin-rbac,generally-available,@testing-library/dom,^10.0.0,npm,devDependencies,overlays,test-only,2025-07-27,FALSE,workspaces/rbac/metadata/backstage-community-plugin-rbac.yaml,
OK,2,low,2,rbac,backstage-community-plugin-rbac,generally-available,@testing-library/jest-dom,^6.0.0,npm,devDependencies,overlays,test-only,2026-08-09,FALSE,workspaces/rbac/metadata/backstage-community-plugin-rbac.yaml,
OK,2,low,2,rbac,backstage-community-plugin-rbac,generally-available,@testing-library/react,^16.0.0,npm,devDependencies,overlays,test-only,2026-01-19,FALSE,workspaces/rbac/metadata/backstage-community-plugin-rbac.yaml,
OK,2,low,2,rbac,backstage-community-plugin-rbac,generally-available,@testing-library/user-event,14.6.1,npm,devDependencies,overlays,test-only,2026-08-22,FALSE,workspaces/rbac/metadata/backstage-community-plugin-rbac.yaml,
OK,2,low,2,rbac,backstage-community-plugin-rbac,generally-available,@types/node,22.20.1,npm,devDependencies,overlays,test-only,2026-08-24,FALSE,workspaces/rbac/metadata/backstage-community-plugin-rbac.yaml,
OK,2,low,2,rbac,backstage-community-plugin-rbac,generally-available,@types/react,^18.3.11,npm,devDependencies,overlays,test-only,2026-07-30,FALSE,workspaces/rbac/metadata/backstage-community-plugin-rbac.yaml,
OK,2,low,2,rbac,backstage-community-plugin-rbac,generally-available,@types/react-dom,^18,npm,devDependencies,overlays,test-only,2026-08-23,FALSE,workspaces/rbac/metadata/backstage-community-plugin-rbac.yaml,
OK,2,low,2,rbac,backstage-community-plugin-rbac,generally-available,formik,^2.4.5,npm,dependencies,overlays,runtime-prod,2025-11-10,FALSE,workspaces/rbac/metadata/backstage-community-plugin-rbac.yaml,
OK,2,low,2,rbac,backstage-community-plugin-rbac,generally-available,msw,1.3.5,npm,devDependencies,overlays,build,2026-07-08,FALSE,workspaces/rbac/metadata/backstage-community-plugin-rbac.yaml,
OK,2,low,2,rbac,backstage-community-plugin-rbac,generally-available,react,^16.13.1 || ^17.0.0 || ^18.0.0,npm,peerDependencies,overlays,runtime-prod,2026-07-21,FALSE,workspaces/rbac/metadata/backstage-community-plugin-rbac.yaml,
OK,2,low,2,rbac,backstage-community-plugin-rbac,generally-available,react,^18.3.1,npm,devDependencies,overlays,build,2026-07-21,FALSE,workspaces/rbac/metadata/backstage-community-plugin-rbac.yaml,
OK,2,low,2,rbac,backstage-community-plugin-rbac,generally-available,react-dom,^16.13.1 || ^17.0.0 || ^18.0.0,npm,peerDependencies,overlays,runtime-prod,2026-07-21,FALSE,workspaces/rbac/metadata/backstage-community-plugin-rbac.yaml,
OK,2,low,2,rbac,backstage-community-plugin-rbac,generally-available,react-dom,^18.3.1,npm,devDependencies,overlays,build,2026-07-21,FALSE,workspaces/rbac/metadata/backstage-community-plugin-rbac.yaml,
OK,2,low,2,rbac,backstage-community-plugin-rbac,generally-available,react-router-dom,^6.0.0,npm,devDependencies,overlays,build,2026-07-28,FALSE,workspaces/rbac/metadata/backstage-community-plugin-rbac.yaml,
OK,2,low,2,rbac,backstage-community-plugin-rbac,generally-available,react-router-dom,^6.0.0,npm,peerDependencies,overlays,runtime-prod,2026-07-28,FALSE,workspaces/rbac/metadata/backstage-community-plugin-rbac.yaml,
OK,2,low,2,rbac,backstage-community-plugin-rbac,generally-available,react-use,^17.4.0,npm,dependencies,overlays,runtime-prod,2026-06-10,FALSE,workspaces/rbac/metadata/backstage-community-plugin-rbac.yaml,
OK,2,low,2,rbac,backstage-community-plugin-rbac,generally-available,start-server-and-test,3.0.11,npm,devDependencies,overlays,build,2026-08-01,FALSE,workspaces/rbac/metadata/backstage-community-plugin-rbac.yaml,
OK,2,low,2,rbac,backstage-community-plugin-rbac,generally-available,yup,^1.3.2,npm,dependencies,overlays,runtime-prod,2025-09-21,FALSE,workspaces/rbac/metadata/backstage-community-plugin-rbac.yaml,
OK,2,low,2,rhdh-core,app,,@backstage-community/plugin-rbac-common,1.26.1,npm,dependencies,root-workspace,runtime-prod,2026-08-07,FALSE,packages/app/package.json,
OK,2,low,2,rhdh-core,app,,@backstage/app-defaults,1.7.9,npm,dependencies,root-workspace,runtime-prod,2026-08-18,FALSE,packages/app/package.json,
OK,2,low,2,rhdh-core,app,,@backstage/catalog-model,1.9.0,npm,dependencies,root-workspace,runtime-prod,2026-08-18,FALSE,packages/app/package.json,
OK,2,low,2,rhdh-core,app,,@backstage/cli,0.36.3,npm,devDependencies,root-workspace,build,2026-08-18,FALSE,packages/app/package.json,
OK,2,low,2,rhdh-core,app,,@backstage/cli-defaults,0.1.3,npm,devDependencies,root-workspace,build,2026-08-18,FALSE,packages/app/package.json,
OK,2,low,2,rhdh-core,app,,@backstage/config,1.3.8,npm,dependencies,root-workspace,runtime-prod,2026-05-19,FALSE,packages/app/package.json,
OK,2,low,2,rhdh-core,app,,@backstage/core-app-api,1.20.2,npm,dependencies,root-workspace,runtime-prod,2026-08-18,FALSE,packages/app/package.json,
OK,2,low,2,rhdh-core,app,,@backstage/core-components,0.18.11,npm,dependencies,root-workspace,runtime-prod,2026-08-18,FALSE,packages/app/package.json,
OK,2,low,2,rhdh-core,app,,@backstage/core-plugin-api,1.12.7,npm,dependencies,root-workspace,runtime-prod,2026-08-18,FALSE,packages/app/package.json,
OK,2,low,2,rhdh-core,app,,@backstage/frontend-test-utils,0.6.1,npm,devDependencies,root-workspace,test-only,2026-08-18,FALSE,packages/app/package.json,
OK,2,low,2,rhdh-core,app,,@backstage/integration-react,1.2.19,npm,dependencies,root-workspace,runtime-prod,2026-08-18,FALSE,packages/app/package.json,
OK,2,low,2,rhdh-core,app,,@backstage/plugin-api-docs,0.14.2,npm,dependencies,root-workspace,runtime-prod,2026-08-18,FALSE,packages/app/package.json,
OK,2,low,2,rhdh-core,app,,@backstage/plugin-catalog,2.0.6,npm,dependencies,root-workspace,runtime-prod,2026-08-18,FALSE,packages/app/package.json,
OK,2,low,2,rhdh-core,app,,@backstage/plugin-catalog-common,1.1.10,npm,dependencies,root-workspace,runtime-prod,2026-05-19,FALSE,packages/app/package.json,
OK,2,low,2,rhdh-core,app,,@backstage/plugin-catalog-graph,0.6.5,npm,dependencies,root-workspace,runtime-prod,2026-08-18,FALSE,packages/app/package.json,
OK,2,low,2,rhdh-core,app,,@backstage/plugin-catalog-import,0.13.14,npm,dependencies,root-workspace,runtime-prod,2026-08-25,FALSE,packages/app/package.json,
OK,2,low,2,rhdh-core,app,,@backstage/plugin-catalog-react,3.1.0,npm,dependencies,root-workspace,runtime-prod,2026-08-25,FALSE,packages/app/package.json,
OK,2,low,2,rhdh-core,app,,@backstage/plugin-org,0.7.5,npm,dependencies,root-workspace,runtime-prod,2026-08-25,FALSE,packages/app/package.json,
OK,2,low,2,rhdh-core,app,,@backstage/plugin-permission-react,0.5.2,npm,dependencies,root-workspace,runtime-prod,2026-08-18,FALSE,packages/app/package.json,
OK,2,low,2,rhdh-core,app,,@backstage/plugin-scaffolder,1.38.0,npm,dependencies,root-workspace,runtime-prod,2026-08-18,FALSE,packages/app/package.json,
OK,2,low,2,rhdh-core,app,,@backstage/plugin-scaffolder-react,2.0.1,npm,dependencies,root-workspace,runtime-prod,2026-08-18,FALSE,packages/app/package.json,
OK,2,low,2,rhdh-core,app,,@backstage/plugin-search,1.7.5,npm,dependencies,root-workspace,runtime-prod,2026-08-18,FALSE,packages/app/package.json,
OK,2,low,2,rhdh-core,app,,@backstage/plugin-search-react,1.11.5,npm,dependencies,root-workspace,runtime-prod,2026-08-18,FALSE,packages/app/package.json,
OK,2,low,2,rhdh-core,app,,@backstage/plugin-user-settings,0.9.4,npm,dependencies,root-workspace,runtime-prod,2026-08-18,FALSE,packages/app/package.json,
OK,2,low,2,rhdh-core,app,,@backstage/test-utils,1.7.19,npm,devDependencies,root-workspace,test-only,2026-08-18,FALSE,packages/app/package.json,
OK,2,low,2,rhdh-core,app,,@backstage/theme,0.7.3,npm,dependencies,root-workspace,runtime-prod,2026-04-14,FALSE,packages/app/package.json,
OK,2,low,2,rhdh-core,app,,@backstage/ui,0.16.0,npm,dependencies,root-workspace,runtime-prod,2026-08-18,FALSE,packages/app/package.json,
OK,2,low,2,rhdh-core,app,,@emotion/styled,11.14.1,npm,dependencies,root-workspace,runtime-prod,2025-06-26,FALSE,packages/app/package.json,
OK,2,low,2,rhdh-core,app,,@mui/icons-material,5.18.0,npm,dependencies,root-workspace,runtime-prod,2026-08-06,FALSE,packages/app/package.json,
OK,2,low,2,rhdh-core,app,,@mui/material,5.18.0,npm,dependencies,root-workspace,runtime-prod,2026-08-06,FALSE,packages/app/package.json,
OK,2,low,2,rhdh-core,app,,@mui/styled-engine,5.18.0,npm,dependencies,root-workspace,runtime-prod,2026-08-05,FALSE,packages/app/package.json,
OK,2,low,2,rhdh-core,app,,@red-hat-developer-hub/backstage-plugin-theme,0.14.7,npm,dependencies,root-workspace,runtime-prod,2026-08-04,FALSE,packages/app/package.json,
OK,2,low,2,rhdh-core,app,,@red-hat-developer-hub/backstage-plugin-translations,0.3.1,npm,dependencies,root-workspace,runtime-prod,2026-07-21,FALSE,packages/app/package.json,
OK,2,low,2,rhdh-core,app,,@scalprum/core,0.10.1,npm,dependencies,root-workspace,runtime-prod,2026-08-05,FALSE,packages/app/package.json,
OK,2,low,2,rhdh-core,app,,@scalprum/react-core,0.13.1,npm,dependencies,root-workspace,runtime-prod,2026-08-05,FALSE,packages/app/package.json,
OK,2,low,2,rhdh-core,app,,@scalprum/react-test-utils,0.3.0,npm,devDependencies,root-workspace,test-only,2026-08-05,FALSE,packages/app/package.json,
OK,2,low,2,rhdh-core,app,,@testing-library/dom,9.3.4,npm,devDependencies,root-workspace,test-only,2025-07-27,FALSE,packages/app/package.json,
OK,2,low,2,rhdh-core,app,,@testing-library/jest-dom,6.9.1,npm,devDependencies,root-workspace,test-only,2026-08-09,FALSE,packages/app/package.json,
OK,2,low,2,rhdh-core,app,,@testing-library/react,14.3.1,npm,devDependencies,root-workspace,test-only,2026-01-19,FALSE,packages/app/package.json,
OK,2,low,2,rhdh-core,app,,@testing-library/user-event,14.6.4,npm,devDependencies,root-workspace,test-only,2026-08-22,FALSE,packages/app/package.json,
OK,2,low,2,rhdh-core,app,,@types/node,24.13.3,npm,devDependencies,root-workspace,test-only,2026-08-24,FALSE,packages/app/package.json,
OK,2,low,2,rhdh-core,app,,@types/react,18.3.31,npm,devDependencies,root-workspace,test-only,2026-07-30,FALSE,packages/app/package.json,
OK,2,low,2,rhdh-core,app,,@types/react-dom,18.3.7,npm,devDependencies,root-workspace,test-only,2026-08-23,FALSE,packages/app/package.json,
OK,2,low,2,rhdh-core,app,,eslint-plugin-unused-imports,4.4.1,npm,devDependencies,root-workspace,build,2026-02-09,FALSE,packages/app/package.json,
OK,2,low,2,rhdh-core,app,,lodash,4.18.1,npm,dependencies,root-workspace,runtime-prod,2026-04-01,FALSE,packages/app/package.json,
OK,2,low,2,rhdh-core,app,,prettier,3.8.4,npm,devDependencies,root-workspace,build,2026-07-21,FALSE,packages/app/package.json,
OK,2,low,2,rhdh-core,app,,react,18.3.1,npm,dependencies,root-workspace,runtime-prod,2026-07-21,FALSE,packages/app/package.json,
OK,2,low,2,rhdh-core,app,,react-dom,18.3.1,npm,dependencies,root-workspace,runtime-prod,2026-07-21,FALSE,packages/app/package.json,
OK,2,low,2,rhdh-core,app,,react-router-dom,6.30.4,npm,dependencies,root-workspace,runtime-prod,2026-07-28,FALSE,packages/app/package.json,
OK,2,low,2,rhdh-core,app,,react-use,17.6.1,npm,dependencies,root-workspace,runtime-prod,2026-06-10,FALSE,packages/app/package.json,
OK,2,low,2,rhdh-core,app,,tss-react,4.9.21,npm,dependencies,root-workspace,runtime-prod,2026-05-12,FALSE,packages/app/package.json,
OK,2,low,2,rhdh-core,app,,typescript,5.9.3,npm,devDependencies,root-workspace,build,2026-07-08,FALSE,packages/app/package.json,
OK,2,low,2,rhdh-core,app-next,,@backstage/app-defaults,1.7.9,npm,dependencies,root-workspace,runtime-prod,2026-08-18,FALSE,packages/app-next/package.json,
OK,2,low,2,rhdh-core,app-next,,@backstage/catalog-model,1.9.0,npm,dependencies,root-workspace,runtime-prod,2026-08-18,FALSE,packages/app-next/package.json,
OK,2,low,2,rhdh-core,app-next,,@backstage/cli,0.36.3,npm,dependencies,root-workspace,runtime-prod,2026-08-18,FALSE,packages/app-next/package.json,
OK,2,low,2,rhdh-core,app-next,,@backstage/cli-defaults,0.1.3,npm,dependencies,root-workspace,runtime-prod,2026-08-18,FALSE,packages/app-next/package.json,
OK,2,low,2,rhdh-core,app-next,,@backstage/config,1.3.8,npm,dependencies,root-workspace,runtime-prod,2026-05-19,FALSE,packages/app-next/package.json,
OK,2,low,2,rhdh-core,app-next,,@backstage/core-app-api,1.20.2,npm,dependencies,root-workspace,runtime-prod,2026-08-18,FALSE,packages/app-next/package.json,
OK,2,low,2,rhdh-core,app-next,,@backstage/core-compat-api,0.5.12,npm,dependencies,root-workspace,runtime-prod,2026-08-18,FALSE,packages/app-next/package.json,
OK,2,low,2,rhdh-core,app-next,,@backstage/core-components,0.18.11,npm,dependencies,root-workspace,runtime-prod,2026-08-18,FALSE,packages/app-next/package.json,
OK,2,low,2,rhdh-core,app-next,,@backstage/core-plugin-api,1.12.7,npm,dependencies,root-workspace,runtime-prod,2026-08-18,FALSE,packages/app-next/package.json,
OK,2,low,2,rhdh-core,app-next,,@backstage/frontend-app-api,0.16.4,npm,dependencies,root-workspace,runtime-prod,2026-08-18,FALSE,packages/app-next/package.json,
OK,2,low,2,rhdh-core,app-next,,@backstage/frontend-defaults,0.5.3,npm,dependencies,root-workspace,runtime-prod,2026-08-18,FALSE,packages/app-next/package.json,
OK,2,low,2,rhdh-core,app-next,,@backstage/frontend-dynamic-feature-loader,0.1.13,npm,dependencies,root-workspace,runtime-prod,2026-08-18,FALSE,packages/app-next/package.json,
OK,2,low,2,rhdh-core,app-next,,@backstage/frontend-plugin-api,0.17.2,npm,dependencies,root-workspace,runtime-prod,2026-08-18,FALSE,packages/app-next/package.json,
OK,2,low,2,rhdh-core,app-next,,@backstage/integration-react,1.2.19,npm,dependencies,root-workspace,runtime-prod,2026-08-18,FALSE,packages/app-next/package.json,
OK,2,low,2,rhdh-core,app-next,,@backstage/plugin-app,0.5.0,npm,dependencies,root-workspace,runtime-prod,2026-08-18,FALSE,packages/app-next/package.json,
OK,2,low,2,rhdh-core,app-next,,@backstage/plugin-auth-react,0.1.28,npm,dependencies,root-workspace,runtime-prod,2026-08-18,FALSE,packages/app-next/package.json,
OK,2,low,2,rhdh-core,app-next,,@backstage/plugin-catalog,2.0.6,npm,dependencies,root-workspace,runtime-prod,2026-08-18,FALSE,packages/app-next/package.json,
OK,2,low,2,rhdh-core,app-next,,@backstage/plugin-catalog-common,1.1.10,npm,dependencies,root-workspace,runtime-prod,2026-05-19,FALSE,packages/app-next/package.json,
OK,2,low,2,rhdh-core,app-next,,@backstage/plugin-catalog-graph,0.6.5,npm,dependencies,root-workspace,runtime-prod,2026-08-18,FALSE,packages/app-next/package.json,
OK,2,low,2,rhdh-core,app-next,,@backstage/plugin-catalog-import,0.13.14,npm,dependencies,root-workspace,runtime-prod,2026-08-25,FALSE,packages/app-next/package.json,
OK,2,low,2,rhdh-core,app-next,,@backstage/plugin-catalog-react,3.1.0,npm,dependencies,root-workspace,runtime-prod,2026-08-25,FALSE,packages/app-next/package.json,
OK,2,low,2,rhdh-core,app-next,,@backstage/plugin-catalog-unprocessed-entities,0.2.32,npm,dependencies,root-workspace,runtime-prod,2026-08-18,FALSE,packages/app-next/package.json,
OK,2,low,2,rhdh-core,app-next,,@backstage/plugin-permission-react,0.5.2,npm,dependencies,root-workspace,runtime-prod,2026-08-18,FALSE,packages/app-next/package.json,
OK,2,low,2,rhdh-core,app-next,,@backstage/plugin-scaffolder,1.38.0,npm,dependencies,root-workspace,runtime-prod,2026-08-18,FALSE,packages/app-next/package.json,
OK,2,low,2,rhdh-core,app-next,,@backstage/plugin-scaffolder-react,2.0.1,npm,dependencies,root-workspace,runtime-prod,2026-08-18,FALSE,packages/app-next/package.json,
OK,2,low,2,rhdh-core,app-next,,@backstage/plugin-search,1.7.5,npm,dependencies,root-workspace,runtime-prod,2026-08-18,FALSE,packages/app-next/package.json,
OK,2,low,2,rhdh-core,app-next,,@backstage/plugin-search-common,1.2.24,npm,dependencies,root-workspace,runtime-prod,2026-05-19,FALSE,packages/app-next/package.json,
OK,2,low,2,rhdh-core,app-next,,@backstage/plugin-search-react,1.11.5,npm,dependencies,root-workspace,runtime-prod,2026-08-18,FALSE,packages/app-next/package.json,
OK,2,low,2,rhdh-core,app-next,,@backstage/plugin-user-settings,0.9.4,npm,dependencies,root-workspace,runtime-prod,2026-08-18,FALSE,packages/app-next/package.json,
OK,2,low,2,rhdh-core,app-next,,@backstage/test-utils,1.7.19,npm,devDependencies,root-workspace,test-only,2026-08-18,FALSE,packages/app-next/package.json,
OK,2,low,2,rhdh-core,app-next,,@backstage/theme,0.7.3,npm,dependencies,root-workspace,runtime-prod,2026-04-14,FALSE,packages/app-next/package.json,
OK,2,low,2,rhdh-core,app-next,,@backstage/ui,0.16.0,npm,dependencies,root-workspace,runtime-prod,2026-08-18,FALSE,packages/app-next/package.json,
OK,2,low,2,rhdh-core,app-next,,@octokit/rest,19.0.13,npm,dependencies,root-workspace,runtime-prod,2025-10-31,FALSE,packages/app-next/package.json,
OK,2,low,2,rhdh-core,app-next,,@testing-library/dom,9.3.4,npm,devDependencies,root-workspace,test-only,2025-07-27,FALSE,packages/app-next/package.json,
OK,2,low,2,rhdh-core,app-next,,@testing-library/jest-dom,6.9.1,npm,devDependencies,root-workspace,test-only,2026-08-09,FALSE,packages/app-next/package.json,
OK,2,low,2,rhdh-core,app-next,,@testing-library/react,14.3.1,npm,devDependencies,root-workspace,test-only,2026-01-19,FALSE,packages/app-next/package.json,
OK,2,low,2,rhdh-core,app-next,,@testing-library/user-event,14.6.4,npm,devDependencies,root-workspace,test-only,2026-08-22,FALSE,packages/app-next/package.json,
OK,2,low,2,rhdh-core,app-next,,@types/jquery,3.5.34,npm,devDependencies,root-workspace,test-only,2026-06-05,FALSE,packages/app-next/package.json,
OK,2,low,2,rhdh-core,app-next,,@types/react,18.3.31,npm,devDependencies,root-workspace,test-only,2026-07-30,FALSE,packages/app-next/package.json,
OK,2,low,2,rhdh-core,app-next,,@types/react-dom,18.3.7,npm,devDependencies,root-workspace,test-only,2026-08-23,FALSE,packages/app-next/package.json,
OK,2,low,2,rhdh-core,app-next,,cross-env,7.0.3,npm,devDependencies,root-workspace,build,2025-09-29,FALSE,packages/app-next/package.json,
OK,2,low,2,rhdh-core,app-next,,react,18.3.1,npm,dependencies,root-workspace,runtime-prod,2026-07-21,FALSE,packages/app-next/package.json,
OK,2,low,2,rhdh-core,app-next,,react-dom,18.3.1,npm,dependencies,root-workspace,runtime-prod,2026-07-21,FALSE,packages/app-next/package.json,
OK,2,low,2,rhdh-core,app-next,,react-router,6.30.4,npm,dependencies,root-workspace,runtime-prod,2026-07-22,FALSE,packages/app-next/package.json,
OK,2,low,2,rhdh-core,app-next,,react-router-dom,6.30.4,npm,dependencies,root-workspace,runtime-prod,2026-07-28,FALSE,packages/app-next/package.json,
OK,2,low,2,rhdh-core,app-next,,react-use,17.6.1,npm,dependencies,root-workspace,runtime-prod,2026-06-10,FALSE,packages/app-next/package.json,
OK,2,low,2,rhdh-core,backend,,@backstage-community/plugin-rbac-backend,7.12.5,npm,dependencies,root-workspace,runtime-prod,2026-08-14,FALSE,packages/backend/package.json,
OK,2,low,2,rhdh-core,backend,,@backstage-community/plugin-rbac-node,1.20.1,npm,dependencies,root-workspace,runtime-prod,2026-08-07,FALSE,packages/backend/package.json,
OK,2,low,2,rhdh-core,backend,,@backstage-community/plugin-scaffolder-backend-module-annotator,2.16.1,npm,dependencies,root-workspace,runtime-prod,2026-07-14,FALSE,packages/backend/package.json,
OK,2,low,2,rhdh-core,backend,,@backstage/backend-app-api,1.7.1,npm,dependencies,root-workspace,runtime-prod,2026-08-18,FALSE,packages/backend/package.json,
OK,2,low,2,rhdh-core,backend,,@backstage/backend-defaults,0.17.3,npm,dependencies,root-workspace,runtime-prod,2026-08-18,FALSE,packages/backend/package.json,
OK,2,low,2,rhdh-core,backend,,@backstage/backend-dynamic-feature-service,0.8.3,npm,dependencies,root-workspace,runtime-prod,2026-08-18,FALSE,packages/backend/package.json,
OK,2,low,2,rhdh-core,backend,,@backstage/backend-plugin-api,1.9.2,npm,dependencies,root-workspace,runtime-prod,2026-08-18,FALSE,packages/backend/package.json,
OK,2,low,2,rhdh-core,backend,,@backstage/backend-test-utils,1.11.4,npm,devDependencies,root-workspace,test-only,2026-08-18,FALSE,packages/backend/package.json,
OK,2,low,2,rhdh-core,backend,,@backstage/catalog-client,1.16.0,npm,dependencies,root-workspace,runtime-prod,2026-07-14,FALSE,packages/backend/package.json,
OK,2,low,2,rhdh-core,backend,,@backstage/catalog-model,1.9.0,npm,dependencies,root-workspace,runtime-prod,2026-08-18,FALSE,packages/backend/package.json,
OK,2,low,2,rhdh-core,backend,,@backstage/cli,0.36.3,npm,devDependencies,root-workspace,build,2026-08-18,FALSE,packages/backend/package.json,
OK,2,low,2,rhdh-core,backend,,@backstage/cli-defaults,0.1.3,npm,devDependencies,root-workspace,build,2026-08-18,FALSE,packages/backend/package.json,
OK,2,low,2,rhdh-core,backend,,@backstage/cli-node,0.3.3,npm,dependencies,root-workspace,runtime-prod,2026-07-14,FALSE,packages/backend/package.json,
OK,2,low,2,rhdh-core,backend,,@backstage/config,1.3.8,npm,dependencies,root-workspace,runtime-prod,2026-05-19,FALSE,packages/backend/package.json,
OK,2,low,2,rhdh-core,backend,,@backstage/plugin-app-backend,0.5.15,npm,dependencies,root-workspace,runtime-prod,2026-08-18,FALSE,packages/backend/package.json,
OK,2,low,2,rhdh-core,backend,,@backstage/plugin-auth-backend,0.29.1,npm,dependencies,root-workspace,runtime-prod,2026-08-18,FALSE,packages/backend/package.json,
OK,2,low,2,rhdh-core,backend,,@backstage/plugin-auth-backend-module-atlassian-provider,0.4.16,npm,dependencies,root-workspace,runtime-prod,2026-08-18,FALSE,packages/backend/package.json,
OK,2,low,2,rhdh-core,backend,,@backstage/plugin-auth-backend-module-auth0-provider,0.4.2,npm,dependencies,root-workspace,runtime-prod,2026-08-18,FALSE,packages/backend/package.json,
OK,2,low,2,rhdh-core,backend,,@backstage/plugin-auth-backend-module-azure-easyauth-provider,0.2.21,npm,dependencies,root-workspace,runtime-prod,2026-08-18,FALSE,packages/backend/package.json,
OK,2,low,2,rhdh-core,backend,,@backstage/plugin-auth-backend-module-bitbucket-provider,0.3.16,npm,dependencies,root-workspace,runtime-prod,2026-08-18,FALSE,packages/backend/package.json,
OK,2,low,2,rhdh-core,backend,,@backstage/plugin-auth-backend-module-bitbucket-server-provider,0.2.16,npm,dependencies,root-workspace,runtime-prod,2026-08-18,FALSE,packages/backend/package.json,
OK,2,low,2,rhdh-core,backend,,@backstage/plugin-auth-backend-module-cloudflare-access-provider,0.4.16,npm,dependencies,root-workspace,runtime-prod,2026-08-18,FALSE,packages/backend/package.json,
OK,2,low,2,rhdh-core,backend,,@backstage/plugin-auth-backend-module-gcp-iap-provider,0.4.16,npm,dependencies,root-workspace,runtime-prod,2026-08-18,FALSE,packages/backend/package.json,
OK,2,low,2,rhdh-core,backend,,@backstage/plugin-auth-backend-module-github-provider,0.5.4,npm,dependencies,root-workspace,runtime-prod,2026-08-18,FALSE,packages/backend/package.json,
OK,2,low,2,rhdh-core,backend,,@backstage/plugin-auth-backend-module-gitlab-provider,0.4.4,npm,dependencies,root-workspace,runtime-prod,2026-08-18,FALSE,packages/backend/package.json,
OK,2,low,2,rhdh-core,backend,,@backstage/plugin-auth-backend-module-google-provider,0.3.16,npm,dependencies,root-workspace,runtime-prod,2026-08-18,FALSE,packages/backend/package.json,
OK,2,low,2,rhdh-core,backend,,@backstage/plugin-auth-backend-module-guest-provider,0.2.20,npm,dependencies,root-workspace,runtime-prod,2026-08-18,FALSE,packages/backend/package.json,
OK,2,low,2,rhdh-core,backend,,@backstage/plugin-auth-backend-module-microsoft-provider,0.3.16,npm,dependencies,root-workspace,runtime-prod,2026-08-18,FALSE,packages/backend/package.json,
OK,2,low,2,rhdh-core,backend,,@backstage/plugin-auth-backend-module-oauth2-proxy-provider,0.3.0,npm,dependencies,root-workspace,runtime-prod,2026-08-18,FALSE,packages/backend/package.json,
OK,2,low,2,rhdh-core,backend,,@backstage/plugin-auth-backend-module-oidc-provider,0.4.17,npm,dependencies,root-workspace,runtime-prod,2026-08-18,FALSE,packages/backend/package.json,
OK,2,low,2,rhdh-core,backend,,@backstage/plugin-auth-backend-module-okta-provider,0.2.16,npm,dependencies,root-workspace,runtime-prod,2026-08-18,FALSE,packages/backend/package.json,
OK,2,low,2,rhdh-core,backend,,@backstage/plugin-auth-backend-module-onelogin-provider,0.3.16,npm,dependencies,root-workspace,runtime-prod,2026-08-18,FALSE,packages/backend/package.json,
OK,2,low,2,rhdh-core,backend,,@backstage/plugin-auth-node,0.7.2,npm,dependencies,root-workspace,runtime-prod,2026-08-18,FALSE,packages/backend/package.json,
OK,2,low,2,rhdh-core,backend,,@backstage/plugin-catalog-backend,3.8.0,npm,dependencies,root-workspace,runtime-prod,2026-08-18,FALSE,packages/backend/package.json,
OK,2,low,2,rhdh-core,backend,,@backstage/plugin-catalog-backend-module-logs,0.1.23,npm,dependencies,root-workspace,runtime-prod,2026-08-18,FALSE,packages/backend/package.json,
OK,2,low,2,rhdh-core,backend,,@backstage/plugin-catalog-backend-module-openapi,0.2.23,npm,dependencies,root-workspace,runtime-prod,2026-08-18,FALSE,packages/backend/package.json,
OK,2,low,2,rhdh-core,backend,,@backstage/plugin-catalog-backend-module-scaffolder-entity-model,0.2.21,npm,dependencies,root-workspace,runtime-prod,2026-08-18,FALSE,packages/backend/package.json,
OK,2,low,2,rhdh-core,backend,,@backstage/plugin-catalog-node,2.2.2,npm,devDependencies,root-workspace,build,2026-08-18,FALSE,packages/backend/package.json,
OK,2,low,2,rhdh-core,backend,,@backstage/plugin-events-backend,0.6.3,npm,dependencies,root-workspace,runtime-prod,2026-08-18,FALSE,packages/backend/package.json,
OK,2,low,2,rhdh-core,backend,,@backstage/plugin-events-node,0.4.23,npm,dependencies,root-workspace,runtime-prod,2026-08-18,FALSE,packages/backend/package.json,
OK,2,low,2,rhdh-core,backend,,@backstage/plugin-permission-backend,0.7.13,npm,dependencies,root-workspace,runtime-prod,2026-08-18,FALSE,packages/backend/package.json,
OK,2,low,2,rhdh-core,backend,,@backstage/plugin-proxy-backend,0.6.14,npm,dependencies,root-workspace,runtime-prod,2026-08-18,FALSE,packages/backend/package.json,
OK,2,low,2,rhdh-core,backend,,@backstage/plugin-scaffolder-backend,4.0.1,npm,dependencies,root-workspace,runtime-prod,2026-08-24,FALSE,packages/backend/package.json,
OK,2,low,2,rhdh-core,backend,,@backstage/plugin-search-backend,2.1.3,npm,dependencies,root-workspace,runtime-prod,2026-08-20,FALSE,packages/backend/package.json,
OK,2,low,2,rhdh-core,backend,,@backstage/plugin-search-backend-module-catalog,0.3.16,npm,dependencies,root-workspace,runtime-prod,2026-08-18,FALSE,packages/backend/package.json,
OK,2,low,2,rhdh-core,backend,,@backstage/plugin-search-backend-module-pg,0.5.56,npm,dependencies,root-workspace,runtime-prod,2026-08-18,FALSE,packages/backend/package.json,
OK,2,low,2,rhdh-core,backend,,@backstage/plugin-user-settings-backend,0.4.4,npm,dependencies,root-workspace,runtime-prod,2026-08-18,FALSE,packages/backend/package.json,
OK,2,low,2,rhdh-core,backend,,@opentelemetry/api,1.9.1,npm,dependencies,root-workspace,runtime-prod,2026-03-25,FALSE,packages/backend/package.json,
OK,2,low,2,rhdh-core,backend,,@opentelemetry/auto-instrumentations-node,0.78.0,npm,dependencies,root-workspace,runtime-prod,2026-07-23,FALSE,packages/backend/package.json,
OK,2,low,2,rhdh-core,backend,,@opentelemetry/core,2.8.0,npm,dependencies,root-workspace,runtime-prod,2026-07-21,FALSE,packages/backend/package.json,
OK,2,low,2,rhdh-core,backend,,@opentelemetry/exporter-prometheus,0.218.0,npm,dependencies,root-workspace,runtime-prod,2026-07-21,FALSE,packages/backend/package.json,
OK,2,low,2,rhdh-core,backend,,@opentelemetry/host-metrics,0.38.3,npm,dependencies,root-workspace,runtime-prod,2026-06-11,FALSE,packages/backend/package.json,
OK,2,low,2,rhdh-core,backend,,@opentelemetry/instrumentation-runtime-node,0.30.0,npm,dependencies,root-workspace,runtime-prod,2026-07-23,FALSE,packages/backend/package.json,
OK,2,low,2,rhdh-core,backend,,@opentelemetry/sdk-node,0.220.0,npm,dependencies,root-workspace,runtime-prod,2026-07-21,FALSE,packages/backend/package.json,
OK,2,low,2,rhdh-core,backend,,@red-hat-developer-hub/backstage-plugin-translations-backend,0.3.1,npm,dependencies,root-workspace,runtime-prod,2026-07-21,FALSE,packages/backend/package.json,
OK,2,low,2,rhdh-core,backend,,@red-hat-developer-hub/cli-module-install-dynamic-plugins,0.4.1,npm,dependencies,root-workspace,runtime-prod,2026-08-20,FALSE,packages/backend/package.json,
OK,2,low,2,rhdh-core,backend,,@types/express,4.17.25,npm,devDependencies,root-workspace,test-only,2025-12-01,FALSE,packages/backend/package.json,
OK,2,low,2,rhdh-core,backend,,better-sqlite3,12.11.1,npm,dependencies,root-workspace,runtime-prod,2026-08-05,FALSE,packages/backend/package.json,
OK,2,low,2,rhdh-core,backend,,global-agent,3.0.0,npm,dependencies,root-workspace,runtime-prod,2026-03-11,FALSE,packages/backend/package.json,
OK,2,low,2,rhdh-core,backend,,jose,5.10.0,npm,dependencies,root-workspace,runtime-prod,2026-08-21,FALSE,packages/backend/package.json,
OK,2,low,2,rhdh-core,backend,,mongodb,7.5.0,npm,dependencies,root-workspace,runtime-prod,2026-08-24,FALSE,packages/backend/package.json,
OK,2,low,2,rhdh-core,backend,,prettier,3.8.4,npm,devDependencies,root-workspace,build,2026-07-21,FALSE,packages/backend/package.json,
OK,2,low,2,rhdh-core,backend,,typescript,5.9.3,npm,devDependencies,root-workspace,build,2026-07-08,FALSE,packages/backend/package.json,
OK,2,low,2,rhdh-core,backend,,undici,7.29.0,npm,dependencies,root-workspace,runtime-prod,2026-08-03,FALSE,packages/backend/package.json,
OK,2,low,2,rhdh-core,backend,,winston,3.14.2,npm,dependencies,root-workspace,runtime-prod,2025-12-07,FALSE,packages/backend/package.json,
OK,2,low,2,rhdh-core,backend,,zod,3.25.76,npm,dependencies,root-workspace,runtime-prod,2026-05-04,FALSE,packages/backend/package.json,
OK,2,low,2,rhdh-core,dynamic-plugins-info-backend,,@backstage/backend-defaults,0.17.3,npm,dependencies,root-workspace,runtime-prod,2026-08-18,FALSE,plugins/dynamic-plugins-info-backend/package.json,
OK,2,low,2,rhdh-core,dynamic-plugins-info-backend,,@backstage/backend-dynamic-feature-service,0.8.3,npm,dependencies,root-workspace,runtime-prod,2026-08-18,FALSE,plugins/dynamic-plugins-info-backend/package.json,
OK,2,low,2,rhdh-core,dynamic-plugins-info-backend,,@backstage/backend-plugin-api,1.9.2,npm,dependencies,root-workspace,runtime-prod,2026-08-18,FALSE,plugins/dynamic-plugins-info-backend/package.json,
OK,2,low,2,rhdh-core,dynamic-plugins-info-backend,,@backstage/backend-test-utils,1.11.4,npm,devDependencies,root-workspace,test-only,2026-08-18,FALSE,plugins/dynamic-plugins-info-backend/package.json,
OK,2,low,2,rhdh-core,dynamic-plugins-info-backend,,@backstage/cli,0.36.3,npm,devDependencies,root-workspace,build,2026-08-18,FALSE,plugins/dynamic-plugins-info-backend/package.json,
OK,2,low,2,rhdh-core,dynamic-plugins-info-backend,,@backstage/cli-defaults,0.1.3,npm,devDependencies,root-workspace,build,2026-08-18,FALSE,plugins/dynamic-plugins-info-backend/package.json,
OK,2,low,2,rhdh-core,dynamic-plugins-info-backend,,@backstage/config,1.3.8,npm,dependencies,root-workspace,runtime-prod,2026-05-19,FALSE,plugins/dynamic-plugins-info-backend/package.json,
OK,2,low,2,rhdh-core,dynamic-plugins-info-backend,,@types/express,4.17.25,npm,devDependencies,root-workspace,test-only,2025-12-01,FALSE,plugins/dynamic-plugins-info-backend/package.json,
OK,2,low,2,rhdh-core,dynamic-plugins-info-backend,,@types/supertest,6.0.3,npm,devDependencies,root-workspace,test-only,2026-07-14,FALSE,plugins/dynamic-plugins-info-backend/package.json,
OK,2,low,2,rhdh-core,dynamic-plugins-info-backend,,express,4.22.2,npm,dependencies,root-workspace,runtime-prod,2025-12-01,FALSE,plugins/dynamic-plugins-info-backend/package.json,
OK,2,low,2,rhdh-core,dynamic-plugins-info-backend,,msw,1.3.5,npm,devDependencies,root-workspace,build,2026-07-08,FALSE,plugins/dynamic-plugins-info-backend/package.json,
OK,2,low,2,rhdh-core,dynamic-plugins-info-backend,,prettier,3.8.4,npm,devDependencies,root-workspace,build,2026-07-21,FALSE,plugins/dynamic-plugins-info-backend/package.json,
OK,2,low,2,rhdh-core,dynamic-plugins-info-backend,,supertest,6.3.4,npm,devDependencies,root-workspace,build,2026-01-06,FALSE,plugins/dynamic-plugins-info-backend/package.json,
OK,2,low,2,rhdh-core,dynamic-plugins-info-backend,,typescript,5.9.3,npm,devDependencies,root-workspace,build,2026-07-08,FALSE,plugins/dynamic-plugins-info-backend/package.json,
OK,2,low,2,rhdh-core,dynamic-plugins-info-backend,,winston,3.14.2,npm,dependencies,root-workspace,runtime-prod,2025-12-07,FALSE,plugins/dynamic-plugins-info-backend/package.json,
OK,2,low,2,rhdh-core,licensed-users-info-backend,,@backstage-community/plugin-rbac-common,1.26.1,npm,dependencies,root-workspace,runtime-prod,2026-08-07,FALSE,plugins/licensed-users-info-backend/package.json,
OK,2,low,2,rhdh-core,licensed-users-info-backend,,@backstage/backend-defaults,0.17.3,npm,dependencies,root-workspace,runtime-prod,2026-08-18,FALSE,plugins/licensed-users-info-backend/package.json,
OK,2,low,2,rhdh-core,licensed-users-info-backend,,@backstage/backend-plugin-api,1.9.2,npm,dependencies,root-workspace,runtime-prod,2026-08-18,FALSE,plugins/licensed-users-info-backend/package.json,
OK,2,low,2,rhdh-core,licensed-users-info-backend,,@backstage/backend-test-utils,1.11.4,npm,devDependencies,root-workspace,test-only,2026-08-18,FALSE,plugins/licensed-users-info-backend/package.json,
OK,2,low,2,rhdh-core,licensed-users-info-backend,,@backstage/catalog-client,1.16.0,npm,dependencies,root-workspace,runtime-prod,2026-07-14,FALSE,plugins/licensed-users-info-backend/package.json,
OK,2,low,2,rhdh-core,licensed-users-info-backend,,@backstage/catalog-model,1.9.0,npm,dependencies,root-workspace,runtime-prod,2026-08-18,FALSE,plugins/licensed-users-info-backend/package.json,
OK,2,low,2,rhdh-core,licensed-users-info-backend,,@backstage/cli,0.36.3,npm,devDependencies,root-workspace,build,2026-08-18,FALSE,plugins/licensed-users-info-backend/package.json,
OK,2,low,2,rhdh-core,licensed-users-info-backend,,@backstage/cli-defaults,0.1.3,npm,devDependencies,root-workspace,build,2026-08-18,FALSE,plugins/licensed-users-info-backend/package.json,
OK,2,low,2,rhdh-core,licensed-users-info-backend,,@backstage/config,1.3.8,npm,dependencies,root-workspace,runtime-prod,2026-05-19,FALSE,plugins/licensed-users-info-backend/package.json,
OK,2,low,2,rhdh-core,licensed-users-info-backend,,@backstage/errors,1.3.1,npm,dependencies,root-workspace,runtime-prod,2026-05-19,FALSE,plugins/licensed-users-info-backend/package.json,
OK,2,low,2,rhdh-core,licensed-users-info-backend,,@backstage/plugin-auth-backend,0.29.1,npm,dependencies,root-workspace,runtime-prod,2026-08-18,FALSE,plugins/licensed-users-info-backend/package.json,
OK,2,low,2,rhdh-core,licensed-users-info-backend,,@backstage/plugin-auth-backend-module-guest-provider,0.2.20,npm,devDependencies,root-workspace,build,2026-08-18,FALSE,plugins/licensed-users-info-backend/package.json,
OK,2,low,2,rhdh-core,licensed-users-info-backend,,@backstage/plugin-permission-common,0.9.9,npm,dependencies,root-workspace,runtime-prod,2026-08-18,FALSE,plugins/licensed-users-info-backend/package.json,
OK,2,low,2,rhdh-core,licensed-users-info-backend,,@backstage/types,1.2.2,npm,dependencies,root-workspace,runtime-prod,2025-09-16,FALSE,plugins/licensed-users-info-backend/package.json,
OK,2,low,2,rhdh-core,licensed-users-info-backend,,@types/express,4.17.25,npm,devDependencies,root-workspace,test-only,2025-12-01,FALSE,plugins/licensed-users-info-backend/package.json,
OK,2,low,2,rhdh-core,licensed-users-info-backend,,@types/supertest,6.0.3,npm,devDependencies,root-workspace,test-only,2026-07-14,FALSE,plugins/licensed-users-info-backend/package.json,
OK,2,low,2,rhdh-core,licensed-users-info-backend,,express,4.22.2,npm,dependencies,root-workspace,runtime-prod,2025-12-01,FALSE,plugins/licensed-users-info-backend/package.json,
OK,2,low,2,rhdh-core,licensed-users-info-backend,,json-2-csv,5.5.11,npm,dependencies,root-workspace,runtime-prod,2026-08-26,FALSE,plugins/licensed-users-info-backend/package.json,
OK,2,low,2,rhdh-core,licensed-users-info-backend,,knex,3.3.0,npm,dependencies,root-workspace,runtime-prod,2026-06-26,FALSE,plugins/licensed-users-info-backend/package.json,
OK,2,low,2,rhdh-core,licensed-users-info-backend,,luxon,3.7.2,npm,dependencies,root-workspace,runtime-prod,2025-09-05,FALSE,plugins/licensed-users-info-backend/package.json,
OK,2,low,2,rhdh-core,licensed-users-info-backend,,msw,1.3.5,npm,devDependencies,root-workspace,build,2026-07-08,FALSE,plugins/licensed-users-info-backend/package.json,
OK,2,low,2,rhdh-core,licensed-users-info-backend,,prettier,3.8.4,npm,devDependencies,root-workspace,build,2026-07-21,FALSE,plugins/licensed-users-info-backend/package.json,
OK,2,low,2,rhdh-core,licensed-users-info-backend,,supertest,6.3.4,npm,devDependencies,root-workspace,build,2026-01-06,FALSE,plugins/licensed-users-info-backend/package.json,
OK,2,low,2,rhdh-core,licensed-users-info-backend,,typescript,5.9.3,npm,devDependencies,root-workspace,build,2026-07-08,FALSE,plugins/licensed-users-info-backend/package.json,
OK,2,low,2,rhdh-core,plugin-utils,,@backstage/catalog-model,1.9.0,npm,dependencies,root-workspace,runtime-prod,2026-08-18,FALSE,packages/plugin-utils/package.json,
OK,2,low,2,rhdh-core,plugin-utils,,@backstage/cli,0.36.3,npm,devDependencies,root-workspace,build,2026-08-18,FALSE,packages/plugin-utils/package.json,
OK,2,low,2,rhdh-core,plugin-utils,,@backstage/cli-defaults,0.1.3,npm,devDependencies,root-workspace,build,2026-08-18,FALSE,packages/plugin-utils/package.json,
OK,2,low,2,rhdh-core,plugin-utils,,@backstage/core-plugin-api,1.12.7,npm,dependencies,root-workspace,runtime-prod,2026-08-18,FALSE,packages/plugin-utils/package.json,
OK,2,low,2,rhdh-core,plugin-utils,,@backstage/test-utils,1.7.19,npm,devDependencies,root-workspace,test-only,2026-08-18,FALSE,packages/plugin-utils/package.json,
OK,2,low,2,rhdh-core,plugin-utils,,@testing-library/dom,9.3.4,npm,devDependencies,root-workspace,test-only,2025-07-27,FALSE,packages/plugin-utils/package.json,
OK,2,low,2,rhdh-core,plugin-utils,,@testing-library/jest-dom,6.9.1,npm,devDependencies,root-workspace,test-only,2026-08-09,FALSE,packages/plugin-utils/package.json,
OK,2,low,2,rhdh-core,plugin-utils,,@testing-library/react,14.3.1,npm,devDependencies,root-workspace,test-only,2026-01-19,FALSE,packages/plugin-utils/package.json,
OK,2,low,2,rhdh-core,plugin-utils,,@types/node,24.13.3,npm,devDependencies,root-workspace,test-only,2026-08-24,FALSE,packages/plugin-utils/package.json,
OK,2,low,2,rhdh-core,plugin-utils,,@types/react,18.3.31,npm,devDependencies,root-workspace,test-only,2026-07-30,FALSE,packages/plugin-utils/package.json,
OK,2,low,2,rhdh-core,plugin-utils,,@types/react-dom,18.3.7,npm,devDependencies,root-workspace,test-only,2026-08-23,FALSE,packages/plugin-utils/package.json,
OK,2,low,2,rhdh-core,plugin-utils,,prettier,3.8.4,npm,devDependencies,root-workspace,build,2026-07-21,FALSE,packages/plugin-utils/package.json,
OK,2,low,2,rhdh-core,plugin-utils,,react,16.13.1 || ^17.0.0 || ^18.2.0,npm,peerDependencies,root-workspace,runtime-prod,2026-07-21,FALSE,packages/plugin-utils/package.json,
OK,2,low,2,rhdh-core,plugin-utils,,react,18.3.1,npm,devDependencies,root-workspace,build,2026-07-21,FALSE,packages/plugin-utils/package.json,
OK,2,low,2,rhdh-core,plugin-utils,,typescript,5.9.3,npm,devDependencies,root-workspace,build,2026-07-08,FALSE,packages/plugin-utils/package.json,
OK,2,low,2,rhdh-core,root,,@backstage/cli,0.36.3,npm,devDependencies,root-workspace,build,2026-08-18,FALSE,package.json,
OK,2,low,2,rhdh-core,root,,@backstage/cli-defaults,0.1.3,npm,devDependencies,root-workspace,build,2026-08-18,FALSE,package.json,
OK,2,low,2,rhdh-core,root,,@backstage/frontend-test-utils,0.6.1,npm,devDependencies,root-workspace,test-only,2026-08-18,FALSE,package.json,
OK,2,low,2,rhdh-core,root,,@ianvs/prettier-plugin-sort-imports,4.7.1,npm,devDependencies,root-workspace,build,2026-02-04,FALSE,package.json,
OK,2,low,2,rhdh-core,root,,@jest/environment-jsdom-abstract,30.4.1,npm,devDependencies,root-workspace,test-only,2026-05-08,FALSE,package.json,
OK,2,low,2,rhdh-core,root,,@manypkg/cli,0.25.1,npm,devDependencies,root-workspace,build,2025-08-28,FALSE,package.json,
OK,2,low,2,rhdh-core,root,,@scalprum/core,0.9.3,npm,resolutions,root-workspace,runtime-prod,2026-08-05,FALSE,package.json,
OK,2,low,2,rhdh-core,root,,@scalprum/react-core,0.11.2,npm,resolutions,root-workspace,runtime-prod,2026-08-05,FALSE,package.json,
OK,2,low,2,rhdh-core,root,,@types/jest,30.0.0,npm,devDependencies,root-workspace,test-only,2025-06-16,FALSE,package.json,
OK,2,low,2,rhdh-core,root,,glob,11.1.0,npm,devDependencies,root-workspace,build,2026-02-19,FALSE,package.json,
OK,2,low,2,rhdh-core,root,,jest,30.4.2,npm,devDependencies,root-workspace,test-only,2026-05-09,FALSE,package.json,
OK,2,low,2,rhdh-core,root,,jsdom,27.4.0,npm,devDependencies,root-workspace,test-only,2026-07-29,FALSE,package.json,
OK,2,low,2,rhdh-core,root,,lint-staged,15.5.2,npm,devDependencies,root-workspace,build,2026-07-31,FALSE,package.json,
OK,2,low,2,rhdh-core,root,,node-gyp,10.3.1,npm,devDependencies,root-workspace,build,2026-08-26,FALSE,package.json,
OK,2,low,2,rhdh-core,root,,refractor@npm:3.6.0/prismjs,^1.30.0,npm,resolutions,root-workspace,runtime-prod,2025-03-10,FALSE,package.json,resolved as prismjs
OK,2,low,2,rhdh-core,root,,rulesync,7.30.0,npm,devDependencies,root-workspace,build,2026-08-25,FALSE,package.json,
OK,2,low,2,rhdh-core,root,,sherif,1.13.0,npm,devDependencies,root-workspace,build,2026-07-04,FALSE,package.json,
OK,2,low,2,rhdh-core,root,,turbo,2.10.4,npm,devDependencies,root-workspace,build,2026-08-25,FALSE,package.json,
OK,2,low,2,rhdh-core,scalprum-backend,,@backstage/backend-defaults,0.17.3,npm,dependencies,root-workspace,runtime-prod,2026-08-18,FALSE,plugins/scalprum-backend/package.json,
OK,2,low,2,rhdh-core,scalprum-backend,,@backstage/backend-dynamic-feature-service,0.8.3,npm,dependencies,root-workspace,runtime-prod,2026-08-18,FALSE,plugins/scalprum-backend/package.json,
OK,2,low,2,rhdh-core,scalprum-backend,,@backstage/backend-plugin-api,1.9.2,npm,dependencies,root-workspace,runtime-prod,2026-08-18,FALSE,plugins/scalprum-backend/package.json,
OK,2,low,2,rhdh-core,scalprum-backend,,@backstage/backend-test-utils,1.11.4,npm,devDependencies,root-workspace,test-only,2026-08-18,FALSE,plugins/scalprum-backend/package.json,
OK,2,low,2,rhdh-core,scalprum-backend,,@backstage/cli,0.36.3,npm,devDependencies,root-workspace,build,2026-08-18,FALSE,plugins/scalprum-backend/package.json,
OK,2,low,2,rhdh-core,scalprum-backend,,@backstage/cli-defaults,0.1.3,npm,devDependencies,root-workspace,build,2026-08-18,FALSE,plugins/scalprum-backend/package.json,
OK,2,low,2,rhdh-core,scalprum-backend,,@backstage/config,1.3.8,npm,dependencies,root-workspace,runtime-prod,2026-05-19,FALSE,plugins/scalprum-backend/package.json,
OK,2,low,2,rhdh-core,scalprum-backend,,@types/express,4.17.25,npm,devDependencies,root-workspace,test-only,2025-12-01,FALSE,plugins/scalprum-backend/package.json,
OK,2,low,2,rhdh-core,scalprum-backend,,@types/supertest,6.0.3,npm,devDependencies,root-workspace,test-only,2026-07-14,FALSE,plugins/scalprum-backend/package.json,
OK,2,low,2,rhdh-core,scalprum-backend,,express,4.22.2,npm,dependencies,root-workspace,runtime-prod,2025-12-01,FALSE,plugins/scalprum-backend/package.json,
OK,2,low,2,rhdh-core,scalprum-backend,,msw,1.3.5,npm,devDependencies,root-workspace,build,2026-07-08,FALSE,plugins/scalprum-backend/package.json,
OK,2,low,2,rhdh-core,scalprum-backend,,prettier,3.8.4,npm,devDependencies,root-workspace,build,2026-07-21,FALSE,plugins/scalprum-backend/package.json,
OK,2,low,2,rhdh-core,scalprum-backend,,supertest,6.3.4,npm,devDependencies,root-workspace,build,2026-01-06,FALSE,plugins/scalprum-backend/package.json,
OK,2,low,2,rhdh-core,scalprum-backend,,typescript,5.9.3,npm,devDependencies,root-workspace,build,2026-07-08,FALSE,plugins/scalprum-backend/package.json,
OK,2,low,2,rhdh-core,scalprum-backend,,winston,3.14.2,npm,dependencies,root-workspace,runtime-prod,2025-12-07,FALSE,plugins/scalprum-backend/package.json,
OK,2,low,2,roadie-backstage-plugins,roadiehq-scaffolder-backend-module-http-request,generally-available,@backstage/backend-plugin-api,^1.4.4,npm,dependencies,overlays,runtime-prod,2026-08-18,FALSE,workspaces/roadie-backstage-plugins/metadata/roadiehq-scaffolder-backend-module-http-request.yaml,
OK,2,low,2,roadie-backstage-plugins,roadiehq-scaffolder-backend-module-http-request,generally-available,@backstage/backend-test-utils,^1.9.1,npm,devDependencies,overlays,test-only,2026-08-18,FALSE,workspaces/roadie-backstage-plugins/metadata/roadiehq-scaffolder-backend-module-http-request.yaml,
OK,2,low,2,roadie-backstage-plugins,roadiehq-scaffolder-backend-module-http-request,generally-available,@backstage/cli,^0.34.4,npm,devDependencies,overlays,build,2026-08-18,FALSE,workspaces/roadie-backstage-plugins/metadata/roadiehq-scaffolder-backend-module-http-request.yaml,
OK,2,low,2,roadie-backstage-plugins,roadiehq-scaffolder-backend-module-http-request,generally-available,@backstage/core-app-api,^1.19.1,npm,devDependencies,overlays,build,2026-08-18,FALSE,workspaces/roadie-backstage-plugins/metadata/roadiehq-scaffolder-backend-module-http-request.yaml,
OK,2,low,2,roadie-backstage-plugins,roadiehq-scaffolder-backend-module-http-request,generally-available,@backstage/core-plugin-api,^1.11.1,npm,dependencies,overlays,runtime-prod,2026-08-18,FALSE,workspaces/roadie-backstage-plugins/metadata/roadiehq-scaffolder-backend-module-http-request.yaml,
OK,2,low,2,roadie-backstage-plugins,roadiehq-scaffolder-backend-module-http-request,generally-available,@backstage/plugin-scaffolder-node,^0.12.0,npm,dependencies,overlays,runtime-prod,2026-08-18,FALSE,workspaces/roadie-backstage-plugins/metadata/roadiehq-scaffolder-backend-module-http-request.yaml,
OK,2,low,2,roadie-backstage-plugins,roadiehq-scaffolder-backend-module-http-request,generally-available,@roadiehq/scaffolder-backend-module-http-request,5.6.0,npm,dependencies,overlays,runtime-prod,2026-06-18,FALSE,workspaces/roadie-backstage-plugins/metadata/roadiehq-scaffolder-backend-module-http-request.yaml,
OK,2,low,2,roadie-backstage-plugins,roadiehq-scaffolder-backend-module-http-request,generally-available,winston,^3.2.1,npm,devDependencies,overlays,build,2025-12-07,FALSE,workspaces/roadie-backstage-plugins/metadata/roadiehq-scaffolder-backend-module-http-request.yaml,
OK,2,low,2,scaffolder-backend-module-kubernetes,backstage-community-plugin-scaffolder-backend-module-kubernetes,generally-available,@backstage-community/plugin-scaffolder-backend-module-kubernetes,2.19.0,npm,dependencies,overlays,runtime-prod,2026-08-03,FALSE,workspaces/scaffolder-backend-module-kubernetes/metadata/backstage-community-plugin-scaffolder-backend-module-kubernetes.yaml,
OK,2,low,2,scaffolder-backend-module-kubernetes,backstage-community-plugin-scaffolder-backend-module-kubernetes,generally-available,@backstage/backend-plugin-api,^1.9.2,npm,dependencies,overlays,runtime-prod,2026-08-18,FALSE,workspaces/scaffolder-backend-module-kubernetes/metadata/backstage-community-plugin-scaffolder-backend-module-kubernetes.yaml,
OK,2,low,2,scaffolder-backend-module-kubernetes,backstage-community-plugin-scaffolder-backend-module-kubernetes,generally-available,@backstage/catalog-client,^1.16.0,npm,dependencies,overlays,runtime-prod,2026-07-14,FALSE,workspaces/scaffolder-backend-module-kubernetes/metadata/backstage-community-plugin-scaffolder-backend-module-kubernetes.yaml,
OK,2,low,2,scaffolder-backend-module-kubernetes,backstage-community-plugin-scaffolder-backend-module-kubernetes,generally-available,@backstage/catalog-model,^1.9.0,npm,devDependencies,overlays,build,2026-08-18,FALSE,workspaces/scaffolder-backend-module-kubernetes/metadata/backstage-community-plugin-scaffolder-backend-module-kubernetes.yaml,
OK,2,low,2,scaffolder-backend-module-kubernetes,backstage-community-plugin-scaffolder-backend-module-kubernetes,generally-available,@backstage/cli,^0.36.3,npm,devDependencies,overlays,build,2026-08-18,FALSE,workspaces/scaffolder-backend-module-kubernetes/metadata/backstage-community-plugin-scaffolder-backend-module-kubernetes.yaml,
OK,2,low,2,scaffolder-backend-module-kubernetes,backstage-community-plugin-scaffolder-backend-module-kubernetes,generally-available,@backstage/plugin-scaffolder-node,^0.13.4,npm,dependencies,overlays,runtime-prod,2026-08-18,FALSE,workspaces/scaffolder-backend-module-kubernetes/metadata/backstage-community-plugin-scaffolder-backend-module-kubernetes.yaml,
OK,2,low,2,scaffolder-backend-module-kubernetes,backstage-community-plugin-scaffolder-backend-module-kubernetes,generally-available,@backstage/plugin-scaffolder-node-test-utils,^0.3.12,npm,devDependencies,overlays,test-only,2026-08-18,FALSE,workspaces/scaffolder-backend-module-kubernetes/metadata/backstage-community-plugin-scaffolder-backend-module-kubernetes.yaml,
OK,2,low,2,scaffolder-backend-module-kubernetes,backstage-community-plugin-scaffolder-backend-module-kubernetes,generally-available,@kubernetes/client-node,1.4.0,npm,dependencies,overlays,runtime-prod,2026-08-12,FALSE,workspaces/scaffolder-backend-module-kubernetes/metadata/backstage-community-plugin-scaffolder-backend-module-kubernetes.yaml,
OK,2,low,2,scaffolder-backend-module-kubernetes,backstage-community-plugin-scaffolder-backend-module-kubernetes,generally-available,msw,1.3.5,npm,devDependencies,overlays,build,2026-07-08,FALSE,workspaces/scaffolder-backend-module-kubernetes/metadata/backstage-community-plugin-scaffolder-backend-module-kubernetes.yaml,
OK,2,low,2,scaffolder-backend-module-kubernetes,backstage-community-plugin-scaffolder-backend-module-kubernetes,generally-available,yaml,^2.0.0,npm,dependencies,overlays,runtime-prod,2026-05-11,FALSE,workspaces/scaffolder-backend-module-kubernetes/metadata/backstage-community-plugin-scaffolder-backend-module-kubernetes.yaml,
OK,2,low,2,scaffolder-backend-module-regex,backstage-community-plugin-scaffolder-backend-module-regex,generally-available,@backstage-community/plugin-scaffolder-backend-module-regex,2.17.0,npm,dependencies,overlays,runtime-prod,2026-08-10,FALSE,workspaces/scaffolder-backend-module-regex/metadata/backstage-community-plugin-scaffolder-backend-module-regex.yaml,
OK,2,low,2,scaffolder-backend-module-regex,backstage-community-plugin-scaffolder-backend-module-regex,generally-available,@backstage/backend-plugin-api,^1.9.2,npm,dependencies,overlays,runtime-prod,2026-08-18,FALSE,workspaces/scaffolder-backend-module-regex/metadata/backstage-community-plugin-scaffolder-backend-module-regex.yaml,
OK,2,low,2,scaffolder-backend-module-regex,backstage-community-plugin-scaffolder-backend-module-regex,generally-available,@backstage/cli,^0.36.3,npm,devDependencies,overlays,build,2026-08-18,FALSE,workspaces/scaffolder-backend-module-regex/metadata/backstage-community-plugin-scaffolder-backend-module-regex.yaml,
OK,2,low,2,scaffolder-backend-module-regex,backstage-community-plugin-scaffolder-backend-module-regex,generally-available,@backstage/plugin-scaffolder-node,^0.13.4,npm,dependencies,overlays,runtime-prod,2026-08-18,FALSE,workspaces/scaffolder-backend-module-regex/metadata/backstage-community-plugin-scaffolder-backend-module-regex.yaml,
OK,2,low,2,scaffolder-backend-module-regex,backstage-community-plugin-scaffolder-backend-module-regex,generally-available,@backstage/plugin-scaffolder-node-test-utils,^0.3.12,npm,devDependencies,overlays,test-only,2026-08-18,FALSE,workspaces/scaffolder-backend-module-regex/metadata/backstage-community-plugin-scaffolder-backend-module-regex.yaml,
OK,2,low,2,scaffolder-backend-module-regex,backstage-community-plugin-scaffolder-backend-module-regex,generally-available,yaml,^2.3.3,npm,dependencies,overlays,runtime-prod,2026-05-11,FALSE,workspaces/scaffolder-backend-module-regex/metadata/backstage-community-plugin-scaffolder-backend-module-regex.yaml,
OK,2,low,2,scaffolder-relation-processor,bcp-ctlg-backend-mod-scaffolder-relation-processor,tech-preview,@backstage-community/plugin-catalog-backend-module-scaffolder-relation-processor,2.15.0,npm,dependencies,overlays,runtime-prod,2026-08-07,FALSE,workspaces/scaffolder-relation-processor/metadata/bcp-ctlg-backend-mod-scaffolder-relation-processor.yaml,
OK,2,low,2,scaffolder-relation-processor,bcp-ctlg-backend-mod-scaffolder-relation-processor,tech-preview,@backstage/backend-plugin-api,^1.9.2,npm,dependencies,overlays,runtime-prod,2026-08-18,FALSE,workspaces/scaffolder-relation-processor/metadata/bcp-ctlg-backend-mod-scaffolder-relation-processor.yaml,
OK,2,low,2,scaffolder-relation-processor,bcp-ctlg-backend-mod-scaffolder-relation-processor,tech-preview,@backstage/backend-test-utils,^1.11.4,npm,devDependencies,overlays,test-only,2026-08-18,FALSE,workspaces/scaffolder-relation-processor/metadata/bcp-ctlg-backend-mod-scaffolder-relation-processor.yaml,
OK,2,low,2,scaffolder-relation-processor,bcp-ctlg-backend-mod-scaffolder-relation-processor,tech-preview,@backstage/catalog-client,^1.16.0,npm,dependencies,overlays,runtime-prod,2026-07-14,FALSE,workspaces/scaffolder-relation-processor/metadata/bcp-ctlg-backend-mod-scaffolder-relation-processor.yaml,
OK,2,low,2,scaffolder-relation-processor,bcp-ctlg-backend-mod-scaffolder-relation-processor,tech-preview,@backstage/catalog-model,^1.9.0,npm,dependencies,overlays,runtime-prod,2026-08-18,FALSE,workspaces/scaffolder-relation-processor/metadata/bcp-ctlg-backend-mod-scaffolder-relation-processor.yaml,
OK,2,low,2,scaffolder-relation-processor,bcp-ctlg-backend-mod-scaffolder-relation-processor,tech-preview,@backstage/cli,^0.36.3,npm,devDependencies,overlays,build,2026-08-18,FALSE,workspaces/scaffolder-relation-processor/metadata/bcp-ctlg-backend-mod-scaffolder-relation-processor.yaml,
OK,2,low,2,scaffolder-relation-processor,bcp-ctlg-backend-mod-scaffolder-relation-processor,tech-preview,@backstage/config,^1.3.8,npm,devDependencies,overlays,build,2026-05-19,FALSE,workspaces/scaffolder-relation-processor/metadata/bcp-ctlg-backend-mod-scaffolder-relation-processor.yaml,
OK,2,low,2,scaffolder-relation-processor,bcp-ctlg-backend-mod-scaffolder-relation-processor,tech-preview,@backstage/integration,^2.0.3,npm,dependencies,overlays,runtime-prod,2026-08-18,FALSE,workspaces/scaffolder-relation-processor/metadata/bcp-ctlg-backend-mod-scaffolder-relation-processor.yaml,
OK,2,low,2,scaffolder-relation-processor,bcp-ctlg-backend-mod-scaffolder-relation-processor,tech-preview,@backstage/plugin-catalog-common,^1.1.10,npm,devDependencies,overlays,build,2026-05-19,FALSE,workspaces/scaffolder-relation-processor/metadata/bcp-ctlg-backend-mod-scaffolder-relation-processor.yaml,
OK,2,low,2,scaffolder-relation-processor,bcp-ctlg-backend-mod-scaffolder-relation-processor,tech-preview,@backstage/plugin-catalog-node,^2.2.2,npm,dependencies,overlays,runtime-prod,2026-08-18,FALSE,workspaces/scaffolder-relation-processor/metadata/bcp-ctlg-backend-mod-scaffolder-relation-processor.yaml,
OK,2,low,2,scaffolder-relation-processor,bcp-ctlg-backend-mod-scaffolder-relation-processor,tech-preview,@backstage/plugin-events-node,^0.4.23,npm,dependencies,overlays,runtime-prod,2026-08-18,FALSE,workspaces/scaffolder-relation-processor/metadata/bcp-ctlg-backend-mod-scaffolder-relation-processor.yaml,
OK,2,low,2,scaffolder-relation-processor,bcp-ctlg-backend-mod-scaffolder-relation-processor,tech-preview,@backstage/plugin-notifications-common,^0.2.3,npm,dependencies,overlays,runtime-prod,2026-05-19,FALSE,workspaces/scaffolder-relation-processor/metadata/bcp-ctlg-backend-mod-scaffolder-relation-processor.yaml,
OK,2,low,2,scaffolder-relation-processor,bcp-ctlg-backend-mod-scaffolder-relation-processor,tech-preview,@backstage/plugin-notifications-node,^0.2.27,npm,dependencies,overlays,runtime-prod,2026-08-18,FALSE,workspaces/scaffolder-relation-processor/metadata/bcp-ctlg-backend-mod-scaffolder-relation-processor.yaml,
OK,2,low,2,scaffolder-relation-processor,bcp-ctlg-backend-mod-scaffolder-relation-processor,tech-preview,@gitbeaker/rest,^43.0.0,npm,dependencies,overlays,runtime-prod,2025-11-01,FALSE,workspaces/scaffolder-relation-processor/metadata/bcp-ctlg-backend-mod-scaffolder-relation-processor.yaml,
OK,2,low,2,scaffolder-relation-processor,bcp-ctlg-backend-mod-scaffolder-relation-processor,tech-preview,@octokit/core,^6.0.0,npm,dependencies,overlays,runtime-prod,2026-08-01,FALSE,workspaces/scaffolder-relation-processor/metadata/bcp-ctlg-backend-mod-scaffolder-relation-processor.yaml,
OK,2,low,2,scaffolder-relation-processor,bcp-ctlg-backend-mod-scaffolder-relation-processor,tech-preview,git-url-parse,^16.1.0,npm,dependencies,overlays,runtime-prod,2025-04-15,FALSE,workspaces/scaffolder-relation-processor/metadata/bcp-ctlg-backend-mod-scaffolder-relation-processor.yaml,
OK,2,low,2,scaffolder-relation-processor,bcp-ctlg-backend-mod-scaffolder-relation-processor,tech-preview,octokit-plugin-create-pull-request,^6.0.1,npm,dependencies,overlays,runtime-prod,2025-04-14,FALSE,workspaces/scaffolder-relation-processor/metadata/bcp-ctlg-backend-mod-scaffolder-relation-processor.yaml,
OK,2,low,2,tech-radar,backstage-community-plugin-tech-radar,generally-available,@backstage-community/plugin-tech-radar,1.20.0,npm,dependencies,overlays,runtime-prod,2026-07-22,FALSE,workspaces/tech-radar/metadata/backstage-community-plugin-tech-radar.yaml,
OK,2,low,2,tech-radar,backstage-community-plugin-tech-radar,generally-available,@backstage-community/plugin-tech-radar-common,^1.19.0,npm,dependencies,overlays,runtime-prod,2026-07-22,FALSE,workspaces/tech-radar/metadata/backstage-community-plugin-tech-radar.yaml,
OK,2,low,2,tech-radar,backstage-community-plugin-tech-radar,generally-available,@backstage/cli,^0.36.3,npm,devDependencies,overlays,build,2026-08-18,FALSE,workspaces/tech-radar/metadata/backstage-community-plugin-tech-radar.yaml,
OK,2,low,2,tech-radar,backstage-community-plugin-tech-radar,generally-available,@backstage/core-compat-api,^0.5.12,npm,dependencies,overlays,runtime-prod,2026-08-18,FALSE,workspaces/tech-radar/metadata/backstage-community-plugin-tech-radar.yaml,
OK,2,low,2,tech-radar,backstage-community-plugin-tech-radar,generally-available,@backstage/core-components,^0.18.11,npm,dependencies,overlays,runtime-prod,2026-08-18,FALSE,workspaces/tech-radar/metadata/backstage-community-plugin-tech-radar.yaml,
OK,2,low,2,tech-radar,backstage-community-plugin-tech-radar,generally-available,@backstage/core-plugin-api,^1.12.7,npm,dependencies,overlays,runtime-prod,2026-08-18,FALSE,workspaces/tech-radar/metadata/backstage-community-plugin-tech-radar.yaml,
OK,2,low,2,tech-radar,backstage-community-plugin-tech-radar,generally-available,@backstage/dev-utils,^1.1.24,npm,devDependencies,overlays,build,2026-08-18,FALSE,workspaces/tech-radar/metadata/backstage-community-plugin-tech-radar.yaml,
OK,2,low,2,tech-radar,backstage-community-plugin-tech-radar,generally-available,@backstage/frontend-plugin-api,^0.17.2,npm,dependencies,overlays,runtime-prod,2026-08-18,FALSE,workspaces/tech-radar/metadata/backstage-community-plugin-tech-radar.yaml,
OK,2,low,2,tech-radar,backstage-community-plugin-tech-radar,generally-available,@backstage/frontend-test-utils,^0.6.1,npm,devDependencies,overlays,test-only,2026-08-18,FALSE,workspaces/tech-radar/metadata/backstage-community-plugin-tech-radar.yaml,
OK,2,low,2,tech-radar,backstage-community-plugin-tech-radar,generally-available,@backstage/test-utils,^1.7.19,npm,devDependencies,overlays,test-only,2026-08-18,FALSE,workspaces/tech-radar/metadata/backstage-community-plugin-tech-radar.yaml,
OK,2,low,2,tech-radar,backstage-community-plugin-tech-radar,generally-available,@testing-library/dom,^10.0.0,npm,devDependencies,overlays,test-only,2025-07-27,FALSE,workspaces/tech-radar/metadata/backstage-community-plugin-tech-radar.yaml,
OK,2,low,2,tech-radar,backstage-community-plugin-tech-radar,generally-available,@testing-library/jest-dom,^6.0.0,npm,devDependencies,overlays,test-only,2026-08-09,FALSE,workspaces/tech-radar/metadata/backstage-community-plugin-tech-radar.yaml,
OK,2,low,2,tech-radar,backstage-community-plugin-tech-radar,generally-available,@testing-library/react,^15.0.0,npm,devDependencies,overlays,test-only,2026-01-19,FALSE,workspaces/tech-radar/metadata/backstage-community-plugin-tech-radar.yaml,
OK,2,low,2,tech-radar,backstage-community-plugin-tech-radar,generally-available,@testing-library/user-event,^14.0.0,npm,devDependencies,overlays,test-only,2026-08-22,FALSE,workspaces/tech-radar/metadata/backstage-community-plugin-tech-radar.yaml,
OK,2,low,2,tech-radar,backstage-community-plugin-tech-radar,generally-available,@types/color,^4.0.0,npm,devDependencies,overlays,test-only,2026-03-17,FALSE,workspaces/tech-radar/metadata/backstage-community-plugin-tech-radar.yaml,
OK,2,low,2,tech-radar,backstage-community-plugin-tech-radar,generally-available,@types/react,^16.13.1 || ^17.0.0 || ^18.0.0,npm,dependencies,overlays,test-only,2026-07-30,FALSE,workspaces/tech-radar/metadata/backstage-community-plugin-tech-radar.yaml,
OK,2,low,2,tech-radar,backstage-community-plugin-tech-radar,generally-available,@types/react-dom,^18.2.19,npm,devDependencies,overlays,test-only,2026-08-23,FALSE,workspaces/tech-radar/metadata/backstage-community-plugin-tech-radar.yaml,
OK,2,low,2,tech-radar,backstage-community-plugin-tech-radar,generally-available,color,^4.0.1,npm,dependencies,overlays,runtime-prod,2025-11-14,FALSE,workspaces/tech-radar/metadata/backstage-community-plugin-tech-radar.yaml,
OK,2,low,2,tech-radar,backstage-community-plugin-tech-radar,generally-available,react,^16.13.1 || ^17.0.0 || ^18.0.0,npm,devDependencies,overlays,build,2026-07-21,FALSE,workspaces/tech-radar/metadata/backstage-community-plugin-tech-radar.yaml,
OK,2,low,2,tech-radar,backstage-community-plugin-tech-radar,generally-available,react,^16.13.1 || ^17.0.0 || ^18.0.0,npm,peerDependencies,overlays,runtime-prod,2026-07-21,FALSE,workspaces/tech-radar/metadata/backstage-community-plugin-tech-radar.yaml,
OK,2,low,2,tech-radar,backstage-community-plugin-tech-radar,generally-available,react-dom,^16.13.1 || ^17.0.0 || ^18.0.0,npm,devDependencies,overlays,build,2026-07-21,FALSE,workspaces/tech-radar/metadata/backstage-community-plugin-tech-radar.yaml,
OK,2,low,2,tech-radar,backstage-community-plugin-tech-radar,generally-available,react-dom,^16.13.1 || ^17.0.0 || ^18.0.0,npm,peerDependencies,overlays,runtime-prod,2026-07-21,FALSE,workspaces/tech-radar/metadata/backstage-community-plugin-tech-radar.yaml,
OK,2,low,2,tech-radar,backstage-community-plugin-tech-radar,generally-available,react-router-dom,6.0.0-beta.0 || ^6.3.0,npm,devDependencies,overlays,build,2026-07-28,FALSE,workspaces/tech-radar/metadata/backstage-community-plugin-tech-radar.yaml,
OK,2,low,2,tech-radar,backstage-community-plugin-tech-radar,generally-available,react-router-dom,6.0.0-beta.0 || ^6.3.0,npm,peerDependencies,overlays,runtime-prod,2026-07-28,FALSE,workspaces/tech-radar/metadata/backstage-community-plugin-tech-radar.yaml,
OK,2,low,2,tech-radar,backstage-community-plugin-tech-radar,generally-available,react-use,^17.2.4,npm,dependencies,overlays,runtime-prod,2026-06-10,FALSE,workspaces/tech-radar/metadata/backstage-community-plugin-tech-radar.yaml,
OK,2,low,2,tech-radar,backstage-community-plugin-tech-radar-backend,generally-available,@backstage-community/plugin-tech-radar-backend,1.19.0,npm,dependencies,overlays,runtime-prod,2026-07-22,FALSE,workspaces/tech-radar/metadata/backstage-community-plugin-tech-radar-backend.yaml,
OK,2,low,2,tech-radar,backstage-community-plugin-tech-radar-backend,generally-available,@backstage-community/plugin-tech-radar-common,^1.19.0,npm,dependencies,overlays,runtime-prod,2026-07-22,FALSE,workspaces/tech-radar/metadata/backstage-community-plugin-tech-radar-backend.yaml,
OK,2,low,2,tech-radar,backstage-community-plugin-tech-radar-backend,generally-available,@backstage/backend-defaults,^0.17.3,npm,dependencies,overlays,runtime-prod,2026-08-18,FALSE,workspaces/tech-radar/metadata/backstage-community-plugin-tech-radar-backend.yaml,
OK,2,low,2,tech-radar,backstage-community-plugin-tech-radar-backend,generally-available,@backstage/backend-plugin-api,^1.9.2,npm,dependencies,overlays,runtime-prod,2026-08-18,FALSE,workspaces/tech-radar/metadata/backstage-community-plugin-tech-radar-backend.yaml,
OK,2,low,2,tech-radar,backstage-community-plugin-tech-radar-backend,generally-available,@backstage/backend-test-utils,^1.11.4,npm,devDependencies,overlays,test-only,2026-08-18,FALSE,workspaces/tech-radar/metadata/backstage-community-plugin-tech-radar-backend.yaml,
OK,2,low,2,tech-radar,backstage-community-plugin-tech-radar-backend,generally-available,@backstage/cli,^0.36.3,npm,devDependencies,overlays,build,2026-08-18,FALSE,workspaces/tech-radar/metadata/backstage-community-plugin-tech-radar-backend.yaml,
OK,2,low,2,tech-radar,backstage-community-plugin-tech-radar-backend,generally-available,@backstage/config,^1.3.8,npm,dependencies,overlays,runtime-prod,2026-05-19,FALSE,workspaces/tech-radar/metadata/backstage-community-plugin-tech-radar-backend.yaml,
OK,2,low,2,tech-radar,backstage-community-plugin-tech-radar-backend,generally-available,@backstage/plugin-auth-backend,^0.29.1,npm,devDependencies,overlays,build,2026-08-18,FALSE,workspaces/tech-radar/metadata/backstage-community-plugin-tech-radar-backend.yaml,
OK,2,low,2,tech-radar,backstage-community-plugin-tech-radar-backend,generally-available,@backstage/plugin-auth-backend-module-guest-provider,^0.2.20,npm,devDependencies,overlays,build,2026-08-18,FALSE,workspaces/tech-radar/metadata/backstage-community-plugin-tech-radar-backend.yaml,
OK,2,low,2,tech-radar,backstage-community-plugin-tech-radar-backend,generally-available,@types/express,*,npm,devDependencies,overlays,test-only,2025-12-01,FALSE,workspaces/tech-radar/metadata/backstage-community-plugin-tech-radar-backend.yaml,
OK,2,low,2,tech-radar,backstage-community-plugin-tech-radar-backend,generally-available,@types/supertest,^7.0.0,npm,devDependencies,overlays,test-only,2026-07-14,FALSE,workspaces/tech-radar/metadata/backstage-community-plugin-tech-radar-backend.yaml,
OK,2,low,2,tech-radar,backstage-community-plugin-tech-radar-backend,generally-available,express,^4.17.1,npm,dependencies,overlays,runtime-prod,2025-12-01,FALSE,workspaces/tech-radar/metadata/backstage-community-plugin-tech-radar-backend.yaml,
OK,2,low,2,tech-radar,backstage-community-plugin-tech-radar-backend,generally-available,msw,^2.3.1,npm,devDependencies,overlays,build,2026-07-08,FALSE,workspaces/tech-radar/metadata/backstage-community-plugin-tech-radar-backend.yaml,
OK,2,low,2,tech-radar,backstage-community-plugin-tech-radar-backend,generally-available,supertest,^7.0.0,npm,devDependencies,overlays,build,2026-01-06,FALSE,workspaces/tech-radar/metadata/backstage-community-plugin-tech-radar-backend.yaml,
OK,2,low,2,tech-radar,backstage-community-plugin-tech-radar-backend,generally-available,zod,^3.20.0,npm,dependencies,overlays,runtime-prod,2026-05-04,FALSE,workspaces/tech-radar/metadata/backstage-community-plugin-tech-radar-backend.yaml,
OK,2,low,2,topology,backstage-community-plugin-topology,generally-available,@axe-core/playwright,^4.11.0,npm,devDependencies,overlays,build,2026-08-11,FALSE,workspaces/topology/metadata/backstage-community-plugin-topology.yaml,
OK,2,low,2,topology,backstage-community-plugin-topology,generally-available,@backstage-community/plugin-tekton-react,^0.7.0,npm,dependencies,overlays,runtime-prod,2026-07-21,FALSE,workspaces/topology/metadata/backstage-community-plugin-topology.yaml,
OK,2,low,2,topology,backstage-community-plugin-topology,generally-available,@backstage-community/plugin-topology,2.16.0,npm,dependencies,overlays,runtime-prod,2026-07-30,FALSE,workspaces/topology/metadata/backstage-community-plugin-topology.yaml,
OK,2,low,2,topology,backstage-community-plugin-topology,generally-available,@backstage/catalog-client,^1.14.0,npm,devDependencies,overlays,build,2026-07-14,FALSE,workspaces/topology/metadata/backstage-community-plugin-topology.yaml,
OK,2,low,2,topology,backstage-community-plugin-topology,generally-available,@backstage/catalog-model,^1.9.0,npm,dependencies,overlays,runtime-prod,2026-08-18,FALSE,workspaces/topology/metadata/backstage-community-plugin-topology.yaml,
OK,2,low,2,topology,backstage-community-plugin-topology,generally-available,@backstage/cli,^0.36.3,npm,devDependencies,overlays,build,2026-08-18,FALSE,workspaces/topology/metadata/backstage-community-plugin-topology.yaml,
OK,2,low,2,topology,backstage-community-plugin-topology,generally-available,@backstage/core-compat-api,^0.5.9,npm,dependencies,overlays,runtime-prod,2026-08-18,FALSE,workspaces/topology/metadata/backstage-community-plugin-topology.yaml,
OK,2,low,2,topology,backstage-community-plugin-topology,generally-available,@backstage/core-components,^0.18.11,npm,dependencies,overlays,runtime-prod,2026-08-18,FALSE,workspaces/topology/metadata/backstage-community-plugin-topology.yaml,
OK,2,low,2,topology,backstage-community-plugin-topology,generally-available,@backstage/core-plugin-api,^1.12.7,npm,dependencies,overlays,runtime-prod,2026-08-18,FALSE,workspaces/topology/metadata/backstage-community-plugin-topology.yaml,
OK,2,low,2,topology,backstage-community-plugin-topology,generally-available,@backstage/dev-utils,^1.1.24,npm,devDependencies,overlays,build,2026-08-18,FALSE,workspaces/topology/metadata/backstage-community-plugin-topology.yaml,
OK,2,low,2,topology,backstage-community-plugin-topology,generally-available,@backstage/errors,^1.2.7,npm,dependencies,overlays,runtime-prod,2026-05-19,FALSE,workspaces/topology/metadata/backstage-community-plugin-topology.yaml,
OK,2,low,2,topology,backstage-community-plugin-topology,generally-available,@backstage/filter-predicates,^0.1.1,npm,dependencies,overlays,runtime-prod,2026-07-14,FALSE,workspaces/topology/metadata/backstage-community-plugin-topology.yaml,
OK,2,low,2,topology,backstage-community-plugin-topology,generally-available,@backstage/frontend-defaults,^0.5.1,npm,devDependencies,overlays,build,2026-08-18,FALSE,workspaces/topology/metadata/backstage-community-plugin-topology.yaml,
OK,2,low,2,topology,backstage-community-plugin-topology,generally-available,@backstage/frontend-plugin-api,^0.16.0,npm,dependencies,overlays,runtime-prod,2026-08-18,FALSE,workspaces/topology/metadata/backstage-community-plugin-topology.yaml,
OK,2,low,2,topology,backstage-community-plugin-topology,generally-available,@backstage/plugin-app-react,^0.2.1,npm,dependencies,overlays,runtime-prod,2026-08-18,FALSE,workspaces/topology/metadata/backstage-community-plugin-topology.yaml,
OK,2,low,2,topology,backstage-community-plugin-topology,generally-available,@backstage/plugin-catalog,^2.0.1,npm,dependencies,overlays,runtime-prod,2026-08-18,FALSE,workspaces/topology/metadata/backstage-community-plugin-topology.yaml,
OK,2,low,2,topology,backstage-community-plugin-topology,generally-available,@backstage/plugin-catalog,^2.0.1,npm,devDependencies,overlays,build,2026-08-18,FALSE,workspaces/topology/metadata/backstage-community-plugin-topology.yaml,
OK,2,low,2,topology,backstage-community-plugin-topology,generally-available,@backstage/plugin-catalog-react,^3.1.0,npm,dependencies,overlays,runtime-prod,2026-08-25,FALSE,workspaces/topology/metadata/backstage-community-plugin-topology.yaml,
OK,2,low,2,topology,backstage-community-plugin-topology,generally-available,@backstage/plugin-kubernetes,^0.12.17,npm,dependencies,overlays,runtime-prod,2026-08-18,FALSE,workspaces/topology/metadata/backstage-community-plugin-topology.yaml,
OK,2,low,2,topology,backstage-community-plugin-topology,generally-available,@backstage/plugin-kubernetes-common,^0.9.12,npm,dependencies,overlays,runtime-prod,2026-05-19,FALSE,workspaces/topology/metadata/backstage-community-plugin-topology.yaml,
OK,2,low,2,topology,backstage-community-plugin-topology,generally-available,@backstage/plugin-kubernetes-react,^0.5.20,npm,dependencies,overlays,runtime-prod,2026-08-18,FALSE,workspaces/topology/metadata/backstage-community-plugin-topology.yaml,
OK,2,low,2,topology,backstage-community-plugin-topology,generally-available,@backstage/plugin-permission-common,^0.9.9,npm,dependencies,overlays,runtime-prod,2026-08-18,FALSE,workspaces/topology/metadata/backstage-community-plugin-topology.yaml,
OK,2,low,2,topology,backstage-community-plugin-topology,generally-available,@backstage/plugin-permission-react,^0.5.2,npm,dependencies,overlays,runtime-prod,2026-08-18,FALSE,workspaces/topology/metadata/backstage-community-plugin-topology.yaml,
OK,2,low,2,topology,backstage-community-plugin-topology,generally-available,@backstage/plugin-user-settings,^0.9.1,npm,dependencies,overlays,runtime-prod,2026-08-18,FALSE,workspaces/topology/metadata/backstage-community-plugin-topology.yaml,
OK,2,low,2,topology,backstage-community-plugin-topology,generally-available,@backstage/test-utils,^1.7.19,npm,devDependencies,overlays,test-only,2026-08-18,FALSE,workspaces/topology/metadata/backstage-community-plugin-topology.yaml,
OK,2,low,2,topology,backstage-community-plugin-topology,generally-available,@backstage/theme,^0.7.3,npm,dependencies,overlays,runtime-prod,2026-04-14,FALSE,workspaces/topology/metadata/backstage-community-plugin-topology.yaml,
OK,2,low,2,topology,backstage-community-plugin-topology,generally-available,@backstage/ui,^0.13.2,npm,devDependencies,overlays,build,2026-08-18,FALSE,workspaces/topology/metadata/backstage-community-plugin-topology.yaml,
OK,2,low,2,topology,backstage-community-plugin-topology,generally-available,@backstage/ui,^0.16.0,npm,dependencies,overlays,runtime-prod,2026-08-18,FALSE,workspaces/topology/metadata/backstage-community-plugin-topology.yaml,
OK,2,low,2,topology,backstage-community-plugin-topology,generally-available,@kubernetes/client-node,1.4.0,npm,dependencies,overlays,runtime-prod,2026-08-12,FALSE,workspaces/topology/metadata/backstage-community-plugin-topology.yaml,
OK,2,low,2,topology,backstage-community-plugin-topology,generally-available,@patternfly/patternfly,^6.1.0,npm,dependencies,overlays,runtime-prod,2026-07-28,FALSE,workspaces/topology/metadata/backstage-community-plugin-topology.yaml,
OK,2,low,2,topology,backstage-community-plugin-topology,generally-available,@patternfly/react-charts,^8.1.0,npm,dependencies,overlays,runtime-prod,2026-08-03,FALSE,workspaces/topology/metadata/backstage-community-plugin-topology.yaml,
OK,2,low,2,topology,backstage-community-plugin-topology,generally-available,@patternfly/react-core,^6.1.0,npm,dependencies,overlays,runtime-prod,2026-08-03,FALSE,workspaces/topology/metadata/backstage-community-plugin-topology.yaml,
OK,2,low,2,topology,backstage-community-plugin-topology,generally-available,@patternfly/react-tokens,^6.1.0,npm,dependencies,overlays,runtime-prod,2026-08-03,FALSE,workspaces/topology/metadata/backstage-community-plugin-topology.yaml,
OK,2,low,2,topology,backstage-community-plugin-topology,generally-available,@patternfly/react-topology,^6.1.0,npm,dependencies,overlays,runtime-prod,2026-07-01,FALSE,workspaces/topology/metadata/backstage-community-plugin-topology.yaml,
OK,2,low,2,topology,backstage-community-plugin-topology,generally-available,@playwright/test,1.61.1,npm,devDependencies,overlays,build,2026-07-30,FALSE,workspaces/topology/metadata/backstage-community-plugin-topology.yaml,
OK,2,low,2,topology,backstage-community-plugin-topology,generally-available,@remixicon/react,^4.2.0,npm,dependencies,overlays,runtime-prod,2026-01-29,FALSE,workspaces/topology/metadata/backstage-community-plugin-topology.yaml,
OK,2,low,2,topology,backstage-community-plugin-topology,generally-available,@testing-library/dom,^10.0.0,npm,devDependencies,overlays,test-only,2025-07-27,FALSE,workspaces/topology/metadata/backstage-community-plugin-topology.yaml,
OK,2,low,2,topology,backstage-community-plugin-topology,generally-available,@testing-library/jest-dom,^6.0.0,npm,devDependencies,overlays,test-only,2026-08-09,FALSE,workspaces/topology/metadata/backstage-community-plugin-topology.yaml,
OK,2,low,2,topology,backstage-community-plugin-topology,generally-available,@testing-library/react,^16.0.0,npm,devDependencies,overlays,test-only,2026-01-19,FALSE,workspaces/topology/metadata/backstage-community-plugin-topology.yaml,
OK,2,low,2,topology,backstage-community-plugin-topology,generally-available,@types/react,^16.13.1 || ^17.0.0 || ^18.0.0,npm,dependencies,overlays,test-only,2026-07-30,FALSE,workspaces/topology/metadata/backstage-community-plugin-topology.yaml,
OK,2,low,2,topology,backstage-community-plugin-topology,generally-available,@types/react,^18.3.11,npm,devDependencies,overlays,test-only,2026-07-30,FALSE,workspaces/topology/metadata/backstage-community-plugin-topology.yaml,
OK,2,low,2,topology,backstage-community-plugin-topology,generally-available,@types/react-dom,^18,npm,devDependencies,overlays,test-only,2026-08-23,FALSE,workspaces/topology/metadata/backstage-community-plugin-topology.yaml,
OK,2,low,2,topology,backstage-community-plugin-topology,generally-available,git-url-parse,^13.1.0,npm,dependencies,overlays,runtime-prod,2025-04-15,FALSE,workspaces/topology/metadata/backstage-community-plugin-topology.yaml,
OK,2,low,2,topology,backstage-community-plugin-topology,generally-available,glob,^13.0.0,npm,devDependencies,overlays,build,2026-02-19,FALSE,workspaces/topology/metadata/backstage-community-plugin-topology.yaml,
OK,2,low,2,topology,backstage-community-plugin-topology,generally-available,js-yaml,^4.1.0,npm,dependencies,overlays,runtime-prod,2026-08-25,FALSE,workspaces/topology/metadata/backstage-community-plugin-topology.yaml,
OK,2,low,2,topology,backstage-community-plugin-topology,generally-available,lodash,^4.17.21,npm,dependencies,overlays,runtime-prod,2026-04-01,FALSE,workspaces/topology/metadata/backstage-community-plugin-topology.yaml,
OK,2,low,2,topology,backstage-community-plugin-topology,generally-available,mobx-react,^7.6.0,npm,dependencies,overlays,runtime-prod,2026-08-19,FALSE,workspaces/topology/metadata/backstage-community-plugin-topology.yaml,
OK,2,low,2,topology,backstage-community-plugin-topology,generally-available,react,^16.13.1 || ^17.0.0 || ^18.0.0,npm,peerDependencies,overlays,runtime-prod,2026-07-21,FALSE,workspaces/topology/metadata/backstage-community-plugin-topology.yaml,
OK,2,low,2,topology,backstage-community-plugin-topology,generally-available,react,^18.3.1,npm,devDependencies,overlays,build,2026-07-21,FALSE,workspaces/topology/metadata/backstage-community-plugin-topology.yaml,
OK,2,low,2,topology,backstage-community-plugin-topology,generally-available,react-aria-components,~1.17.0,npm,devDependencies,overlays,build,2026-07-31,FALSE,workspaces/topology/metadata/backstage-community-plugin-topology.yaml,
OK,2,low,2,topology,backstage-community-plugin-topology,generally-available,react-dom,^16.13.1 || ^17.0.0 || ^18.0.0,npm,peerDependencies,overlays,runtime-prod,2026-07-21,FALSE,workspaces/topology/metadata/backstage-community-plugin-topology.yaml,
OK,2,low,2,topology,backstage-community-plugin-topology,generally-available,react-dom,^18.3.1,npm,devDependencies,overlays,build,2026-07-21,FALSE,workspaces/topology/metadata/backstage-community-plugin-topology.yaml,
OK,2,low,2,topology,backstage-community-plugin-topology,generally-available,react-router-dom,^6.0.0,npm,peerDependencies,overlays,runtime-prod,2026-07-28,FALSE,workspaces/topology/metadata/backstage-community-plugin-topology.yaml,
OK,2,low,2,topology,backstage-community-plugin-topology,generally-available,react-router-dom,^6.26.2,npm,devDependencies,overlays,build,2026-07-28,FALSE,workspaces/topology/metadata/backstage-community-plugin-topology.yaml,
OK,2,low,2,topology,backstage-community-plugin-topology,generally-available,react-use,^17.4.0,npm,dependencies,overlays,runtime-prod,2026-06-10,FALSE,workspaces/topology/metadata/backstage-community-plugin-topology.yaml,
